"AVGMZ","MINMZ","MAXMZ","RT","MINRT","MAXRT","SUMINTENSITY","MAXINTENSITY","MEASUREMENTID","GROUPID","GROUPSETSINDEX"
247.166722710413,247.166412353516,247.167007446289,698.310485839844,688.269592285156,711.535766601562,1739276687.53906,507320128,1,1,1
124.087245367406,124.087066650391,124.08740234375,698.310485839844,683.967346191406,716.69873046875,1298505013.25,328010304,1,2,1
230.140223068131,230.139984130859,230.140396118164,698.310485839844,690.501953125,708.916625976562,841471649.84375,168406912,1,3,1
248.170609953084,248.169448852539,248.171249389648,698.310485839844,691.452941894531,708.916625976562,195568010.90625,62126772,1,4,1
165.113675810168,165.113479614258,165.113845825195,698.310485839844,688.269592285156,711.535766601562,231480804.796875,53621868,1,5,1
118.12301267934,118.122848510742,118.123161315918,698.310485839844,688.269592285156,711.535766601562,117602567.476562,30830348,1,6,1
101.07150463251,101.071350097656,101.071578979492,698.310485839844,692.081970214844,705.570739746094,197822762.9375,30800796,1,7,1
102.128244396136,102.128082275391,102.128372192383,698.310485839844,683.65234375,716.69873046875,85515644.1171875,23914124,1,8,1
125.090454968677,125.089996337891,125.090950012207,698.310485839844,683.967346191406,716.69873046875,84161116.7304688,22129482,1,9,1
231.144034213166,231.143539428711,231.144882202148,698.310485839844,690.501953125,708.916625976562,101833761.542969,20914290,1,10,1
226.951649338771,226.951522827148,226.952392578125,698.310485839844,694.350341796875,702.670288085938,34746467.4238281,18159000,1,11,1
110.07171263698,110.07154083252,110.071807861328,698.310485839844,690.501953125,709.276733398438,50295261.3242188,11350533,1,12,1
206.140160246821,206.139434814453,206.140579223633,698.310485839844,693.789123535156,704.84619140625,24645630.3618164,7505783.5,1,13,1
130.159231823014,130.159057617188,130.15934753418,698.310485839844,694.350341796875,703.394775390625,29509426.546875,6064445,1,14,1
164.128320661498,164.128128051758,164.128646850586,698.310485839844,693.02783203125,706.742004394531,25372652.2736816,5688197.5,1,15,1
158.964188643362,158.963562011719,158.964508056641,698.310485839844,694.350341796875,702.670288085938,9994871.35253906,4809155,1,16,1
166.11696440057,166.116256713867,166.117141723633,698.310485839844,688.269592285156,711.535766601562,19174579.8203125,4629591,1,17,1
249.174438580976,249.172241210938,249.17497253418,698.310485839844,697.590698242188,705.570739746094,11127302.5507812,3681844.5,1,18,1
148.086942063208,148.086441040039,148.087432861328,698.310485839844,688.269592285156,711.535766601562,13374901.9814453,3450348.25,1,19,1
104.107511639925,104.107345581055,104.107696533203,698.310485839844,689.502746582031,710.366333007812,12561586.6894531,3355417,1,20,1
242.925612341575,242.925399780273,242.925689697266,698.310485839844,697.963623046875,699.351257324219,6702832.25,3281273.75,1,21,1
140.068277117258,140.068023681641,140.068557739258,698.310485839844,690.501953125,708.916625976562,11117057.6323242,3198786.75,1,22,1
265.177392985502,265.176940917969,265.178131103516,698.310485839844,697.590698242188,709.639526367188,11416039.9755859,3182965.5,1,23,1
271.166788127356,271.166320800781,271.167205810547,698.310485839844,694.724243164062,703.757446289062,14107736.9296875,3115807.25,1,24,1
189.113707762453,189.113357543945,189.113998413086,698.310485839844,692.71875,706.742004394531,15947605.2714844,3101592.5,1,25,1
272.150620307076,272.149963378906,272.150909423828,698.310485839844,694.724243164062,703.757446289062,13682939.9453125,2748429.25,1,26,1
213.113588739312,213.11262512207,213.113876342773,698.310485839844,688.269592285156,709.276733398438,13207308.7363281,2542664.75,1,27,1
207.124233825524,207.123962402344,207.124404907227,698.310485839844,694.724243164062,703.394775390625,15145296.234375,2435363,1,28,1
178.122812427603,178.122497558594,178.123229980469,698.310485839844,690.501953125,709.639526367188,11557204.2890625,2389990.5,1,29,1
144.113370261921,144.113159179688,144.113616943359,698.310485839844,693.789123535156,704.84619140625,8712760.50830078,2381575.25,1,30,1
330.203682102565,330.203155517578,330.20458984375,698.310485839844,697.590698242188,703.394775390625,8552333.13476562,2379711.5,1,31,1
217.104886374851,217.104629516602,217.106109619141,698.310485839844,694.724243164062,703.394775390625,8092531.14257812,2272807.75,1,32,1
138.102812581637,138.102600097656,138.103240966797,698.310485839844,692.395751953125,706.017333984375,7657566.50976562,2163683.5,1,33,1
107.06070778199,107.060317993164,107.061111450195,698.310485839844,688.269592285156,710.366333007812,8121491.03173828,2092851.75,1,34,1
130.097672857998,130.097473144531,130.097869873047,698.310485839844,694.108520507812,708.191101074219,9480047.09814453,2077290.5,1,35,1
119.126268020196,119.126106262207,119.126579284668,698.310485839844,687.648986816406,711.173461914062,7537936.91699219,2046486.75,1,36,1
111.092149430018,111.091979980469,111.092292785645,698.310485839844,692.395751953125,706.017333984375,7714843.13085938,2044468.625,1,37,1
162.112590973952,162.112426757812,162.112747192383,698.310485839844,697.963623046875,708.191101074219,9578863.1796875,2018777,1,38,1
319.167004316674,319.166381835938,319.167541503906,698.310485839844,694.724243164062,703.032470703125,6998950.80078125,1749977.25,1,39,1
313.1772707989,313.177032470703,313.178588867188,698.310485839844,694.350341796875,706.379760742188,8403192.36328125,1742384.375,1,40,1
103.131645561772,103.131469726562,103.131813049316,698.310485839844,691.452941894531,707.104248046875,5379811.28125,1726848.75,1,41,1
225.134936111845,225.134719848633,225.135101318359,698.310485839844,697.590698242188,703.757446289062,9847527.6796875,1702713.125,1,42,1
100.112685320522,100.112518310547,100.112823486328,698.310485839844,690.501953125,708.916625976562,8513475.734375,1661066.375,1,43,1
178.143842453264,178.143249511719,178.144195556641,698.310485839844,697.590698242188,708.916625976562,5950067.99365234,1625717.625,1,44,1
163.098009331309,163.097640991211,163.098403930664,698.310485839844,688.269592285156,711.173461914062,8374827.3359375,1528579.75,1,45,1
127.086925864742,127.08666229248,127.087287902832,698.310485839844,691.131591796875,709.276733398438,7575549.95605469,1513906.75,1,46,1
102.074841273094,102.07470703125,102.07495880127,698.310485839844,694.350341796875,703.394775390625,8782004.8515625,1509765.25,1,47,1
261.131337849685,261.130462646484,261.132507324219,698.310485839844,694.724243164062,703.032470703125,4122057.28076172,1458705,1,48,1
244.15607668763,244.154495239258,244.156753540039,698.310485839844,690.826110839844,706.379760742188,6821047.58349609,1453163.125,1,49,1
109.076523273323,109.076393127441,109.076812744141,698.310485839844,690.501953125,708.916625976562,6428774.54003906,1432918.625,1,50,1
357.147387001186,357.146606445312,357.148315429688,698.310485839844,694.350341796875,699.351257324219,3918880.71679688,1314929.75,1,51,1
134.117646926076,134.117492675781,134.117889404297,698.310485839844,697.590698242188,709.639526367188,5798998.26513672,1233511.375,1,52,1
231.124124519663,231.12385559082,231.125183105469,698.310485839844,697.590698242188,705.570739746094,5307787.42578125,1155078.375,1,53,1
172.094680385035,172.09440612793,172.095397949219,698.310485839844,697.963623046875,710.366333007812,3647533.60253906,1146828.625,1,54,1
151.097707988378,151.096725463867,151.097991943359,698.310485839844,697.590698242188,705.20849609375,5474156.86328125,1108755.625,1,55,1
128.143535868877,128.143249511719,128.143753051758,698.310485839844,694.724243164062,702.670288085938,4379880.63916016,1089490,1,56,1
353.22011008212,353.219543457031,353.220825195312,698.310485839844,697.963623046875,702.307861328125,3144595.40722656,1071544.125,1,57,1
151.086809848355,151.086349487305,151.087432861328,698.310485839844,686.719848632812,711.89794921875,5124211.04882812,1054129.5,1,58,1
273.134871569226,273.134094238281,273.135620117188,698.310485839844,693.789123535156,705.570739746094,6012653.51367188,1039229.0625,1,59,1
261.182043581811,261.181335449219,261.183532714844,698.310485839844,697.590698242188,702.307861328125,3087620.77441406,1033334.5,1,60,1
162.90707474522,162.906875610352,162.907653808594,698.310485839844,690.501953125,708.916625976562,3777273.77709961,1018579.375,1,61,1
122.096908115591,122.096771240234,122.097106933594,698.310485839844,694.350341796875,703.032470703125,3195180.98339844,995921,1,62,1
139.086831126083,139.086654663086,139.087112426758,698.310485839844,690.501953125,709.276733398438,5252523.78808594,940076.8125,1,63,1
179.129045185932,179.127899169922,179.129501342773,698.310485839844,697.590698242188,703.032470703125,2436685.74707031,906966.6875,1,64,1
123.091961091167,123.091926574707,123.092124938965,698.310485839844,697.590698242188,702.307861328125,3746673.12695312,895075.0625,1,65,1
116.107306835576,116.107086181641,116.10765838623,698.310485839844,685.528625488281,711.173461914062,4785680.61230469,860408.0625,1,66,1
344.22838189621,344.226654052734,344.229431152344,698.310485839844,695.026977539062,704.48388671875,6219020.96679688,856021.25,1,67,1
113.071265650021,113.071029663086,113.071495056152,698.310485839844,694.108520507812,705.20849609375,4717052.85351562,831460.9375,1,68,1
388.254496658202,388.252655029297,388.255340576172,698.310485839844,695.026977539062,704.48388671875,5593666.91894531,803783.25,1,69,1
244.119740233046,244.119049072266,244.120101928711,698.310485839844,695.026977539062,703.394775390625,4349305.046875,796683.125,1,70,1
201.232635720601,201.232070922852,201.232711791992,698.310485839844,697.590698242188,702.307861328125,2808769.79638672,792238.875,1,71,1
138.091495058389,138.091262817383,138.091842651367,698.310485839844,689.502746582031,709.639526367188,3335803.61035156,766213.1875,1,72,1
140.082101226674,140.081954956055,140.082443237305,698.310485839844,695.026977539062,704.120971679688,4672259.64355469,748083.125,1,73,1
136.087164846853,136.086822509766,136.087539672852,698.310485839844,691.763000488281,708.191101074219,3752872.72802734,734191.0625,1,74,1
146.154067235679,146.153884887695,146.154220581055,698.310485839844,696.601623535156,701.953247070312,3014736.91210938,700715,1,75,1
111.074998954572,111.074592590332,111.075225830078,698.310485839844,692.395751953125,709.276733398438,2384404.6237793,680877.1875,1,76,1
216.124499853763,216.123458862305,216.124771118164,698.310485839844,690.501953125,705.570739746094,3704382.08984375,672743,1,77,1
300.202172937844,300.201690673828,300.202697753906,698.310485839844,695.026977539062,704.84619140625,5351680.4609375,621855.125,1,78,1
476.306767451408,476.304626464844,476.307952880859,698.310485839844,695.724487304688,704.120971679688,2314004.10986328,610469.9375,1,79,1
175.09801198653,175.097747802734,175.098266601562,698.310485839844,694.724243164062,703.757446289062,3257841.49023438,592205.875,1,80,1
331.206216330719,331.205841064453,331.206909179688,698.310485839844,697.963623046875,699.351257324219,1351631.015625,573960.3125,1,81,1
432.280862452454,432.279693603516,432.282196044922,698.310485839844,695.337341308594,704.48388671875,3801710.14941406,533135.8125,1,82,1
141.102258455345,141.101837158203,141.102767944336,698.310485839844,690.826110839844,708.191101074219,1905347.07763672,522014.21875,1,83,1
223.118795418515,223.117767333984,223.119430541992,698.310485839844,690.826110839844,709.276733398438,2886106.25976562,510070.90625,1,84,1
129.102641298539,129.102340698242,129.102844238281,698.310485839844,695.026977539062,701.953247070312,1798778.08300781,484756.1875,1,85,1
146.117515234855,146.117218017578,146.117980957031,698.310485839844,694.724243164062,702.670288085938,1648291.26806641,481755.71875,1,86,1
194.154321716135,194.153686523438,194.154586791992,698.310485839844,683.967346191406,710.003112792969,2575643.44628906,477480.875,1,87,1
273.154130321922,273.152221679688,273.15478515625,698.310485839844,693.789123535156,702.670288085938,1949888.44042969,459022.375,1,88,1
191.129153329483,191.128265380859,191.129776000977,698.310485839844,694.724243164062,703.757446289062,2111594.57348633,445063.4375,1,89,1
289.177816589693,289.176818847656,289.178955078125,698.310485839844,697.590698242188,701.953247070312,1364901.0546875,440715.65625,1,90,1
154.097859865821,154.09748840332,154.098236083984,698.310485839844,697.963623046875,707.828857421875,2020470.12988281,439209.53125,1,91,1
208.108354030511,208.108062744141,208.109130859375,698.310485839844,694.350341796875,703.757446289062,4834337.76953125,416061.25,1,92,1
177.113758522119,177.113052368164,177.114105224609,698.310485839844,697.590698242188,703.394775390625,1651059.04199219,395012.15625,1,93,1
318.227519852994,318.226654052734,318.229461669922,698.310485839844,695.026977539062,699.351257324219,1384386.34619141,381991.84375,1,94,1
122.071744510249,122.071578979492,122.071891784668,698.310485839844,694.724243164062,703.757446289062,2045637.84277344,342644.125,1,95,1
379.188019743398,379.187194824219,379.189239501953,698.310485839844,697.590698242188,704.120971679688,1570452.42822266,299175.03125,1,96,1
147.053010686904,147.052825927734,147.053283691406,698.310485839844,694.350341796875,703.394775390625,1560712.4453125,261316.609375,1,97,1
104.107594495145,104.107513427734,104.107704162598,29.2452812194824,22.684289932251,36.7900352478027,1593500313.32422,262005040,1,98,1
105.11078143985,105.110740661621,105.11107635498,29.2452812194824,23.3515377044678,36.7900352478027,87878687.078125,14616047,1,99,1
138.055181946228,138.055114746094,138.055267333984,32.8515396118164,31.1105403900146,39.3074226379395,865116038.328125,148813216,1,100,1
365.105755448081,365.105163574219,365.106018066406,32.8515396118164,29.9651641845703,38.5981674194336,523337720.421875,66901708,1,101,1
381.079696662136,381.079071044922,381.080657958984,32.8515396118164,29.9651641845703,38.2349166870117,147026178.859375,20225334,1,102,1
145.049727553815,145.049682617188,145.050033569336,32.8515396118164,31.1105403900146,38.2349166870117,91155544.6757812,13747987,1,103,1
139.058452637405,139.058395385742,139.058624267578,32.8515396118164,31.457405090332,39.3074226379395,65863734.796875,11200824,1,104,1
127.039287980811,127.039237976074,127.039375305176,32.8515396118164,31.1105403900146,38.2349166870117,70924368.46875,10201973,1,105,1
180.086861655664,180.086700439453,180.086990356445,32.8515396118164,28.8800392150879,38.2349166870117,62024928.6015625,9309568,1,106,1
366.109242612362,366.109039306641,366.11083984375,32.8515396118164,30.6666698455811,38.5981674194336,71111381.1171875,8959683,1,107,1
163.060076403143,163.060012817383,163.060302734375,32.8515396118164,30.6666698455811,38.2349166870117,50644690.4101562,7244722,1,108,1
198.097463791401,198.097412109375,198.097625732422,32.8515396118164,30.3197917938232,38.2349166870117,50674761.0234375,7158855.5,1,109,1
475.177657560378,475.177001953125,475.179992675781,32.8515396118164,31.1105403900146,37.5082817077637,31992144.296875,6772564.5,1,110,1
462.182266546796,462.180145263672,462.182922363281,32.8515396118164,31.457405090332,37.5082817077637,24595430.2070312,5591148,1,111,1
707.223551902297,707.221374511719,707.226501464844,32.8515396118164,31.8042831420898,38.2349166870117,22703198.359375,4325427.5,1,112,1
448.166750624837,448.166107177734,448.169586181641,32.8515396118164,31.457405090332,37.5082817077637,15596808.9902344,3324700.25,1,113,1
490.176124079437,490.175384521484,490.178833007812,32.8515396118164,31.8042831420898,36.4276695251465,14212858.7578125,3218232,1,114,1
307.101584779885,307.10009765625,307.102294921875,32.8515396118164,31.1105403900146,38.2349166870117,23405675.4335938,3000112.5,1,115,1
162.076302278631,162.076019287109,162.076461791992,32.8515396118164,29.2452812194824,38.5981674194336,22465835.609375,2810985.75,1,116,1
282.118769894636,282.118469238281,282.119506835938,32.8515396118164,30.6666698455811,37.8716697692871,16825845.1875,2252181,1,117,1
432.171540047633,432.169708251953,432.172149658203,32.8515396118164,31.8042831420898,37.1532897949219,10050910.6035156,2228711,1,118,1
489.193409174305,489.192474365234,489.195861816406,32.8515396118164,31.8042831420898,38.9605445861816,9415174.84765625,2103806.5,1,119,1
522.203545237194,522.202270507812,522.204895019531,32.8515396118164,30.6666698455811,37.8716697692871,12037132.1875,1982585.5,1,120,1
367.110536032078,367.110046386719,367.111602783203,32.8515396118164,31.8042831420898,38.5981674194336,15615328.3125,1871266.875,1,121,1
396.035611122513,396.034820556641,396.036346435547,32.8515396118164,31.8042831420898,38.5981674194336,13195175.4609375,1799284,1,122,1
142.122903729696,142.122650146484,142.123229980469,32.8515396118164,31.1105403900146,38.2349166870117,10172608.5,1712864.625,1,123,1
383.078299493852,383.077423095703,383.079620361328,32.8515396118164,31.8042831420898,40.0340347290039,11948503.171875,1618416.25,1,124,1
427.076515997169,427.076171875,427.076873779297,32.8515396118164,31.8042831420898,38.9605445861816,12903893.7734375,1537456,1,125,1
342.139679312456,342.138946533203,342.141510009766,32.8515396118164,28.8800392150879,37.8716697692871,9322379.578125,1388007,1,126,1
310.113502555948,310.112976074219,310.113952636719,32.8515396118164,31.457405090332,38.2349166870117,7404953.3828125,1260274,1,127,1
708.226277856471,708.225402832031,708.226623535156,32.8515396118164,32.1576652526855,35.2972946166992,5875702.09375,1171333.625,1,128,1
109.028920718047,109.028793334961,109.029106140137,32.8515396118164,31.457405090332,38.2349166870117,7804200.265625,1160651.875,1,129,1
310.132795144197,310.132049560547,310.134246826172,32.8515396118164,30.3197917938232,37.5082817077637,7534182.55078125,1156040.5,1,130,1
134.045023215394,134.044921875,134.045166015625,32.8515396118164,30.6666698455811,38.2349166870117,10039631.6015625,1131215.125,1,131,1
144.065774755295,144.065658569336,144.06591796875,32.8515396118164,29.6095314025879,38.2349166870117,10472902.7890625,1129981.25,1,132,1
166.053439646866,166.052932739258,166.053695678711,32.8515396118164,31.1105403900146,37.5082817077637,6701376.6015625,1049363.875,1,133,1
146.053106614756,146.052886962891,146.053649902344,32.8515396118164,31.8042831420898,38.2349166870117,5976916.91796875,1043870.625,1,134,1
463.185776597971,463.184906005859,463.1865234375,32.8515396118164,31.8042831420898,35.2972946166992,4098524.53125,1008883.6875,1,135,1
255.10792586781,255.107666015625,255.108871459961,32.8515396118164,30.6666698455811,37.8716697692871,7252460.8203125,975173.8125,1,136,1
362.097839520236,362.096649169922,362.098602294922,32.8515396118164,32.1576652526855,35.2972946166992,3800826.01953125,918933.6875,1,137,1
738.152778380792,738.151062011719,738.155212402344,32.8515396118164,32.5046577453613,35.2972946166992,4135604.4140625,881966.4375,1,138,1
446.18686317286,446.185882568359,446.188842773438,32.8515396118164,31.8042831420898,36.7900352478027,3381738.66992188,836419.125,1,139,1
302.145643410458,302.144348144531,302.147247314453,32.8515396118164,31.8042831420898,39.3074226379395,4768338.7890625,792708.0625,1,140,1
160.096970092143,160.096786499023,160.097351074219,32.8515396118164,29.9651641845703,38.5981674194336,6450103.75976562,752657.6875,1,141,1
491.179898400645,491.178436279297,491.182342529297,32.8515396118164,32.1576652526855,34.2391700744629,2334739.25,736741.5625,1,142,1
128.042540348678,128.042327880859,128.04280090332,32.8515396118164,31.8042831420898,39.6707878112793,4602802.43945312,729947.5,1,143,1
164.063555115092,164.063232421875,164.064224243164,32.8515396118164,31.8042831420898,38.2349166870117,3606315.84765625,685066.6875,1,144,1
449.169587300928,449.168975830078,449.170837402344,32.8515396118164,31.8042831420898,34.2391700744629,2374008.515625,640887.5,1,145,1
363.157822096573,363.156707763672,363.159362792969,32.8515396118164,32.1576652526855,41.9542846679688,3322462.23242188,566069.4375,1,146,1
332.15573717407,332.154083251953,332.156372070312,32.8515396118164,31.457405090332,36.4276695251465,2561765.75195312,514841.75,1,147,1
210.097437570621,210.097106933594,210.097793579102,32.8515396118164,28.5165386199951,38.9605445861816,5489611.5390625,500526.40625,1,148,1
284.107377549285,284.106170654297,284.108856201172,32.8515396118164,32.1576652526855,35.2972946166992,2386810.0390625,487782.59375,1,149,1
191.102938044825,191.10237121582,191.103378295898,32.8515396118164,31.8042831420898,37.1532897949219,2146101.24414062,467993.9375,1,150,1
723.191165605351,723.188049316406,723.193481445312,32.8515396118164,32.1576652526855,34.594783782959,2213496.7734375,466382.40625,1,151,1
397.040556605568,397.038391113281,397.042510986328,32.8515396118164,32.1576652526855,38.2349166870117,3386770.25976562,442505.84375,1,152,1
576.098846308023,576.098327636719,576.099304199219,32.8515396118164,32.5046577453613,34.594783782959,1837901.65625,439756.78125,1,153,1
112.051091289368,112.050956726074,112.051330566406,32.8515396118164,32.1576652526855,40.758544921875,2414347.42089844,382525.03125,1,154,1
523.207292240083,523.206359863281,523.208618164062,32.8515396118164,31.1105403900146,35.644172668457,2107236.04296875,369226.90625,1,155,1
433.174748354546,433.173675537109,433.17529296875,32.8515396118164,32.1576652526855,33.8922920227051,1501889.140625,360480.4375,1,156,1
260.084997494932,260.084320068359,260.085754394531,32.8515396118164,32.5046577453613,38.2349166870117,2049019.51953125,329660.5625,1,157,1
101.023852437557,101.023742675781,101.02392578125,32.8515396118164,32.1576652526855,34.2391700744629,1368017.75,302765.5625,1,158,1
285.11857719107,285.117919921875,285.119842529297,32.8515396118164,30.6666698455811,40.0340347290039,1648174.703125,297426.71875,1,159,1
123.065579918844,123.065322875977,123.065856933594,32.8515396118164,31.8042831420898,39.3074226379395,1966766.64941406,296911.625,1,160,1
464.188771914822,464.187927246094,464.190216064453,32.8515396118164,31.8042831420898,33.5452842712402,1048342.265625,292009.28125,1,161,1
368.113339827303,368.112182617188,368.115356445312,32.8515396118164,31.8042831420898,37.5082817077637,1403147.63085938,273952.75,1,162,1
374.165751363918,374.164489746094,374.167083740234,32.8515396118164,31.8042831420898,37.5082817077637,1214663.53417969,238515.640625,1,163,1
272.087436628327,272.086730957031,272.088653564453,32.8515396118164,32.5046577453613,37.1532897949219,1369406.02148438,220513.140625,1,164,1
273.108245738653,273.107269287109,273.108978271484,32.8515396118164,31.457405090332,38.2349166870117,1243268.40820312,193994.765625,1,165,1
233.982217716861,233.98176574707,233.982940673828,32.8515396118164,31.457405090332,38.5981674194336,1753616.6171875,167064.796875,1,166,1
262.104022732694,262.103393554688,262.104400634766,32.8515396118164,31.457405090332,33.8922920227051,849267.12890625,148688.203125,1,167,1
360.150395520619,360.149963378906,360.150543212891,33.5452842712402,29.9651641845703,38.2349166870117,962380763.546875,140325904,1,168,1
116.071061006521,116.070892333984,116.071128845215,33.5452842712402,29.6095314025879,38.5981674194336,458090223.078125,71843368,1,169,1
325.113260532297,325.113037109375,325.113922119141,33.5452842712402,31.457405090332,38.2349166870117,136794366.046875,20638564,1,170,1
361.153762954095,361.153259277344,361.153961181641,33.5452842712402,30.6666698455811,38.2349166870117,134790598,19478454,1,171,1
343.123887907037,343.123443603516,343.124603271484,33.5452842712402,30.6666698455811,38.2349166870117,55759719.5585938,8702581,1,172,1
458.18733423763,458.186645507812,458.188110351562,33.5452842712402,32.1576652526855,38.2349166870117,32735503.453125,7200270,1,173,1
289.09196947579,289.091857910156,289.092132568359,33.5452842712402,31.8042831420898,38.5981674194336,35527886.53125,5397153,1,174,1
362.15522570948,362.154998779297,362.156707763672,33.5452842712402,31.457405090332,38.2349166870117,29876823.3125,4611296.5,1,175,1
117.074358383046,117.074295043945,117.07445526123,33.5452842712402,32.1576652526855,38.5981674194336,25273959,4001555.25,1,176,1
326.116708519452,326.116149902344,326.117156982422,33.5452842712402,31.8042831420898,39.6707878112793,18619601.203125,2932000.5,1,177,1
259.08143068647,259.080902099609,259.081573486328,33.5452842712402,31.8042831420898,38.5981674194336,19308593.8828125,2663349.25,1,178,1
404.157040674655,404.155609130859,404.15771484375,33.5452842712402,32.5046577453613,37.1532897949219,5021539.79492188,1280459.625,1,179,1
335.074178873112,335.073516845703,335.074737548828,33.5452842712402,31.457405090332,39.6707878112793,12667700.1054688,1259865.875,1,180,1
175.10805415026,175.107757568359,175.108642578125,33.5452842712402,31.457405090332,38.5981674194336,6348304.984375,1182669.5,1,181,1
272.134295967748,272.133514404297,272.135894775391,33.5452842712402,31.8042831420898,37.8716697692871,6742897.86523438,1151807.375,1,182,1
533.156624547037,533.155639648438,533.159606933594,33.5452842712402,31.457405090332,36.0644149780273,5605450.70117188,1114586.75,1,183,1
370.171008028498,370.170593261719,370.171569824219,33.5452842712402,32.5046577453613,34.9504165649414,3846116.859375,1043634.5,1,184,1
275.99298628085,275.992401123047,275.993316650391,33.5452842712402,31.8042831420898,38.5981674194336,8429656.98046875,1029954.375,1,185,1
290.095669394596,290.095184326172,290.097137451172,33.5452842712402,32.1576652526855,38.2349166870117,4780416.890625,852126.5625,1,186,1
504.19261470769,504.191497802734,504.193145751953,33.5452842712402,32.1576652526855,34.9504165649414,3686129.99609375,801460.875,1,187,1
327.117681113101,327.116790771484,327.118713378906,33.5452842712402,32.1576652526855,40.0340347290039,3813310.453125,567783.875,1,188,1
246.145108173601,246.144790649414,246.146347045898,33.5452842712402,32.8515396118164,37.5082817077637,2950100.27441406,536996.1875,1,189,1
115.039345171038,115.0390625,115.039558410645,33.5452842712402,32.1576652526855,38.5981674194336,3805440.49414062,512948.75,1,190,1
704.215221770921,704.214172363281,704.217102050781,33.5452842712402,32.8515396118164,34.2391700744629,1704949.21875,481819.375,1,191,1
739.159479679162,739.155822753906,739.162475585938,33.5452842712402,32.1576652526855,35.644172668457,2056547.046875,454844.65625,1,192,1
324.129475153917,324.128723144531,324.130493164062,33.5452842712402,32.8515396118164,38.9605445861816,3719758.33789062,454689.9375,1,193,1
484.183810306393,484.182922363281,484.184692382812,33.5452842712402,32.8515396118164,34.2391700744629,1269618.265625,436807.28125,1,194,1
443.049519475676,443.048278808594,443.050598144531,33.5452842712402,32.1576652526855,38.5981674194336,2685229.34960938,390405.875,1,195,1
433.093154961549,433.091918945312,433.094665527344,33.5452842712402,31.8042831420898,39.6707878112793,4224367.10546875,389490.875,1,196,1
205.118623944375,205.118286132812,205.119384765625,33.5452842712402,32.5046577453613,38.5981674194336,1980016.39550781,388502.78125,1,197,1
308.105007931007,308.103546142578,308.106079101562,33.5452842712402,31.8042831420898,38.5981674194336,2532066.0078125,328901.625,1,198,1
349.132238310366,349.130950927734,349.133697509766,33.5452842712402,32.1576652526855,38.5981674194336,2268922.11132812,320936.21875,1,199,1
414.046260940676,414.044891357422,414.049407958984,33.5452842712402,31.457405090332,34.9504165649414,1858300.15625,320077.46875,1,200,1
362.599423564085,362.598846435547,362.600036621094,33.5452842712402,32.8515396118164,34.2391700744629,874924.65625,293894.40625,1,201,1
403.161481055605,403.160278320312,403.162139892578,33.5452842712402,32.5046577453613,34.9504165649414,1418414.9765625,282250.34375,1,202,1
244.09322372202,244.092422485352,244.094085693359,33.5452842712402,32.1576652526855,38.5981674194336,1665100.85351562,223558.625,1,203,1
488.301508964077,488.301361083984,488.301971435547,357.579681396484,352.967956542969,362.760955810547,397785606.53125,60458488,1,204,1
453.264230439781,453.264099121094,453.264953613281,357.579681396484,354.150085449219,362.760955810547,140478941.328125,22206142,1,205,1
489.304784003949,489.304656982422,489.305511474609,357.579681396484,352.967956542969,362.760955810547,124009578.617188,19117904,1,206,1
417.243004332481,417.242828369141,417.243438720703,357.579681396484,353.407562255859,362.760955810547,113849659.114258,17759578,1,207,1
493.256622110527,493.25634765625,493.257904052734,357.579681396484,352.967956542969,362.760955810547,81186711.8242188,11462428,1,208,1
963.524537554393,963.521850585938,963.52880859375,357.579681396484,355.640686035156,359.770080566406,30586185.5214844,6533906,1,209,1
454.267659500306,454.267547607422,454.268096923828,357.579681396484,355.273071289062,362.760955810547,42352655.4570312,6466972,1,210,1
263.143027342001,263.142852783203,263.144561767578,357.579681396484,352.967956542969,362.760955810547,35794158.0795898,5649772,1,211,1
418.246565000362,418.245941162109,418.247528076172,357.579681396484,353.777954101562,362.760955810547,33335212.5947266,5183889.5,1,212,1
509.230944762552,509.230224609375,509.232391357422,357.579681396484,353.407562255859,362.760955810547,28663544.9023438,4211173,1,213,1
964.527622821696,964.526245117188,964.5283203125,357.579681396484,356.113067626953,359.770080566406,18310388.0117188,3807736.75,1,214,1
470.291107958563,470.290283203125,470.292236328125,357.579681396484,352.967956542969,362.760955810547,21827126.2958984,3596872,1,215,1
958.569145922044,958.568054199219,958.571472167969,357.579681396484,356.113067626953,359.770080566406,15541571.1054688,3567234.75,1,216,1
490.307754754629,490.30712890625,490.310455322266,357.579681396484,352.967956542969,361.669189453125,22494226.7089844,3505410.25,1,217,1
494.259948909586,494.259735107422,494.261199951172,357.579681396484,352.967956542969,361.669189453125,24407560.1572266,3477636,1,218,1
502.316961274833,502.315765380859,502.317840576172,357.579681396484,353.407562255859,362.394714355469,19966108.9155273,3374885.25,1,219,1
435.253631993802,435.252807617188,435.255554199219,357.579681396484,352.967956542969,362.760955810547,16508497.8789062,2559440.25,1,220,1
959.572681917262,959.572021484375,959.579528808594,357.579681396484,356.113067626953,359.770080566406,9677885.296875,2287365,1,221,1
399.232383592277,399.230773925781,399.233001708984,357.579681396484,355.273071289062,362.760955810547,14119910.9550781,2185406.5,1,222,1
516.332842213088,516.332153320312,516.334655761719,357.579681396484,355.273071289062,362.760955810547,12636439.2148438,1739153.375,1,223,1
979.499097125853,979.496948242188,979.503234863281,357.579681396484,356.113067626953,359.770080566406,7914617.2109375,1628385.75,1,224,1
965.53088978358,965.529479980469,965.533508300781,357.579681396484,356.113067626953,359.413299560547,6480113.546875,1392706.375,1,225,1
264.146467690874,264.14599609375,264.147155761719,357.579681396484,355.273071289062,362.760955810547,7404367.94140625,1223120.625,1,226,1
510.234439359719,510.233154296875,510.23583984375,357.579681396484,352.967956542969,362.760955810547,8611993.11328125,1194934.125,1,227,1
980.501778524107,980.50048828125,980.504272460938,357.579681396484,356.113067626953,359.413299560547,4649943.65820312,1044864,1,228,1
503.320184658502,503.319122314453,503.321044921875,357.579681396484,355.640686035156,362.760955810547,6182984.6328125,1033825.375,1,229,1
471.295119074024,471.294403076172,471.298004150391,357.579681396484,355.640686035156,362.394714355469,4615767.63964844,922839.375,1,230,1
531.307551393736,531.305114746094,531.30810546875,357.579681396484,355.273071289062,360.499694824219,4939054.48095703,798262.375,1,231,1
960.575510565067,960.573974609375,960.578552246094,357.579681396484,356.479309082031,359.051055908203,3236049.33203125,797355.3125,1,232,1
728.391626986407,728.390075683594,728.39306640625,357.579681396484,356.479309082031,359.051055908203,3285173.6015625,793906.5625,1,233,1
436.256673328457,436.256164550781,436.258148193359,357.579681396484,354.520202636719,362.760955810547,4867475.41992188,749786,1,234,1
281.153566868183,281.152496337891,281.154663085938,357.579681396484,352.967956542969,362.760955810547,4899047.24902344,733836.125,1,235,1
400.235521446389,400.234405517578,400.236572265625,357.579681396484,355.273071289062,360.499694824219,4152605.47070312,712199.8125,1,236,1
495.262988682225,495.262115478516,495.266082763672,357.579681396484,355.640686035156,362.760955810547,4650268.90332031,708517.25,1,237,1
725.914060615209,725.912963867188,725.916076660156,357.579681396484,356.113067626953,359.051055908203,2400986.24902344,615444.625,1,238,1
1433.79202066814,1433.78527832031,1433.79406738281,357.579681396484,356.479309082031,359.413299560547,2649980.94921875,562591.9375,1,239,1
1434.79610551424,1434.79052734375,1434.80151367188,357.579681396484,356.479309082031,359.051055908203,2366049.52734375,505607.34375,1,240,1
726.416411567759,726.4150390625,726.418762207031,357.579681396484,356.479309082031,359.051055908203,1948903.01171875,473125.40625,1,241,1
981.502553186975,981.500915527344,981.505615234375,357.579681396484,356.479309082031,359.413299560547,2073959.51171875,449207.125,1,242,1
561.245406340793,561.244323730469,561.246765136719,357.579681396484,355.640686035156,360.499694824219,2500856.86132812,352350.125,1,243,1
107.058075473121,107.057998657227,107.058197021484,357.579681396484,356.479309082031,359.051055908203,1500516.6875,335318.15625,1,244,1
736.878589951607,736.875549316406,736.879821777344,357.579681396484,356.479309082031,358.685455322266,985023.36328125,319441.28125,1,245,1
235.148117751038,235.147842407227,235.148849487305,357.579681396484,355.273071289062,360.943572998047,1576512.98974609,273218.8125,1,246,1
736.37778886785,736.376586914062,736.37939453125,357.579681396484,356.479309082031,358.685455322266,1040319.078125,248891.90625,1,247,1
571.340259934166,571.338745117188,571.341613769531,357.579681396484,356.113067626953,359.413299560547,1431540.21875,246992.453125,1,248,1
941.541723194716,941.539428710938,941.544494628906,357.579681396484,356.844573974609,358.685455322266,975533.1875,236591.015625,1,249,1
578.23473392474,578.233337402344,578.236267089844,357.579681396484,355.640686035156,361.669189453125,1522695.60742188,225088.21875,1,250,1
389.248071516442,389.246856689453,389.248931884766,357.579681396484,356.113067626953,359.413299560547,1130118.47460938,216041.140625,1,251,1
568.257698313449,568.2568359375,568.259033203125,357.579681396484,356.113067626953,360.499694824219,1239375.19140625,172072.140625,1,252,1
282.156839523241,282.156188964844,282.157318115234,357.579681396484,352.967956542969,359.413299560547,831479.266601562,146457.203125,1,253,1
147.076612125233,147.076583862305,147.076690673828,32.1576652526855,29.6095314025879,37.1532897949219,415624369.703125,50008908,1,254,1
130.050171138497,130.05012512207,130.050231933594,32.1576652526855,29.6095314025879,36.7900352478027,249780546.992188,29082292,1,255,1
203.052834260763,203.052169799805,203.053039550781,32.1576652526855,25.5312976837158,40.3962860107422,115618961.164062,19143960,1,256,1
120.065904457904,120.065315246582,120.06600189209,32.1576652526855,26.3659076690674,38.2349166870117,52328928.2441406,7285429.5,1,257,1
148.060566016452,148.060531616211,148.06071472168,32.1576652526855,30.6666698455811,37.8716697692871,48414825.78125,6461740.5,1,258,1
205.068532061864,205.068389892578,205.069107055664,32.1576652526855,30.6666698455811,39.3074226379395,22015467.9140625,5112564.5,1,259,1
233.063363533072,233.063064575195,233.063598632812,32.1576652526855,30.6666698455811,38.2349166870117,22199242.7109375,4273259.5,1,260,1
266.123729290074,266.123565673828,266.123992919922,32.1576652526855,28.8800392150879,36.7900352478027,30576021.40625,4163451.5,1,261,1
293.063596589095,293.063323974609,293.064147949219,32.1576652526855,31.457405090332,38.9605445861816,13123276.6484375,3102729.25,1,262,1
219.026791359945,219.026596069336,219.027145385742,32.1576652526855,27.8084163665771,36.7900352478027,13430103.5146484,2861541,1,263,1
295.113876538571,295.113372802734,295.114715576172,32.1576652526855,29.9651641845703,37.1532897949219,14447295.1757812,1859979.875,1,264,1
337.110799989518,337.109741210938,337.112457275391,32.1576652526855,30.3197917938232,36.0644149780273,6028462.140625,1629180.625,1,265,1
131.053479395368,131.053405761719,131.053649902344,32.1576652526855,26.3659076690674,38.9605445861816,14803752.9101562,1560144.5,1,266,1
622.210210438895,622.209899902344,622.210693359375,32.1576652526855,31.457405090332,32.8515396118164,3318389.328125,1556774.25,1,267,1
527.160570553909,527.157165527344,527.161926269531,32.1576652526855,30.6666698455811,40.0340347290039,7591081.35351562,1412142.875,1,268,1
204.056309303377,204.056030273438,204.056701660156,32.1576652526855,26.3659076690674,40.0340347290039,7644426.58789062,1329362.375,1,269,1
160.037177435473,160.036849975586,160.037628173828,32.1576652526855,31.457405090332,45.2176742553711,6095462.15820312,1327163.125,1,270,1
434.187272744443,434.186157226562,434.188201904297,32.1576652526855,30.6666698455811,37.1532897949219,8118266.08398438,1155290.875,1,271,1
291.118972410915,291.117736816406,291.119567871094,32.1576652526855,30.6666698455811,37.5082817077637,6926218.40625,1055709.75,1,272,1
183.086528374561,183.085479736328,183.086868286133,32.1576652526855,30.6666698455811,37.5082817077637,6892405.8046875,1026981.5,1,273,1
102.055541679155,102.055351257324,102.055702209473,32.1576652526855,27.8084163665771,37.8716697692871,8531046.19921875,1016740.25,1,274,1
323.073926741834,323.072967529297,323.074798583984,32.1576652526855,31.457405090332,36.7900352478027,3017853.765625,870347.8125,1,275,1
176.011270597142,176.011047363281,176.011444091797,32.1576652526855,31.457405090332,37.1532897949219,2224090.91015625,653178.375,1,276,1
176.103329079556,176.103134155273,176.103805541992,32.1576652526855,30.3197917938232,38.2349166870117,3800316.81640625,650533.75,1,277,1
132.065850230532,132.065643310547,132.066040039062,32.1576652526855,29.6095314025879,37.5082817077637,5913990.6640625,515487.78125,1,278,1
304.100533359775,304.098358154297,304.101776123047,32.1576652526855,30.6666698455811,34.9504165649414,1556604.42578125,462544.875,1,279,1
159.076608290029,159.076248168945,159.076873779297,32.1576652526855,30.6666698455811,37.5082817077637,2960117.90234375,444978.28125,1,280,1
265.023429800359,265.022796630859,265.024505615234,32.1576652526855,30.3197917938232,40.758544921875,4070336.46679688,396236.84375,1,281,1
223.081548212134,223.080673217773,223.082061767578,32.1576652526855,31.1105403900146,37.1532897949219,2514835.03125,390857.1875,1,282,1
267.127180583892,267.126281738281,267.1279296875,32.1576652526855,29.6095314025879,36.4276695251465,3022850.19726562,378152.84375,1,283,1
149.064019585703,149.063659667969,149.064544677734,32.1576652526855,31.1105403900146,37.5082817077637,2163389.99609375,372839.53125,1,284,1
543.135044294718,543.13427734375,543.136047363281,32.1576652526855,31.457405090332,33.5452842712402,1361825.8125,337550.34375,1,285,1
417.161216222938,417.16015625,417.162292480469,32.1576652526855,31.1105403900146,34.2391700744629,2218252.21875,333242.3125,1,286,1
380.05143906002,380.051330566406,380.051940917969,32.1576652526855,31.1105403900146,32.8515396118164,1148463.83984375,323563.59375,1,287,1
170.042600426039,170.042358398438,170.04280090332,32.1576652526855,30.6666698455811,36.0644149780273,1623837.6171875,319426.5,1,288,1
277.139283940052,277.138336181641,277.139770507812,32.1576652526855,30.6666698455811,37.1532897949219,1952781.81445312,223272.796875,1,289,1
311.133930268056,311.133422851562,311.135040283203,32.1576652526855,31.1105403900146,35.2972946166992,1259349.33984375,207264.515625,1,290,1
435.190181812282,435.189788818359,435.190338134766,32.1576652526855,31.1105403900146,32.8515396118164,774643.765625,200996.5,1,291,1
563.230788326049,563.229797363281,563.231811523438,32.1576652526855,31.1105403900146,32.8515396118164,852054.3515625,176772.21875,1,292,1
471.27501065585,471.27490234375,471.275421142578,315.741180419922,311.334289550781,320.576171875,240055354.515625,41008224,1,293,1
488.301460224265,488.299865722656,488.302551269531,315.741180419922,311.334289550781,320.576171875,114736510.883789,20291208,1,294,1
472.278266700142,472.278137207031,472.279693603516,315.741180419922,311.334289550781,320.576171875,73388556.4179688,12408922,1,295,1
489.30483030674,489.3046875,489.305572509766,315.741180419922,313.1650390625,320.576171875,36319092.1650391,6505014.5,1,296,1
963.524508607376,963.520690917969,963.526062011719,315.741180419922,313.909332275391,320.576171875,25651306.2734375,5055468.5,1,297,1
964.527969681126,964.523376464844,964.532409667969,315.741180419922,313.909332275391,319.849426269531,15768323.9882812,3201196.75,1,298,1
473.281192494426,473.280059814453,473.282684326172,315.741180419922,311.334289550781,320.576171875,13491238.3525391,2224124.75,1,299,1
502.317015234495,502.316619873047,502.318206787109,315.741180419922,313.909332275391,320.576171875,10901196.9023438,1995294.875,1,300,1
490.307707654714,490.306243896484,490.309173583984,315.741180419922,313.534820556641,318.392822265625,6503570.45703125,1218752.125,1,301,1
965.531002608314,965.529602050781,965.534729003906,315.741180419922,314.271545410156,319.487182617188,5393270.40234375,1103385,1,302,1
511.232232983813,511.229888916016,511.232788085938,315.741180419922,313.534820556641,319.487182617188,7960031.18164062,1052902.125,1,303,1
503.320495008673,503.31982421875,503.323669433594,315.741180419922,313.909332275391,319.849426269531,3317294.765625,635394.375,1,304,1
979.500945492988,979.496215820312,979.508605957031,315.741180419922,314.271545410156,320.212677001953,2115224.91650391,379730.21875,1,305,1
474.283704966953,474.283264160156,474.285034179688,315.741180419922,313.909332275391,317.309661865234,1763659.52734375,352267.71875,1,306,1
561.245207588881,561.243286132812,561.245788574219,315.741180419922,314.271545410156,318.392822265625,1600598.84570312,287436.9375,1,307,1
512.233636167078,512.232788085938,512.237060546875,315.741180419922,313.909332275391,320.212677001953,1944784.87792969,278395.46875,1,308,1
281.153654978555,281.152770996094,281.154235839844,315.741180419922,312.798553466797,320.576171875,1517426.90039062,267953.78125,1,309,1
265.15900769557,265.158630371094,265.159393310547,315.741180419922,313.909332275391,319.487182617188,1683307.15234375,262389.375,1,310,1
107.058066342485,107.057609558105,107.058135986328,315.741180419922,314.271545410156,318.028564453125,1268630.09960938,250993.765625,1,311,1
496.2662660775,496.2646484375,496.268188476562,315.741180419922,313.909332275391,318.028564453125,959902.771484375,135122.71875,1,312,1
188.070891738181,188.070816040039,188.071273803711,109.28882598877,104.82445526123,114.467079162598,218022657.837402,34887892,1,313,1
205.097474708311,205.097412109375,205.097732543945,109.28882598877,106.360694885254,114.467079162598,172216369.530762,27685114,1,314,1
227.079327783881,227.079254150391,227.079849243164,109.28882598877,106.735069274902,114.467079162598,24467902.8417969,4644029,1,315,1
189.074211009747,189.074157714844,189.075256347656,109.28882598877,105.51033782959,114.467079162598,25829299.4926758,4118199.75,1,316,1
206.100955285681,206.100875854492,206.101303100586,109.28882598877,107.102821350098,114.467079162598,20345551.8125,3321568.75,1,317,1
146.060288706286,146.06005859375,146.060455322266,109.28882598877,104.82445526123,114.467079162598,11560573.5688477,1815652.375,1,318,1
159.091929949452,159.091857910156,159.092163085938,109.28882598877,107.102821350098,114.467079162598,6759275.1328125,1128555,1,319,1
144.081047089473,144.080993652344,144.081237792969,109.28882598877,107.473945617676,114.467079162598,6335329.11523438,985946.9375,1,320,1
118.065607470892,118.065498352051,118.065849304199,109.28882598877,104.82445526123,114.467079162598,5574505.85839844,754277.5,1,321,1
132.081069633474,132.080993652344,132.081268310547,109.28882598877,107.102821350098,112.652694702148,3741168.93554688,642831.875,1,322,1
409.187455446142,409.187072753906,409.187713623047,109.28882598877,107.83869934082,111.208076477051,2683685.82128906,579449.25,1,323,1
228.082935494006,228.082809448242,228.083282470703,109.28882598877,107.83869934082,113.007331848145,2807066.63476562,495322.34375,1,324,1
289.049866111623,289.049743652344,289.05029296875,109.28882598877,107.473945617676,113.007331848145,2718126.86328125,447210.40625,1,325,1
130.065306853894,130.065063476562,130.06575012207,109.28882598877,105.990707397461,113.738067626953,2493216.33544922,377694.125,1,326,1
170.060270023889,170.060211181641,170.060440063477,109.28882598877,107.83869934082,111.208076477051,2133334.6796875,336986.59375,1,327,1
190.077028157363,190.076461791992,190.077529907227,109.28882598877,107.473945617676,113.371459960938,1547999.51708984,251797.65625,1,328,1
365.105936360246,365.105255126953,365.106384277344,109.28882598877,105.990707397461,115.202209472656,2710736.35546875,239051.515625,1,329,1
207.103645976221,207.102798461914,207.104034423828,109.28882598877,107.473945617676,111.208076477051,1388942.88964844,232672.890625,1,330,1
160.075925033751,160.075531005859,160.076232910156,109.28882598877,107.473945617676,112.652694702148,983098.604980469,204742.125,1,331,1
118.086705730311,118.086647033691,118.086769104004,35.2972946166992,27.4527912139893,44.4921607971191,428044184.75,34601136,1,332,1
136.062056245693,136.062026977539,136.062118530273,35.2972946166992,33.8922920227051,40.758544921875,39868690.390625,7727694,1,333,1
178.122929541202,178.122634887695,178.123123168945,35.2972946166992,31.1105403900146,40.0340347290039,25495243.1328125,5049624,1,334,1
119.09001515543,119.089881896973,119.090171813965,35.2972946166992,28.5165386199951,43.0431709289551,20938359.140625,1994769.875,1,335,1
332.13435424208,332.133331298828,332.134918212891,35.2972946166992,33.8922920227051,40.0340347290039,8511349.07519531,1738876.25,1,336,1
172.97734359443,172.977081298828,172.977416992188,35.2972946166992,34.2391700744629,40.0340347290039,12308981.9375,1390808,1,337,1
182.081550480734,182.081420898438,182.082061767578,35.2972946166992,34.2391700744629,41.5920486450195,5952633.66699219,1266075.75,1,338,1
261.095065430095,261.094360351562,261.095733642578,35.2972946166992,34.2391700744629,43.4054222106934,6932865.0234375,1246223.25,1,339,1
321.115953068674,321.115539550781,321.117034912109,35.2972946166992,33.5452842712402,40.758544921875,8253665.51171875,1228862.875,1,340,1
241.15499108251,241.154876708984,241.155181884766,35.2972946166992,34.2391700744629,38.2349166870117,5335197.5390625,1186522.375,1,341,1
247.166757453486,247.165557861328,247.167297363281,35.2972946166992,24.0791664123535,42.6799278259277,5361391.01855469,1034126.5625,1,342,1
294.15501993748,294.154449462891,294.155456542969,35.2972946166992,34.2391700744629,41.9542846679688,7040804.44921875,984168.375,1,343,1
268.103727404702,268.102783203125,268.104827880859,35.2972946166992,21.5773086547852,46.7759246826172,10486685.1210938,983584.0625,1,344,1
340.124418444829,340.123901367188,340.124938964844,35.2972946166992,34.2391700744629,42.3165397644043,4922074.01171875,783928.375,1,345,1
291.105291014315,291.104187011719,291.106292724609,35.2972946166992,34.2391700744629,43.4054222106934,4686768.03125,779349.25,1,346,1
256.139970622728,256.139465332031,256.140747070312,35.2972946166992,34.2391700744629,39.6707878112793,3439378.6640625,693103.4375,1,347,1
179.1262222659,179.125732421875,179.126617431641,35.2972946166992,34.2391700744629,38.2349166870117,2520644.60351562,570413,1,348,1
189.087307323426,189.087127685547,189.087539672852,35.2972946166992,33.1984176635742,43.7675476074219,3456281.86767578,565375.125,1,349,1
200.164800688138,200.164733886719,200.164886474609,35.2972946166992,34.2391700744629,36.4276695251465,2317237.26953125,539180.625,1,350,1
316.160721283228,316.159790039062,316.161346435547,35.2972946166992,34.2391700744629,49.3089141845703,3006527.58984375,491239.25,1,351,1
192.159772240551,192.159652709961,192.15998840332,35.2972946166992,34.2391700744629,37.8716697692871,2189717.6796875,466513.65625,1,352,1
247.07938982076,247.078475952148,247.079986572266,35.2972946166992,34.2391700744629,40.758544921875,3721828.47265625,460597.84375,1,353,1
137.065411212689,137.065185546875,137.065612792969,35.2972946166992,34.2391700744629,40.3962860107422,2116763.44824219,428812.0625,1,354,1
238.071311438571,238.070983886719,238.071807861328,35.2972946166992,34.2391700744629,39.6707878112793,1966575.73828125,409645.03125,1,355,1
136.075933848737,136.075744628906,136.076263427734,35.2972946166992,32.8515396118164,44.1299285888672,2282000.75537109,379737.28125,1,356,1
337.090020513637,337.088714599609,337.091918945312,35.2972946166992,34.594783782959,37.5082817077637,1566814.69921875,376752.71875,1,357,1
158.081548309665,158.081420898438,158.081848144531,35.2972946166992,34.2391700744629,40.3962860107422,2077613.17773438,357252.40625,1,358,1
124.087388105144,124.087127685547,124.087608337402,35.2972946166992,30.6666698455811,44.1299285888672,3708830.2734375,352577.65625,1,359,1
275.095879772399,275.094970703125,275.096710205078,35.2972946166992,34.2391700744629,39.6707878112793,1717811.11230469,348185.15625,1,360,1
259.129191256001,259.128204345703,259.129547119141,35.2972946166992,34.2391700744629,47.1381759643555,1677426.56542969,343884.03125,1,361,1
386.202504242381,386.202087402344,386.203094482422,35.2972946166992,34.2391700744629,36.0644149780273,1086191.53125,335641.8125,1,362,1
414.197864964693,414.197235107422,414.198913574219,35.2972946166992,34.2391700744629,36.4276695251465,1301207.56640625,326298.65625,1,363,1
152.056948419702,152.05680847168,152.057144165039,35.2972946166992,31.1105403900146,37.1532897949219,1441224.7265625,322052.65625,1,364,1
263.132958216807,263.132080078125,263.133605957031,35.2972946166992,34.2391700744629,38.5981674194336,1253961.3359375,304260.5,1,365,1
195.122075468397,195.121337890625,195.122833251953,35.2972946166992,31.1105403900146,36.7900352478027,1395891.17578125,289065.25,1,366,1
202.107675336037,202.107345581055,202.107971191406,35.2972946166992,33.8922920227051,44.4921607971191,3289614.80078125,286393.25,1,367,1
202.180429228088,202.180099487305,202.180709838867,35.2972946166992,34.2391700744629,38.5981674194336,1131873.25976562,285268.96875,1,368,1
530.056627115952,530.0556640625,530.058349609375,35.2972946166992,34.594783782959,40.0340347290039,1468524.15234375,282378.53125,1,369,1
307.079895471203,307.079406738281,307.081848144531,35.2972946166992,34.594783782959,41.2296676635742,1505555.54003906,242704.703125,1,370,1
299.134179068548,299.133880615234,299.134521484375,35.2972946166992,34.2391700744629,36.0644149780273,835999.83984375,206487.40625,1,371,1
586.269797688186,586.269653320312,586.27099609375,291.529174804688,287.231292724609,297.057312011719,288316938.5,32233490,1,372,1
551.232069329302,551.231140136719,551.232666015625,291.529174804688,287.231292724609,296.668792724609,136646608.351562,14891732,1,373,1
587.273001026773,587.272827148438,587.274536132812,291.529174804688,287.554016113281,296.668792724609,91343899.4375,10069079,1,374,1
515.211034966793,515.209655761719,515.211669921875,291.529174804688,287.554016113281,297.057312011719,70140246.4277344,7881805.5,1,375,1
552.235368841696,552.232604980469,552.235778808594,291.529174804688,288.184539794922,296.285827636719,42711455.7431641,4711572,1,376,1
588.272080416926,588.271667480469,588.273254394531,291.529174804688,289.213165283203,296.668792724609,28269403.3203125,3294807,1,377,1
1154.50468589317,1154.50329589844,1154.50622558594,291.529174804688,289.582916259766,294.434906005859,9256554.27734375,1359630,1,378,1
497.200056266597,497.19970703125,497.200439453125,291.529174804688,288.96142578125,296.668792724609,11831099.2304688,1340988.75,1,379,1
870.386846426933,870.384521484375,870.387634277344,291.529174804688,289.213165283203,294.797180175781,6716826.87597656,1151711,1,380,1
361.110574228836,361.110137939453,361.111053466797,291.529174804688,288.96142578125,296.285827636719,8771080.16015625,1021858.25,1,381,1
1155.50815968643,1155.50622558594,1155.51049804688,291.529174804688,289.213165283203,294.434906005859,5920963.64990234,923863.1875,1,382,1
589.273079306859,589.271606445312,589.275817871094,291.529174804688,289.213165283203,297.057312011719,6294813.1484375,760902,1,383,1
871.389404604479,871.388854980469,871.390869140625,291.529174804688,289.582916259766,294.797180175781,4579966.88964844,760203.625,1,384,1
517.213429965256,517.211975097656,517.214599609375,291.529174804688,289.213165283203,295.530548095703,5837186.9375,659815.6875,1,385,1
533.219200858947,533.217346191406,533.220825195312,291.529174804688,288.96142578125,295.906402587891,3867464.18359375,437822.40625,1,386,1
607.199007919726,607.195739746094,607.200073242188,291.529174804688,288.96142578125,297.057312011719,3784904.03320312,376167,1,387,1
871.88883581861,871.886657714844,871.890869140625,291.529174804688,289.945922851562,293.340545654297,2072825.04101562,372223.1875,1,388,1
554.235273294937,554.234130859375,554.236999511719,291.529174804688,289.213165283203,294.797180175781,2579178.67578125,302011.25,1,389,1
689.243560903366,689.241638183594,689.246032714844,291.529174804688,288.96142578125,296.668792724609,1824505.58007812,202844.75,1,390,1
593.224589956805,593.222961425781,593.227355957031,291.529174804688,289.213165283203,295.530548095703,1758460.7421875,188501.6875,1,391,1
1157.50663263754,1157.501953125,1157.51342773438,291.529174804688,289.582916259766,293.707305908203,1145895.42871094,177567.078125,1,392,1
569.24310950111,569.242919921875,569.243835449219,264.408416748047,259.616149902344,269.527160644531,232581758.140625,28665290,1,393,1
570.246112106152,570.244567871094,570.246643066406,264.408416748047,260.704528808594,269.527160644531,72533575.3476562,9047383,1,394,1
489.285145840074,489.284698486328,489.286895751953,264.408416748047,261.528778076172,269.140899658203,11242297.5800781,1580723.125,1,395,1
591.225079129155,591.22216796875,591.226928710938,264.408416748047,252.935424804688,277.630767822266,10245303.8793945,1089288.75,1,396,1
572.24579629154,572.242797851562,572.247131347656,264.408416748047,261.855407714844,269.140899658203,4811145.8671875,607228.25,1,397,1
490.288598724048,490.287536621094,490.289215087891,264.408416748047,262.56103515625,268.837280273438,3309245.36523438,490931.75,1,398,1
394.223317481704,394.22314453125,394.223571777344,264.408416748047,262.935882568359,265.987152099609,2460724.5078125,463481.90625,1,399,1
887.914938535886,887.910583496094,887.916015625,264.408416748047,262.56103515625,266.345916748047,2282375.84179688,446607.25,1,400,1
879.401956347754,879.400512695312,879.403503417969,264.408416748047,262.56103515625,266.345916748047,2212128.65625,441157.125,1,401,1
878.899849195131,878.896179199219,878.900512695312,264.408416748047,262.56103515625,265.987152099609,2187913.49609375,416509.9375,1,402,1
592.228195692011,592.2255859375,592.22998046875,264.408416748047,259.616149902344,269.140899658203,3120984.69140625,337426.1875,1,403,1
888.415533180277,888.413696289062,888.4169921875,264.408416748047,262.935882568359,266.709411621094,1487850.328125,309612.21875,1,404,1
879.90249331601,879.899475097656,879.904602050781,264.408416748047,262.935882568359,266.709411621094,1251667.57421875,239326.484375,1,405,1
1137.47671262361,1137.47302246094,1137.47827148438,264.408416748047,262.935882568359,265.512145996094,1082217.11328125,227027.21875,1,406,1
167.012984317853,167.012710571289,167.013305664062,699.351257324219,697.590698242188,704.48388671875,131705377.180176,26408250,1,407,1
125.986528815919,125.986114501953,125.986572265625,699.351257324219,697.590698242188,706.017333984375,140701364.01709,24761192,1,408,1
139.988050346537,139.987854003906,139.988342285156,699.351257324219,694.350341796875,706.017333984375,137086538.501465,19911100,1,409,1
184.985769693082,184.985549926758,184.986114501953,699.351257324219,696.601623535156,704.84619140625,105438364.293457,15152100,1,410,1
141.983519716302,141.983184814453,141.98356628418,699.351257324219,695.337341308594,704.84619140625,53000029.2438965,7931696,1,411,1
111.020699353126,111.020668029785,111.021003723145,699.351257324219,695.337341308594,705.570739746094,29543134.300293,7502350,1,412,1
186.981196942806,186.980987548828,186.981307983398,699.351257324219,697.590698242188,704.84619140625,40702435.5253906,5616549.5,1,413,1
255.944271810224,255.94416809082,255.944869995117,699.351257324219,697.963623046875,703.757446289062,16034828.65625,5276349,1,414,1
193.973856502242,193.973480224609,193.973968505859,699.351257324219,697.963623046875,706.742004394531,20606157.84375,4269645,1,415,1
143.996981456025,143.996658325195,143.997024536133,699.351257324219,697.963623046875,704.84619140625,24202841.859375,3847820.75,1,416,1
314.943562946805,314.943206787109,314.944488525391,699.351257324219,698.657348632812,706.742004394531,12738304.2978516,3707595,1,417,1
112.018364493957,112.017776489258,112.018486022949,699.351257324219,697.590698242188,705.20849609375,13430000.1875,3663207.25,1,418,1
273.917051046927,273.916473388672,273.917785644531,699.351257324219,698.657348632812,707.104248046875,13156493.2070312,3375603.5,1,419,1
296.97094721577,296.970489501953,296.97216796875,699.351257324219,698.310485839844,701.953247070312,9561176.09375,3086046.75,1,420,1
282.905053065246,282.904022216797,282.906799316406,699.351257324219,697.963623046875,701.606323242188,9484632.48046875,2993229,1,421,1
350.892349790937,350.891235351562,350.893768310547,699.351257324219,697.963623046875,707.104248046875,9742965.98730469,2878083.25,1,422,1
214.917690573289,214.91748046875,214.918212890625,699.351257324219,698.657348632812,704.120971679688,8715988.73046875,2673613.25,1,423,1
341.904644371411,341.904266357422,341.905395507812,699.351257324219,697.963623046875,704.120971679688,8402635.05859375,2464652.75,1,424,1
323.931445496833,323.929534912109,323.931854248047,699.351257324219,698.310485839844,703.757446289062,8945149.90625,2366723.75,1,425,1
143.959125904216,143.958953857422,143.959197998047,699.351257324219,697.963623046875,704.84619140625,17131604.03125,2279626,1,426,1
336.193345975656,336.192749023438,336.193542480469,699.351257324219,695.337341308594,705.20849609375,22319109.71875,2203288.5,1,427,1
185.023581459502,185.023178100586,185.024017333984,699.351257324219,697.963623046875,706.017333984375,15683994.9375,2200289.5,1,428,1
273.954917564366,273.953826904297,273.955169677734,699.351257324219,699.00439453125,703.757446289062,7551316.16796875,2106542.25,1,429,1
110.009173068253,110.009124755859,110.009483337402,699.351257324219,697.963623046875,704.48388671875,10868759.3671875,1838271,1,430,1
280.993103630833,280.992462158203,280.993835449219,699.351257324219,697.963623046875,705.20849609375,5125987.76171875,1711587.25,1,431,1
300.915646722666,300.915313720703,300.917083740234,699.351257324219,698.657348632812,702.670288085938,4888323.19335938,1673423.75,1,432,1
368.865369824658,368.864776611328,368.866333007812,699.351257324219,698.657348632812,703.394775390625,5957784.03515625,1673082.875,1,433,1
208.039506416345,208.039337158203,208.040145874023,699.351257324219,698.310485839844,707.466491699219,9241504.92578125,1667568.5,1,434,1
316.93906440606,316.937774658203,316.939270019531,699.351257324219,699.00439453125,706.379760742188,4224509.62988281,1544741.625,1,435,1
140.995948169878,140.995727539062,140.996215820312,699.351257324219,697.963623046875,704.84619140625,11580616.8125,1533831.375,1,436,1
181.014593123217,181.014312744141,181.014907836914,699.351257324219,697.590698242188,704.48388671875,9680749.19238281,1519938.625,1,437,1
275.912462909417,275.911743164062,275.912933349609,699.351257324219,698.657348632812,704.120971679688,5239434.82617188,1511344.875,1,438,1
291.927508185286,291.927185058594,291.928344726562,699.351257324219,699.00439453125,705.570739746094,5717729.41796875,1448524.625,1,439,1
232.928148415192,232.927795410156,232.929473876953,699.351257324219,699.00439453125,712.26123046875,4378131.43310547,1438958.25,1,440,1
239.966550358116,239.966171264648,239.967483520508,699.351257324219,697.963623046875,706.742004394531,4346553.41894531,1427434.75,1,441,1
207.017680773186,207.016754150391,207.017974853516,699.351257324219,697.963623046875,705.570739746094,4642353.13964844,1368813.25,1,442,1
115.964496773557,115.964408874512,115.964584350586,699.351257324219,698.657348632812,704.84619140625,7141805.0234375,1316747.625,1,443,1
143.981039496651,143.980804443359,143.981246948242,699.351257324219,697.963623046875,704.84619140625,7534173.34375,1281028.125,1,444,1
112.978913630191,112.978797912598,112.979225158691,699.351257324219,697.963623046875,704.48388671875,6243737.02734375,1229437.5,1,445,1
300.877627776405,300.876831054688,300.878540039062,699.351257324219,698.657348632812,703.394775390625,4824345.79101562,1220010.25,1,446,1
226.012122098447,226.01188659668,226.012420654297,699.351257324219,697.963623046875,704.84619140625,9243463.7109375,1162734,1,447,1
100.957294107217,100.957206726074,100.957511901855,699.351257324219,697.590698242188,704.84619140625,6878031.21142578,1161202.625,1,448,1
343.899838756435,343.898559570312,343.90087890625,699.351257324219,698.657348632812,702.670288085938,3340504.06445312,1077875.875,1,449,1
239.149219637982,239.148895263672,239.149765014648,699.351257324219,695.026977539062,704.48388671875,8330095.4140625,970732.5625,1,450,1
307.954274576337,307.954010009766,307.954803466797,699.351257324219,698.657348632812,700.773620605469,3039750.82421875,940083.0625,1,451,1
170.957944858919,170.957336425781,170.958084106445,699.351257324219,697.963623046875,703.032470703125,3824418.7890625,901065.75,1,452,1
181.988329120638,181.987457275391,181.988510131836,699.351257324219,697.963623046875,704.84619140625,6679276.17285156,896489.875,1,453,1
298.96595300627,298.965209960938,298.966766357422,699.351257324219,698.657348632812,703.757446289062,2357093.31640625,834757.3125,1,454,1
188.978674094973,188.978363037109,188.978988647461,699.351257324219,697.963623046875,706.379760742188,5897120.0625,830417.3125,1,455,1
154.00503457956,154.004669189453,154.005340576172,699.351257324219,697.963623046875,705.570739746094,3833845.5625,794560.3125,1,456,1
150.11273093261,150.112396240234,150.112854003906,699.351257324219,695.337341308594,704.48388671875,7844276.76928711,783654.6875,1,457,1
128.019507418139,128.019088745117,128.019607543945,699.351257324219,697.963623046875,704.48388671875,5646557.96484375,774459.625,1,458,1
232.890600953848,232.890075683594,232.890930175781,699.351257324219,699.00439453125,705.570739746094,2995518.2421875,774228.75,1,459,1
165.991212935877,165.990463256836,165.991409301758,699.351257324219,697.963623046875,704.120971679688,3202770.12695312,767615,1,460,1
403.874996971085,403.874267578125,403.875732421875,699.351257324219,699.00439453125,700.773620605469,1892732.140625,755810.8125,1,461,1
238.943528987754,238.942977905273,238.944412231445,699.351257324219,698.310485839844,706.017333984375,3828451.078125,717613.5625,1,462,1
156.990798398692,156.990524291992,156.990951538086,699.351257324219,697.963623046875,706.017333984375,4123753.5234375,704480.75,1,463,1
117.95998960439,117.959815979004,117.960136413574,699.351257324219,697.963623046875,708.916625976562,3101113.66210938,683232.9375,1,464,1
224.128314522827,224.127548217773,224.128524780273,699.351257324219,697.590698242188,704.84619140625,5312486.42041016,676141.375,1,465,1
118.967766384048,118.967552185059,118.967849731445,699.351257324219,699.00439453125,705.20849609375,4696613.25,646290.3125,1,466,1
318.888766717398,318.887603759766,318.890075683594,699.351257324219,698.310485839844,704.120971679688,2680690.83007812,625511.125,1,467,1
302.87329566493,302.872741699219,302.874298095703,699.351257324219,698.657348632812,701.606323242188,1999156.875,622022.4375,1,468,1
126.989818684915,126.989669799805,126.989974975586,699.351257324219,698.657348632812,705.570739746094,3788198.6875,614710.3125,1,469,1
184.002344895784,184.001831054688,184.002838134766,699.351257324219,697.963623046875,703.757446289062,2329008.50195312,597627.875,1,470,1
332.915948991551,332.91455078125,332.916412353516,699.351257324219,699.00439453125,701.244140625,2362452.484375,576904.625,1,471,1
100.510567297801,100.51042175293,100.510810852051,699.351257324219,698.657348632812,710.003112792969,2147030.5859375,571803,1,472,1
129.979282893089,129.979064941406,129.979415893555,699.351257324219,698.657348632812,707.104248046875,3443519.265625,570768.5625,1,473,1
293.922609695653,293.920745849609,293.923431396484,699.351257324219,699.00439453125,711.535766601562,2311099.05078125,567120.125,1,474,1
131.533695659865,131.53352355957,131.533920288086,699.351257324219,698.657348632812,703.757446289062,1809236.47753906,550613.4375,1,475,1
125.972703130857,125.972297668457,125.973022460938,699.351257324219,697.963623046875,706.017333984375,4208003.38671875,546603.5,1,476,1
265.904140075848,265.903442382812,265.904663085938,699.351257324219,698.657348632812,709.639526367188,1977021.53417969,520892.125,1,477,1
300.96303489675,300.962554931641,300.963348388672,699.351257324219,699.00439453125,702.307861328125,1475083.16210938,477842.375,1,478,1
337.196154502886,337.194549560547,337.197601318359,699.351257324219,695.337341308594,705.20849609375,4567801.7578125,477408.4375,1,479,1
250.901161521981,250.900955200195,250.902221679688,699.351257324219,699.00439453125,704.120971679688,2140394.86425781,465459.4375,1,480,1
139.018002938432,139.017776489258,139.018096923828,699.351257324219,698.310485839844,702.307861328125,1602502,426404.34375,1,481,1
134.071542981121,134.071136474609,134.072021484375,699.351257324219,694.724243164062,703.757446289062,2211379.87011719,386453.1875,1,482,1
234.885828921252,234.885360717773,234.886260986328,699.351257324219,699.00439453125,702.670288085938,1237700.734375,377934.59375,1,483,1
158.986364758432,158.986129760742,158.986602783203,699.351257324219,697.963623046875,704.48388671875,1830473.2421875,349495.0625,1,484,1
160.985833824535,160.985473632812,160.986450195312,699.351257324219,699.00439453125,705.570739746094,2640475.80078125,327955.625,1,485,1
163.965073091746,163.964828491211,163.965316772461,699.351257324219,697.963623046875,706.742004394531,2450705.54296875,321032.53125,1,486,1
404.207486682789,404.207397460938,404.207885742188,359.770080566406,357.214447021484,365.010955810547,162295643.960938,24870518,1,487,1
387.180755572152,387.180572509766,387.181579589844,359.770080566406,355.273071289062,365.010955810547,127541672.793457,19265114,1,488,1
405.21083922268,405.210418701172,405.211486816406,359.770080566406,357.579681396484,365.010955810547,40062989.9414062,6198925.5,1,489,1
409.162704288354,409.160888671875,409.163269042969,359.770080566406,357.579681396484,365.010955810547,32375487.8398438,4821132.5,1,490,1
388.184152813659,388.183166503906,388.184722900391,359.770080566406,357.579681396484,365.010955810547,30674468.1425781,4749465.5,1,491,1
432.238962263149,432.238586425781,432.239837646484,359.770080566406,357.948822021484,363.128448486328,13496244.3125,2208188.25,1,492,1
426.139999672251,426.139190673828,426.140625,359.770080566406,358.319213867188,365.010955810547,12057854.9394531,1918158.625,1,493,1
105.069938309578,105.069839477539,105.070510864258,359.770080566406,355.273071289062,365.010955810547,11082720.3183594,1733620.875,1,494,1
410.16601023649,410.165405273438,410.166961669922,359.770080566406,357.948822021484,364.256072998047,7808121.36523438,1179290.5,1,495,1
406.213426867622,406.212646484375,406.214202880859,359.770080566406,358.319213867188,364.640075683594,6608316.33691406,1033340.25,1,496,1
121.064583493031,121.064506530762,121.06462097168,359.770080566406,358.685455322266,360.943572998047,3837129.625,732722.375,1,497,1
433.242455304105,433.241149902344,433.243743896484,359.770080566406,358.319213867188,362.394714355469,3490987.35546875,573124.1875,1,498,1
811.311138229462,811.309020996094,811.312866210938,359.770080566406,359.051055908203,362.032440185547,1032935.68261719,238291.09375,1,499,1
411.16906341284,411.168518066406,411.170959472656,359.770080566406,358.685455322266,361.305816650391,1008276.6796875,204461.90625,1,500,1
428.139944960885,428.138366699219,428.141235351562,359.770080566406,358.685455322266,363.128448486328,912987.46875,145071.515625,1,501,1
258.110240031444,258.109954833984,258.110412597656,31.457405090332,29.9651641845703,36.7900352478027,150071208.3125,23844038,1,502,1
169.05858775697,169.058471679688,169.058822631836,31.457405090332,29.6095314025879,36.0644149780273,85109069.734375,19726102,1,503,1
280.092288101492,280.091583251953,280.093048095703,31.457405090332,29.9651641845703,40.758544921875,73125349.65625,18926252,1,504,1
148.079828767345,148.079711914062,148.080062866211,31.457405090332,29.9651641845703,37.1532897949219,22432673.8515625,2736699,1,505,1
151.047991160591,151.047882080078,151.048538208008,31.457405090332,29.9651641845703,32.8515396118164,9995082.4140625,2521186,1,506,1
259.113666939108,259.113250732422,259.114074707031,31.457405090332,30.3197917938232,36.7900352478027,13001680.6484375,2030313.25,1,507,1
152.031971744037,152.031768798828,152.032073974609,31.457405090332,30.3197917938232,32.5046577453613,5547507.515625,1359492.625,1,508,1
331.111603206832,331.111022949219,331.113128662109,31.457405090332,30.3197917938232,40.3962860107422,5958759.69238281,1240043.875,1,509,1
170.061958592411,170.061874389648,170.062042236328,31.457405090332,30.3197917938232,32.5046577453613,4348144.421875,1090800.625,1,510,1
187.03061196694,187.030456542969,187.030883789062,31.457405090332,30.3197917938232,32.1576652526855,2294899.43359375,679306.0625,1,511,1
315.128217740488,315.127685546875,315.128692626953,31.457405090332,30.6666698455811,33.1984176635742,2215149.76171875,502566.09375,1,512,1
231.170561025877,231.169799804688,231.171325683594,31.457405090332,29.6095314025879,34.594783782959,3276844.02734375,497114,1,513,1
347.085512171394,347.084838867188,347.086547851562,31.457405090332,30.3197917938232,32.8515396118164,2084022.5078125,472572.375,1,514,1
216.063592448635,216.063034057617,216.063781738281,31.457405090332,29.9651641845703,32.5046577453613,1896351.453125,392665.59375,1,515,1
250.092216710976,250.091857910156,250.093032836914,31.457405090332,30.3197917938232,36.7900352478027,2742488.77929688,352054.4375,1,516,1
332.041820184719,332.041473388672,332.042236328125,31.457405090332,30.6666698455811,32.1576652526855,1073772.75,315919.59375,1,517,1
101.071513568216,101.071388244629,101.071678161621,31.457405090332,30.3197917938232,36.7900352478027,2368406.70703125,310136.84375,1,518,1
121.069266602206,121.069061279297,121.069435119629,31.457405090332,30.6666698455811,34.594783782959,1784453.56640625,303591.03125,1,519,1
282.096372739871,282.096099853516,282.096710205078,31.457405090332,30.6666698455811,32.1576652526855,948432.2421875,287152.21875,1,520,1
197.117644450296,197.117492675781,197.117813110352,209.631118774414,206.064529418945,214.749755859375,141468924.632812,23578876,1,521,1
198.120897586198,198.120849609375,198.121505737305,209.631118774414,207.847747802734,214.749755859375,16916965.1132812,2918068.5,1,522,1
219.099586890546,219.099533081055,219.100234985352,209.631118774414,207.847747802734,214.428497314453,10017089.8457031,1727826.625,1,523,1
214.144108062682,214.143692016602,214.144500732422,209.631118774414,203.543991088867,218.655517578125,4812110.07421875,802616.5,1,524,1
228.159799073412,228.159255981445,228.160125732422,209.631118774414,207.640609741211,214.749755859375,3136382.56396484,593246.75,1,525,1
135.11717558627,135.117126464844,135.117294311523,209.631118774414,207.331161499023,213.734878540039,3430934.27734375,503693.34375,1,526,1
235.073525297354,235.073272705078,235.07373046875,209.631118774414,208.531875610352,214.040161132812,2407059.70605469,414855.71875,1,527,1
260.126163743987,260.126037597656,260.126647949219,209.631118774414,208.229507446289,211.922119140625,1286654.22363281,274075.3125,1,528,1
242.175305016348,242.174438476562,242.175796508789,209.631118774414,200.646881103516,222.623001098633,1654727.05908203,257777.015625,1,529,1
180.110234857289,180.10954284668,180.110870361328,209.631118774414,208.531875610352,221.036376953125,1346838.18139648,223884.1875,1,530,1
133.101562041099,133.101501464844,133.101684570312,209.631118774414,208.531875610352,213.41552734375,1418296.20507812,222453.96875,1,531,1
257.14987186476,257.149658203125,257.150390625,209.631118774414,208.905624389648,212.291641235352,1121809.7890625,217164.015625,1,532,1
220.102948387878,220.102844238281,220.103134155273,209.631118774414,208.905624389648,211.197631835938,992750.9765625,205459.859375,1,533,1
107.086126725308,107.086059570312,107.08625793457,209.631118774414,206.693267822266,213.03776550293,1555617.93554688,203939.59375,1,534,1
166.086587373594,166.086502075195,166.086730957031,82.5928115844727,78.2724304199219,88.1574401855469,170079800.222656,22937456,1,535,1
120.081220971587,120.080993652344,120.081298828125,82.5928115844727,78.2724304199219,88.1574401855469,154818484.551758,20811164,1,536,1
121.084513313087,121.084457397461,121.084663391113,82.5928115844727,80.2979431152344,87.4214401245117,13140225.0839844,1756792.375,1,537,1
210.050431727592,210.050262451172,210.050720214844,82.5928115844727,80.6654434204102,88.1574401855469,4185841.41699219,561508.9375,1,538,1
188.068537388758,188.068481445312,188.068725585938,82.5928115844727,81.1404342651367,85.1338043212891,3358038.90625,543777.25,1,539,1
131.049508480796,131.049407958984,131.049667358398,82.5928115844727,80.2979431152344,87.788818359375,2017127.26367188,294780.34375,1,540,1
118.086663569184,118.086570739746,118.086723327637,699.00439453125,695.337341308594,704.48388671875,198721330.34375,21713526,1,541,1
125.0712605706,125.070930480957,125.071365356445,699.00439453125,694.108520507812,706.017333984375,76119695.25,8536966,1,542,1
220.934739262999,220.934310913086,220.934951782227,699.00439453125,697.963623046875,705.20849609375,26671876.8476562,6313641,1,543,1
151.035426570426,151.035247802734,151.035491943359,699.00439453125,697.963623046875,704.48388671875,33079253.125,6158646,1,544,1
121.040033030005,121.039932250977,121.040222167969,699.00439453125,696.601623535156,704.84619140625,33230471.1914062,4845870,1,545,1
152.947269125593,152.947174072266,152.947357177734,699.00439453125,697.963623046875,705.570739746094,20638726.515625,4220385.5,1,546,1
338.161132241742,338.160614013672,338.162475585938,699.00439453125,695.026977539062,704.120971679688,18344839.96875,3172267.25,1,547,1
139.050413738791,139.050231933594,139.050537109375,699.00439453125,695.337341308594,704.84619140625,26528722.3144531,3010635.5,1,548,1
418.879706337231,418.878143310547,418.881622314453,699.00439453125,697.963623046875,702.670288085938,4966220.75488281,1449706.75,1,549,1
238.907429516382,238.90657043457,238.908081054688,699.00439453125,697.963623046875,708.191101074219,5904607.30859375,1359104,1,550,1
232.147213490984,232.145477294922,232.147842407227,699.00439453125,697.590698242188,704.120971679688,5198101.10009766,1337327.375,1,551,1
195.122964625619,195.122680664062,195.123184204102,699.00439453125,695.026977539062,704.48388671875,9833149.3828125,1268733.625,1,552,1
168.016283616977,168.016143798828,168.016632080078,699.00439453125,697.963623046875,704.48388671875,7096860.66015625,1264671.125,1,553,1
190.097587787529,190.097229003906,190.098007202148,699.00439453125,694.724243164062,703.757446289062,6548655.79296875,1254040.125,1,554,1
334.914372996074,334.912567138672,334.916748046875,699.00439453125,698.310485839844,702.670288085938,4868437.2265625,1194344,1,555,1
119.089961955095,119.089683532715,119.090202331543,699.00439453125,695.724487304688,704.84619140625,10505565.611084,1161605,1,556,1
126.078130361942,126.07772064209,126.078414916992,699.00439453125,697.963623046875,706.379760742188,7669637.7421875,1075078.5,1,557,1
153.033095144202,153.032897949219,153.03337097168,699.00439453125,697.963623046875,705.570739746094,5251081.578125,1058778.125,1,558,1
184.108267519347,184.108093261719,184.108428955078,699.00439453125,697.590698242188,704.120971679688,6905168.21972656,879615.875,1,559,1
167.093087060375,167.092742919922,167.093658447266,699.00439453125,697.590698242188,702.670288085938,4435135.49804688,775682.5625,1,560,1
183.010028314184,183.009429931641,183.010299682617,699.00439453125,697.963623046875,704.48388671875,3402874.03125,677121,1,561,1
161.969763985668,161.96955871582,161.970138549805,699.00439453125,697.963623046875,705.20849609375,6291015.203125,654942.5,1,562,1
169.045936077434,169.045532226562,169.046173095703,699.00439453125,697.963623046875,704.48388671875,3853607.44921875,650673.625,1,563,1
259.130140432715,259.129302978516,259.131622314453,699.00439453125,693.789123535156,705.20849609375,3112059.66870117,622273.6875,1,564,1
149.082522075454,149.082321166992,149.082763671875,699.00439453125,695.026977539062,704.120971679688,3230905.1171875,618249.75,1,565,1
152.036409325783,152.035919189453,152.036880493164,699.00439453125,697.963623046875,704.48388671875,3541457.5859375,590564.375,1,566,1
314.180440922723,314.179473876953,314.181610107422,699.00439453125,691.131591796875,710.366333007812,2268949.10522461,405907.78125,1,567,1
209.013073398067,209.012710571289,209.013305664062,699.00439453125,698.310485839844,700.773620605469,1527594.04296875,341000.46875,1,568,1
152.082043165433,152.08186340332,152.082290649414,699.00439453125,695.026977539062,703.394775390625,2710990.28515625,330338.78125,1,569,1
256.175783396562,256.174774169922,256.176696777344,699.00439453125,694.350341796875,707.466491699219,2527588.75097656,325684.78125,1,570,1
122.043516512604,122.043319702148,122.043891906738,699.00439453125,697.963623046875,705.20849609375,1895349.29882812,219918.796875,1,571,1
133.061018240209,133.060928344727,133.061111450195,31.1105403900146,29.6095314025879,36.7900352478027,128848430.15625,18165156,1,572,1
296.066287142066,296.066131591797,296.066619873047,31.1105403900146,29.9651641845703,35.2972946166992,46129063.3398438,11840818,1,573,1
185.032545233989,185.032043457031,185.032699584961,31.1105403900146,29.2452812194824,35.2972946166992,32783141.0429688,9115937,1,574,1
155.042906137818,155.042846679688,155.043060302734,31.1105403900146,29.6095314025879,35.644172668457,39640898.34375,8240912,1,575,1
106.05034344259,106.050132751465,106.050506591797,31.1105403900146,29.6095314025879,36.4276695251465,16654257.5703125,2320627.25,1,576,1
171.01686762328,171.016754150391,171.016937255859,31.1105403900146,29.9651641845703,32.5046577453613,8440763.65625,2115292.25,1,577,1
297.069935297765,297.069671630859,297.070770263672,31.1105403900146,30.3197917938232,32.5046577453613,4091908.5,1057391.125,1,578,1
298.064114868785,298.063812255859,298.065124511719,31.1105403900146,30.3197917938232,32.1576652526855,3199028.625,943043,1,579,1
134.064317449232,134.064147949219,134.064544677734,31.1105403900146,30.3197917938232,36.4276695251465,5286982.90625,816410.25,1,580,1
161.092277392635,161.092102050781,161.092559814453,31.1105403900146,29.6095314025879,36.0644149780273,5371518.69921875,733586.125,1,581,1
186.036057016171,186.035827636719,186.036209106445,31.1105403900146,30.6666698455811,32.1576652526855,1555666.1015625,530918.5,1,582,1
304.150667689654,304.150268554688,304.151458740234,31.1105403900146,29.6095314025879,37.5082817077637,5346628.984375,486851.125,1,583,1
164.029574503311,164.029449462891,164.029632568359,31.1105403900146,30.3197917938232,32.1576652526855,1520478.5546875,387014.75,1,584,1
217.998950003191,217.998580932617,217.999450683594,31.1105403900146,30.3197917938232,32.1576652526855,1209059.9765625,349276.75,1,585,1
149.080892512312,149.080383300781,149.081466674805,31.1105403900146,30.3197917938232,38.5981674194336,2723035.69921875,281893.40625,1,586,1
128.107392044828,128.107315063477,128.107666015625,31.1105403900146,27.0906639099121,35.644172668457,1257084.8203125,208392.921875,1,587,1
493.256736541581,493.255462646484,493.257385253906,316.217559814453,311.334289550781,321.052429199219,137128845.71582,17563364,1,588,1
509.230623334355,509.229125976562,509.230804443359,316.217559814453,313.534820556641,321.052429199219,73346007.640625,9873838,1,589,1
494.260104846275,494.259857177734,494.261108398438,316.217559814453,312.798553466797,321.052429199219,41907330.1801758,5374404,1,590,1
510.234062570045,510.232299804688,510.234649658203,316.217559814453,313.534820556641,321.052429199219,22637734.9648438,2985917.5,1,591,1
531.307266491234,531.306823730469,531.307739257812,316.217559814453,313.909332275391,318.028564453125,6419711.41015625,1148956.125,1,592,1
516.332971554836,516.332824707031,516.334777832031,316.217559814453,313.534820556641,318.028564453125,6022995.87109375,1011907.4375,1,593,1
299.16441010158,299.163513183594,299.164916992188,316.217559814453,313.534820556641,318.756195068359,2069473.08691406,368405.6875,1,594,1
532.309746518771,532.307800292969,532.310729980469,316.217559814453,313.909332275391,318.028564453125,2002236.76611328,346512.34375,1,595,1
517.336173408051,517.333862304688,517.337585449219,316.217559814453,314.271545410156,318.756195068359,1935401.36914062,330299,1,596,1
980.502502086754,980.500915527344,980.508361816406,316.217559814453,314.271545410156,317.309661865234,1306604.53125,251160.515625,1,597,1
491.310330230214,491.309204101562,491.312774658203,316.217559814453,313.909332275391,318.028564453125,868173.385742188,146495.84375,1,598,1
399.251307511895,399.251220703125,399.251953125,483.016510009766,478.539764404297,488.586761474609,134048438.359375,16986608,1,599,1
400.254603012583,400.252868652344,400.254852294922,483.016510009766,479.264251708984,488.586761474609,27064802.0439453,3375909.5,1,600,1
421.233122552802,421.233001708984,421.234039306641,483.016510009766,480.356628417969,488.586761474609,18864748.3066406,2474379,1,601,1
378.321973030034,378.321441650391,378.322113037109,483.016510009766,478.539764404297,488.586761474609,25175817.7226562,2294305.75,1,602,1
543.341250097003,543.3408203125,543.342468261719,483.016510009766,477.434631347656,488.224639892578,10073516.9023438,991998.3125,1,603,1
437.207561887329,437.207305908203,437.209655761719,483.016510009766,480.720001220703,487.493011474609,5716145.56494141,800248.3125,1,604,1
543.843065708809,543.842224121094,543.843566894531,483.016510009766,477.434631347656,488.224639892578,6433818.26953125,620410,1,605,1
356.28005723333,356.279846191406,356.281707763672,483.016510009766,479.264251708984,488.586761474609,5871200.28027344,600941.625,1,606,1
401.256852758895,401.256072998047,401.257263183594,483.016510009766,481.194610595703,488.586761474609,4273547.28125,540846.5625,1,607,1
322.274639949619,322.274200439453,322.275115966797,483.016510009766,480.356628417969,487.856262207031,3460210.70410156,504218.03125,1,608,1
422.236498304755,422.236175537109,422.236663818359,483.016510009766,481.557006835938,486.038146972656,3312788.1640625,492962.40625,1,609,1
444.307733484268,444.305541992188,444.308868408203,483.016510009766,481.194610595703,488.586761474609,1399667.14257812,203320,1,610,1
132.102246951917,132.102081298828,132.10237121582,49.6722984313965,45.5804328918457,57.4899291992188,164723125.328125,16714071,1,611,1
113.035099905037,113.035034179688,113.035224914551,49.6722984313965,47.5007934570312,54.4864234924316,1126550.83300781,181292.859375,1,612,1
242.925731272265,242.925674438477,242.926345825195,28.163028717041,26.3659076690674,30.6666698455811,77949305.8144531,14562439,1,613,1
226.951738160325,226.95166015625,226.9521484375,28.163028717041,26.7282886505127,30.6666698455811,60365553.15625,10116054,1,614,1
258.899624529484,258.899078369141,258.899932861328,28.163028717041,26.7282886505127,30.6666698455811,41149570.5585938,8826527,1,615,1
122.924836705488,122.924797058105,122.925079345703,28.163028717041,26.3659076690674,31.1105403900146,38349328.6318359,7620183,1,616,1
378.900666785843,378.900512695312,378.900939941406,28.163028717041,26.7282886505127,30.3197917938232,22532158.71875,4723600,1,617,1
394.87472008953,394.873870849609,394.874969482422,28.163028717041,26.7282886505127,30.3197917938232,20201235.3798828,4629878.5,1,618,1
462.862116195587,462.860412597656,462.862670898438,28.163028717041,26.7282886505127,29.9651641845703,17604207.550293,4068551.75,1,619,1
446.88829139918,446.887634277344,446.8896484375,28.163028717041,26.7282886505127,30.3197917938232,18052819.9257812,3995239.5,1,620,1
274.873436587112,274.873199462891,274.873870849609,28.163028717041,26.7282886505127,30.6666698455811,16070856.3232422,3696930.75,1,621,1
326.887075830539,326.886291503906,326.887512207031,28.163028717041,26.7282886505127,30.3197917938232,13802489.125,2901902.75,1,622,1
310.913080620021,310.911956787109,310.914031982422,28.163028717041,26.7282886505127,30.3197917938232,14405878.21875,2725222,1,623,1
478.836326190594,478.835540771484,478.837554931641,28.163028717041,27.0906639099121,29.9651641845703,10307521.7421875,2497453,1,624,1
530.850036394098,530.848937988281,530.850646972656,28.163028717041,27.0906639099121,29.9651641845703,9996091.734375,2489769.5,1,625,1
174.938257715902,174.938095092773,174.9384765625,28.163028717041,26.7282886505127,30.6666698455811,13217238.421875,2456895.5,1,626,1
156.077049818549,156.076843261719,156.077484130859,28.163028717041,23.7167797088623,34.594783782959,27448772.6015625,2425835,1,627,1
410.848554043851,410.848297119141,410.849548339844,28.163028717041,27.0906639099121,29.9651641845703,10233780.296875,2410800.5,1,628,1
362.926606914682,362.926208496094,362.927764892578,28.163028717041,26.7282886505127,30.3197917938232,11375651.4140625,2063130.125,1,629,1
514.876110648453,514.87548828125,514.877075195312,28.163028717041,26.7282886505127,29.9651641845703,9157855.35546875,2028280.625,1,630,1
106.950850586514,106.950782775879,106.951156616211,28.163028717041,26.3659076690674,30.3197917938232,10767751.1079102,1950778.125,1,631,1
546.824043162678,546.82373046875,546.824645996094,28.163028717041,27.0906639099121,29.6095314025879,6156066.6875,1713078.875,1,632,1
598.838093408544,598.837768554688,598.838989257812,28.163028717041,27.0906639099121,29.6095314025879,6750882.484375,1614773.125,1,633,1
582.864218227667,582.863159179688,582.865051269531,28.163028717041,27.0906639099121,29.9651641845703,5243039.40625,1301593.5,1,634,1
614.812795978624,614.812683105469,614.813781738281,28.163028717041,27.0906639099121,29.6095314025879,4899613.01171875,1256258.875,1,635,1
260.897471628629,260.897308349609,260.898132324219,28.163028717041,26.7282886505127,30.3197917938232,5766697.77587891,1247337.125,1,636,1
124.922967713219,124.922912597656,124.923301696777,28.163028717041,26.7282886505127,30.3197917938232,5629327.28417969,1108476.875,1,637,1
666.826197916048,666.82421875,666.82763671875,28.163028717041,27.0906639099121,29.6095314025879,4282156.36328125,1085304.75,1,638,1
682.799755727629,682.799255371094,682.800964355469,28.163028717041,27.0906639099121,29.6095314025879,3776464.19140625,1070940.375,1,639,1
244.923206400073,244.923049926758,244.924545288086,28.163028717041,26.7282886505127,29.9651641845703,5476893.49609375,1050300.75,1,640,1
189.160042166159,189.159820556641,189.160217285156,28.163028717041,26.3659076690674,31.8042831420898,6273214.89648438,1032817.75,1,641,1
156.04230006202,156.041351318359,156.042495727539,28.163028717041,23.7167797088623,30.6666698455811,5469299.26757812,993585.5625,1,642,1
294.939265544785,294.93798828125,294.940490722656,28.163028717041,26.7282886505127,30.3197917938232,5765106.06445312,985276.25,1,643,1
750.786770583803,750.784362792969,750.788146972656,28.163028717041,27.0906639099121,29.2452812194824,3075190.73046875,932555.3125,1,644,1
202.068871731393,202.068649291992,202.069412231445,28.163028717041,26.3659076690674,31.8042831420898,6798642.5546875,888360.8125,1,645,1
494.810019146944,494.8076171875,494.810882568359,28.163028717041,27.0906639099121,29.6095314025879,3432409.453125,830697.1875,1,646,1
110.071824488615,110.071548461914,110.071983337402,28.163028717041,23.7167797088623,33.5452842712402,8716454.62890625,823910.625,1,647,1
734.813595286533,734.81298828125,734.816284179688,28.163028717041,27.0906639099121,29.2452812194824,3011065.85742188,813771.875,1,648,1
650.85236498493,650.851318359375,650.852722167969,28.163028717041,27.4527912139893,29.2452812194824,2924558.25,712691.0625,1,649,1
464.860814974223,464.860504150391,464.862426757812,28.163028717041,27.0906639099121,29.9651641845703,2913307.17578125,711333.5625,1,650,1
396.873208057807,396.872741699219,396.874481201172,28.163028717041,27.0906639099121,29.6095314025879,3066013.69140625,691463.9375,1,651,1
630.786381324057,630.784423828125,630.787048339844,28.163028717041,27.4527912139893,29.6095314025879,2590837.390625,686246.125,1,652,1
562.798604569039,562.797424316406,562.802307128906,28.163028717041,27.0906639099121,29.6095314025879,2560839.19335938,666310.4375,1,653,1
206.886138436003,206.886016845703,206.886688232422,28.163028717041,27.0906639099121,29.6095314025879,2452544.82226562,653958.9375,1,654,1
480.834497308554,480.834014892578,480.835876464844,28.163028717041,27.0906639099121,29.2452812194824,2380632.53515625,645369,1,655,1
236.080101989418,236.079925537109,236.080978393555,28.163028717041,27.0906639099121,30.6666698455811,3330142.4921875,640994.875,1,656,1
698.773292422287,698.772094726562,698.774108886719,28.163028717041,27.4527912139893,29.2452812194824,1997295.375,632830,1,657,1
766.760620246007,766.758239746094,766.765075683594,28.163028717041,27.0906639099121,29.2452812194824,2071018.765625,622751.125,1,658,1
818.775018618982,818.773376464844,818.776550292969,28.163028717041,27.0906639099121,29.2452812194824,2114681.75976562,602419.375,1,659,1
412.846910098788,412.845916748047,412.848236083984,28.163028717041,27.0906639099121,29.6095314025879,2230384.47753906,546952.375,1,660,1
566.890322069495,566.888610839844,566.891357421875,28.163028717041,27.0906639099121,29.6095314025879,2660471.6015625,541958.0625,1,661,1
243.929306435769,243.929183959961,243.930191040039,28.163028717041,26.7282886505127,29.6095314025879,2723331.71289062,502673.125,1,662,1
216.014838121191,216.01448059082,216.015502929688,28.163028717041,26.7282886505127,30.3197917938232,3010728.45898438,489156.84375,1,663,1
834.748429556159,834.744506835938,834.749633789062,28.163028717041,27.0906639099121,29.2452812194824,1797217.05761719,459635.0625,1,664,1
802.802066819836,802.799682617188,802.802917480469,28.163028717041,27.0906639099121,29.2452812194824,1710743.57421875,447227.84375,1,665,1
140.068470255861,140.068283081055,140.068664550781,28.163028717041,23.7167797088623,32.1576652526855,4045844.49023438,441903.9375,1,666,1
328.885102640913,328.884094238281,328.885559082031,28.163028717041,27.0906639099121,29.6095314025879,1935016.48046875,418237.03125,1,667,1
718.839795577231,718.837585449219,718.842529296875,28.163028717041,27.0906639099121,29.2452812194824,1805293.6171875,415543.59375,1,668,1
532.84875423971,532.847534179688,532.849853515625,28.163028717041,27.0906639099121,29.2452812194824,1579296.09765625,408086.15625,1,669,1
548.82250922077,548.820617675781,548.825622558594,28.163028717041,27.0906639099121,29.2452812194824,1531238.91113281,401087.03125,1,670,1
440.870627230278,440.869812011719,440.871368408203,28.163028717041,26.7282886505127,29.9651641845703,2385913.7421875,377359.96875,1,671,1
448.887880725038,448.887542724609,448.890258789062,28.163028717041,27.0906639099121,29.6095314025879,1564190.921875,345601.71875,1,672,1
192.910254982686,192.910140991211,192.910491943359,28.163028717041,27.0906639099121,29.6095314025879,1575978.88671875,336487.0625,1,673,1
456.844092723864,456.8427734375,456.845794677734,28.163028717041,27.0906639099121,29.9651641845703,1684085.078125,308282.78125,1,674,1
379.903780261572,379.903015136719,379.905151367188,28.163028717041,27.4527912139893,29.2452812194824,1160669.0625,299524.1875,1,675,1
634.878707998676,634.876037597656,634.880065917969,28.163028717041,27.0906639099121,29.6095314025879,1294051.1875,277442.78125,1,676,1
463.865432951643,463.864471435547,463.866638183594,28.163028717041,27.4527912139893,29.2452812194824,1169482.6171875,275980.09375,1,677,1
447.891112755905,447.890411376953,447.891510009766,28.163028717041,27.0906639099121,29.2452812194824,1053539.75195312,264487.1875,1,678,1
164.074196965705,164.073867797852,164.07453918457,28.163028717041,27.0906639099121,31.457405090332,1282665.734375,185999.828125,1,679,1
194.032878903256,194.032669067383,194.033187866211,28.163028717041,27.0906639099121,31.1105403900146,1075090.63671875,181363.9375,1,680,1
377.864138800766,377.863128662109,377.865753173828,28.163028717041,27.0906639099121,29.6095314025879,972942.484375,172646.5,1,681,1
611.163280469735,611.163146972656,611.163818359375,177.533981323242,174.943740844727,182.019607543945,76037964.2070312,13107191,1,682,1
118.086812169051,118.086761474609,118.086860656738,177.533981323242,173.167236328125,181.634368896484,150089949,6734150.5,1,683,1
612.166675515168,612.166442871094,612.167297363281,177.533981323242,174.943740844727,182.019607543945,22744404.0722656,3876223.75,1,684,1
303.049761861584,303.049652099609,303.050415039062,177.533981323242,175.640975952148,182.019607543945,6489584.09228516,1098736,1,685,1
613.169011578116,613.168762207031,613.170837402344,177.533981323242,175.640975952148,182.019607543945,5717808.39941406,991740.375,1,686,1
634.148345264184,634.147827148438,634.150085449219,177.533981323242,175.260238647461,181.634368896484,3805993.89990234,680552,1,687,1
626.174106783762,626.173767089844,626.176086425781,177.533981323242,176.059356689453,181.634368896484,3189830.79492188,572267.6875,1,688,1
465.103982794905,465.103759765625,465.104309082031,177.533981323242,176.059356689453,178.989593505859,2304640.6953125,432396.8125,1,689,1
301.034703847743,301.034515380859,301.035125732422,177.533981323242,174.943740844727,181.319366455078,2825484.1015625,427926.875,1,690,1
303.142079778265,303.141876220703,303.142730712891,177.533981323242,172.407623291016,182.019607543945,4927600.66992188,426494.4375,1,691,1
631.129305185127,631.128540039062,631.130554199219,177.533981323242,176.059356689453,181.009735107422,1258422.68554688,257866.90625,1,692,1
304.053151427359,304.052947998047,304.054565429688,177.533981323242,176.440612792969,180.750854492188,1030031.19433594,211316.609375,1,693,1
614.171922298142,614.171203613281,614.174133300781,177.533981323242,176.059356689453,181.009735107422,1043006.99169922,206245.484375,1,694,1
635.151296322625,635.148498535156,635.152038574219,177.533981323242,176.059356689453,180.12776184082,912862.317871094,178091.96875,1,695,1
773.215373815951,773.215148925781,773.216125488281,130.251205444336,126.602210998535,135.109085083008,67588442.1484375,12229611,1,696,1
774.218877077171,774.216979980469,774.221069335938,130.251205444336,126.602210998535,135.109085083008,24899080.5527344,4544232.5,1,697,1
795.197194367754,795.196838378906,795.199462890625,130.251205444336,126.974349975586,133.652465820312,11454623.9726562,2016652.75,1,698,1
775.221264457126,775.220886230469,775.222595214844,130.251205444336,128.072952270508,134.380096435547,7199170.85351562,1363790.375,1,699,1
788.22660094507,788.222839355469,788.228881835938,130.251205444336,126.602210998535,137.76383972168,3163623.74072266,593484.5,1,700,1
301.034580160073,301.034057617188,301.035888671875,130.251205444336,127.707077026367,136.675079345703,2259091.78857422,390249.375,1,701,1
627.157417749717,627.155944824219,627.160888671875,130.251205444336,126.602210998535,132.180328369141,1385035.17480469,309167.5,1,702,1
776.223801691564,776.221313476562,776.224487304688,130.251205444336,128.435211181641,132.919967651367,1488645.43652344,279054.84375,1,703,1
811.171340420324,811.170349121094,811.17333984375,130.251205444336,128.435211181641,132.180328369141,1310545.58789062,254850.0625,1,704,1
463.087756180212,463.087493896484,463.0888671875,130.251205444336,127.707077026367,134.744338989258,1356015.29785156,248573.84375,1,705,1
797.203679830473,797.202392578125,797.207824707031,130.251205444336,128.802337646484,132.180328369141,1148212.1875,241307.640625,1,706,1
789.230231823555,789.227844238281,789.232482910156,130.251205444336,128.435211181641,133.289215087891,1037473.18164062,223025.09375,1,707,1
370.113893823733,370.112945556641,370.115051269531,130.251205444336,124.696464538574,135.472702026367,1923076.68652344,173842.796875,1,708,1
130.050250833986,130.050216674805,130.050308227539,48.2276649475098,38.9605445861816,54.4864234924316,76884602.953125,11598379,1,709,1
274.092437633579,274.091247558594,274.093353271484,48.2276649475098,42.3165397644043,55.5743026733398,11273934.7172852,2473479.25,1,710,1
280.139511499782,280.139007568359,280.14013671875,48.2276649475098,43.0431709289551,54.1241683959961,9150399.28125,2063592.375,1,711,1
291.10541012968,291.105255126953,291.105987548828,48.2276649475098,47.1381759643555,51.5930480957031,6236072.89453125,1250057.625,1,712,1
256.139619174931,256.139282226562,256.140838623047,48.2276649475098,47.1381759643555,56.0368003845215,4891198.71240234,1110539.375,1,713,1
239.112928736402,239.112655639648,239.113525390625,48.2276649475098,47.5007934570312,54.4864234924316,3176799.35449219,739910.3125,1,714,1
321.116061074084,321.115539550781,321.116455078125,48.2276649475098,43.7675476074219,53.0364189147949,4002003.61328125,694594.125,1,715,1
131.053538553931,131.053329467773,131.053695678711,48.2276649475098,43.0431709289551,54.4864234924316,3167091.29150391,680238.3125,1,716,1
174.112867788469,174.112686157227,174.113143920898,48.2276649475098,43.0431709289551,56.0368003845215,3198337.93164062,493340.0625,1,717,1
130.086612646179,130.086547851562,130.08674621582,48.2276649475098,40.0340347290039,53.0364189147949,4372716.83203125,430821.34375,1,718,1
307.079601472458,307.079498291016,307.0810546875,48.2276649475098,47.1381759643555,50.0354270935059,1592602.15527344,328276.65625,1,719,1
330.059109355006,330.058685302734,330.059509277344,48.2276649475098,47.5007934570312,53.3995513916016,1292751.93457031,258253.703125,1,720,1
302.121103828636,302.120391845703,302.121459960938,48.2276649475098,47.1381759643555,49.6722984313965,882269.772949219,197750.34375,1,721,1
163.039168493587,163.039108276367,163.039474487305,110.36994934082,105.990707397461,115.569580078125,64795139.234375,10609870,1,722,1
355.102744859383,355.101989746094,355.103057861328,110.36994934082,106.735069274902,115.569580078125,49657466.1162109,8165574.5,1,723,1
230.140373822819,230.140228271484,230.140518188477,110.36994934082,105.199714660645,116.792831420898,106382269.125,7139068.5,1,724,1
377.08481213004,377.084320068359,377.086364746094,110.36994934082,106.735069274902,115.569580078125,18149666.8574219,2897766.5,1,725,1
370.113740442695,370.113250732422,370.115509033203,110.36994934082,106.735069274902,115.569580078125,9884676.4140625,1652782.5,1,726,1
356.10611847244,356.105926513672,356.107025146484,110.36994934082,108.564193725586,115.569580078125,8735561.45507812,1520629.375,1,727,1
164.042471079941,164.042358398438,164.042694091797,110.36994934082,108.926567077637,115.569580078125,6325947.78125,1114464.125,1,728,1
375.0691285185,375.068939208984,375.069915771484,110.36994934082,108.564193725586,115.202209472656,4875473.99023438,937839.3125,1,729,1
231.144247508921,231.144058227539,231.144515991211,110.36994934082,105.199714660645,116.792831420898,12894666.5703125,865953.875,1,730,1
353.087147976985,353.086608886719,353.087524414062,110.36994934082,107.102821350098,113.738067626953,3749233.42333984,582139,1,731,1
378.088132922748,378.087768554688,378.088317871094,110.36994934082,108.564193725586,113.007331848145,3017885.73632812,563289.4375,1,732,1
393.058820055623,393.057708740234,393.059753417969,110.36994934082,108.564193725586,115.202209472656,2494689.63476562,443622.9375,1,733,1
371.116716577681,371.115142822266,371.117858886719,110.36994934082,108.200950622559,113.371459960938,1620554.62109375,284187.84375,1,734,1
357.108380692865,357.107757568359,357.109222412109,110.36994934082,109.28882598877,114.467079162598,1511342.84814453,268648.15625,1,735,1
399.067128238253,399.066101074219,399.067932128906,110.36994934082,108.926567077637,115.202209472656,1805478.68945312,264962.65625,1,736,1
181.049838323113,181.049530029297,181.050231933594,110.36994934082,108.926567077637,114.467079162598,1325184.56396484,233899.921875,1,737,1
132.065898443263,132.065780639648,132.065979003906,110.36994934082,103.019332885742,118.286331176758,6312355.4375,198439.234375,1,738,1
179.034071632325,179.033935546875,179.034408569336,110.36994934082,108.926567077637,115.202209472656,1147670.48144531,173984.71875,1,739,1
280.139449792689,280.139312744141,280.139587402344,34.9504165649414,33.8922920227051,40.0340347290039,47356645.75,9828895,1,740,1
130.086563055744,130.085983276367,130.086669921875,34.9504165649414,30.6666698455811,40.0340347290039,21817964.0859375,3646687.25,1,741,1
274.092287731994,274.091979980469,274.092376708984,34.9504165649414,33.8922920227051,40.3962860107422,17007248.9375,3071025.25,1,742,1
262.12890364164,262.128692626953,262.129180908203,34.9504165649414,33.8922920227051,39.6707878112793,14261764.234375,3033392,1,743,1
144.102139939837,144.102066040039,144.102264404297,34.9504165649414,33.1984176635742,39.6707878112793,12076681.4375,2101912.25,1,744,1
194.117874852362,194.117584228516,194.118515014648,34.9504165649414,30.6666698455811,40.0340347290039,8985718.55371094,1607935.375,1,745,1
121.040039386615,121.039573669434,121.04029083252,34.9504165649414,29.6095314025879,41.5920486450195,8351416.08300781,1507757.25,1,746,1
102.128322933451,102.128021240234,102.128479003906,34.9504165649414,22.3151664733887,47.5007934570312,9449919.0234375,1419904.75,1,747,1
256.081747533878,256.080993652344,256.082122802734,34.9504165649414,32.8515396118164,39.6707878112793,8720855.44140625,1263618.5,1,748,1
174.11283577006,174.11247253418,174.113082885742,34.9504165649414,30.6666698455811,40.3962860107422,7670369.8671875,1138216.625,1,749,1
281.142969329339,281.141571044922,281.143371582031,34.9504165649414,34.2391700744629,47.5007934570312,5782100.57421875,1111261,1,750,1
188.092052871959,188.091873168945,188.09228515625,34.9504165649414,33.5452842712402,40.3962860107422,5829750.09375,960581.5,1,751,1
239.112977892328,239.112762451172,239.113433837891,34.9504165649414,34.2391700744629,38.2349166870117,2490982.33886719,601469.5625,1,752,1
206.102599283223,206.102294921875,206.102844238281,34.9504165649414,30.3197917938232,40.0340347290039,4764284.96484375,546123.9375,1,753,1
356.192219240267,356.190948486328,356.192657470703,34.9504165649414,34.2391700744629,37.1532897949219,1895268.76367188,503179.4375,1,754,1
110.060565454978,110.060478210449,110.06086730957,34.9504165649414,21.9476528167725,46.0514221191406,2923088.90234375,476822.53125,1,755,1
188.128461346947,188.128295898438,188.128875732422,34.9504165649414,34.2391700744629,41.9542846679688,2581257.89257812,452035.125,1,756,1
416.21294629236,416.212646484375,416.213409423828,34.9504165649414,34.2391700744629,37.5082817077637,1497211.66796875,440467.40625,1,757,1
175.071789051406,175.071670532227,175.072265625,34.9504165649414,34.2391700744629,40.3962860107422,2396044.67578125,407561.03125,1,758,1
190.107574067448,190.10710144043,190.10807800293,34.9504165649414,24.0791664123535,44.4921607971191,3699356.54492188,353946.75,1,759,1
144.138523200423,144.138397216797,144.138671875,34.9504165649414,34.2391700744629,37.5082817077637,1724868.57714844,343429.96875,1,760,1
152.070779785622,152.070602416992,152.07112121582,34.9504165649414,30.6666698455811,38.9605445861816,1530746.203125,341830.84375,1,761,1
128.071005491911,128.070617675781,128.071197509766,34.9504165649414,33.5452842712402,40.3962860107422,2155925.34179688,323209.78125,1,762,1
232.118465339073,232.117767333984,232.119354248047,34.9504165649414,32.1576652526855,41.9542846679688,1945632.68066406,317820.96875,1,763,1
114.091852920141,114.091552734375,114.092063903809,34.9504165649414,27.4527912139893,43.4054222106934,3197601.80859375,306795.0625,1,764,1
189.123610935175,189.123397827148,189.123886108398,34.9504165649414,31.457405090332,37.5082817077637,1828824.4140625,292807.4375,1,765,1
263.087914031351,263.087097167969,263.088195800781,34.9504165649414,34.594783782959,40.0340347290039,1242869.95117188,292526.53125,1,766,1
302.121206078919,302.120239257812,302.121704101562,34.9504165649414,34.2391700744629,40.758544921875,1673169.43652344,290527.1875,1,767,1
174.076412115527,174.076110839844,174.076583862305,34.9504165649414,30.6666698455811,43.4054222106934,4147771.015625,286744.65625,1,768,1
233.113438979142,233.112640380859,233.114044189453,34.9504165649414,34.2391700744629,41.5920486450195,1412665.73046875,285133.34375,1,769,1
333.13722510021,333.136535644531,333.137725830078,34.9504165649414,34.594783782959,37.1532897949219,1130712.1484375,237123.1875,1,770,1
101.060292423834,101.060195922852,101.060493469238,34.9504165649414,33.5452842712402,39.6707878112793,1336733.60253906,226740.90625,1,771,1
402.161620154607,402.160858154297,402.162353515625,34.9504165649414,34.2391700744629,36.7900352478027,976869.482421875,215306.71875,1,772,1
249.108485449924,249.107940673828,249.109100341797,34.9504165649414,33.5452842712402,39.6707878112793,1342302.73144531,212327.671875,1,773,1
288.921745683583,288.920043945312,288.922180175781,698.657348632812,697.963623046875,711.535766601562,28217382.7519531,8913563,1,774,1
356.909482997266,356.907836914062,356.910980224609,698.657348632812,697.963623046875,703.032470703125,9711012.25195312,3825420.5,1,775,1
306.894737845699,306.893829345703,306.896087646484,698.657348632812,697.963623046875,704.120971679688,8589794.56054688,2602705.5,1,776,1
304.895448351183,304.893646240234,304.895721435547,698.657348632812,697.963623046875,704.84619140625,7728283.62109375,2522093.5,1,777,1
272.944482094353,272.943695068359,272.944580078125,698.657348632812,697.963623046875,699.351257324219,4515204.4296875,1926130.5,1,778,1
156.042309203353,156.042068481445,156.042572021484,698.657348632812,697.963623046875,707.466491699219,6856362.08789062,1873106.25,1,779,1
194.117814301406,194.117553710938,194.118392944336,698.657348632812,694.724243164062,705.570739746094,9046345.70654297,1496198.375,1,780,1
308.890338268504,308.889831542969,308.891845703125,698.657348632812,697.963623046875,703.394775390625,3063446.35742188,937519.5625,1,781,1
123.040552613384,123.040245056152,123.040969848633,698.657348632812,698.310485839844,710.366333007812,3146433.6796875,899939.5,1,782,1
295.166715926477,295.166351318359,295.167572021484,698.657348632812,697.590698242188,701.606323242188,3366138.67480469,732863.9375,1,783,1
110.060502220592,110.06031036377,110.06071472168,698.657348632812,690.501953125,707.104248046875,3812682.84106445,634434.5625,1,784,1
322.86902359301,322.868072509766,322.869232177734,698.657348632812,697.963623046875,702.307861328125,1977753.15332031,610562.8125,1,785,1
158.154018914387,158.153701782227,158.154235839844,698.657348632812,697.590698242188,703.394775390625,1330685.06542969,327828.65625,1,786,1
378.203429821527,378.201507568359,378.205200195312,698.657348632812,696.601623535156,703.032470703125,1558375.8984375,287023.78125,1,787,1
235.118930469424,235.118530273438,235.119613647461,698.657348632812,695.026977539062,703.757446289062,1725847.31054688,236933.6875,1,788,1
309.129498446337,309.12939453125,309.129699707031,32.5046577453613,30.3197917938232,37.5082817077637,64133482.078125,8504704,1,789,1
382.083101886622,382.082946777344,382.083770751953,32.5046577453613,31.457405090332,38.2349166870117,20193750.8359375,2667420.25,1,790,1
129.066194477054,129.06608581543,129.066375732422,32.5046577453613,30.3197917938232,37.5082817077637,13751686.6015625,2460145.5,1,791,1
228.107976519722,228.107757568359,228.108322143555,32.5046577453613,30.6666698455811,37.8716697692871,11190579.5039062,1419047.375,1,792,1
180.06961673967,180.069061279297,180.070129394531,32.5046577453613,31.457405090332,37.8716697692871,6847781.55078125,1224891.625,1,793,1
118.123047703974,118.12272644043,118.123481750488,32.5046577453613,26.7282886505127,40.758544921875,7094280.33007812,1028447.25,1,794,1
264.108077781416,264.107543945312,264.109191894531,32.5046577453613,31.1105403900146,39.6707878112793,4888101.49609375,584933.9375,1,795,1
134.081444054329,134.081314086914,134.081741333008,32.5046577453613,25.5312976837158,40.758544921875,6628494.6640625,556154,1,796,1
184.073315048661,184.072769165039,184.073760986328,32.5046577453613,30.6666698455811,37.8716697692871,4496534.48046875,550555.1875,1,797,1
234.097610548447,234.097122192383,234.098175048828,32.5046577453613,30.3197917938232,37.8716697692871,3990024.37890625,509782.09375,1,798,1
199.100774012945,199.100234985352,199.101150512695,32.5046577453613,31.8042831420898,37.5082817077637,3009142.91992188,490430.90625,1,799,1
709.228893509089,709.227233886719,709.2314453125,32.5046577453613,32.1576652526855,34.594783782959,1821653.359375,336131.96875,1,800,1
248.113212464083,248.112701416016,248.11393737793,32.5046577453613,29.6095314025879,37.5082817077637,3083246.4453125,294194.65625,1,801,1
163.079538339415,163.079238891602,163.080215454102,32.5046577453613,32.1576652526855,34.9504165649414,1241408.1796875,229960.34375,1,802,1
586.270019069693,586.269897460938,586.271484375,283.116149902344,278.403930664062,287.231292724609,64898160.234375,8307829,1,803,1
469.259635662208,469.258728027344,469.262023925781,283.116149902344,278.791412353516,288.184539794922,7470967.97265625,1076173,1,804,1
509.253744236715,509.252990722656,509.257446289062,283.116149902344,279.174072265625,283.844665527344,4828163.58691406,1062924.625,1,805,1
487.267644437988,487.266479492188,487.270477294922,283.116149902344,279.174072265625,288.184539794922,2679590.59814453,403923.03125,1,806,1
433.238398122768,433.236480712891,433.240783691406,283.116149902344,278.791412353516,287.865417480469,2556220.28710938,382873.875,1,807,1
470.262917777767,470.262145996094,470.264953613281,283.116149902344,278.791412353516,287.554016113281,2182007.71826172,356975.65625,1,808,1
510.257167303273,510.255004882812,510.259643554688,283.116149902344,278.791412353516,283.844665527344,1402036.0078125,315860.40625,1,809,1
504.296425990643,504.294403076172,504.296966552734,283.116149902344,281.641540527344,287.865417480469,1927144.3671875,292985.03125,1,810,1
533.221557727569,533.220886230469,533.221984863281,283.116149902344,281.33642578125,285.301788330078,1585636.19140625,208128.015625,1,811,1
275.201104327225,275.200592041016,275.201293945312,283.116149902344,279.561920166016,287.231292724609,2022009.80273438,189932.140625,1,812,1
592.228939514241,592.227783203125,592.229858398438,283.116149902344,281.641540527344,286.913787841797,1250649.40136719,183083.40625,1,813,1
213.149015885856,213.148529052734,213.149459838867,283.116149902344,263.67578125,291.15966796875,3394121.10742188,149630.015625,1,814,1
195.138225677599,195.137969970703,195.138381958008,283.116149902344,278.403930664062,287.865417480469,1984400.0625,139494.96875,1,815,1
182.985415024193,182.985305786133,182.985565185547,707.828857421875,698.657348632812,719.602600097656,287520463.75,8179108,1,816,1
128.951051775939,128.950790405273,128.951110839844,707.828857421875,699.698120117188,720.3271484375,30054437.03125,720795.0625,1,817,1
183.988088245274,183.987533569336,183.988540649414,707.828857421875,700.046997070312,718.513122558594,12816356.53125,379543.4375,1,818,1
340.26011281984,340.260040283203,340.260437011719,210.361129760742,208.531875610352,215.595504760742,40935117.3457031,7896446,1,819,1
340.761634711106,340.760772705078,340.762359619141,210.361129760742,208.531875610352,215.595504760742,17225618.6806641,3368454,1,820,1
680.517074066358,680.514526367188,680.519287109375,210.361129760742,208.905624389648,215.595504760742,4987382.92041016,872461.75,1,821,1
341.263108603359,341.262817382812,341.264068603516,210.361129760742,208.905624389648,217.969635009766,3814980.26367188,712728.625,1,822,1
626.346045330917,626.344360351562,626.347473144531,210.361129760742,208.905624389648,215.595504760742,3598934.09863281,558965.9375,1,823,1
425.136631847916,425.136169433594,425.137329101562,360.136322021484,355.273071289062,365.010955810547,50191730.0673828,7714724,1,824,1
418.222861262878,418.222534179688,418.22412109375,360.136322021484,358.319213867188,364.640075683594,17366622.640625,3181665,1,825,1
419.226290453105,419.225341796875,419.227966308594,360.136322021484,358.319213867188,364.640075683594,4365177.734375,844096.875,1,826,1
389.186631062315,389.184051513672,389.187591552734,360.136322021484,357.948822021484,363.128448486328,4937436.02148438,760289.6875,1,827,1
427.136844532444,427.135467529297,427.139129638672,360.136322021484,358.319213867188,365.010955810547,4457065.93164062,714498.8125,1,828,1
434.218043403405,434.217346191406,434.21923828125,360.136322021484,358.685455322266,363.876953125,1193694.30664062,252073.46875,1,829,1
369.170165894615,369.169036865234,369.170837402344,360.136322021484,358.685455322266,363.502716064453,1346203.359375,231022.671875,1,830,1
268.126493783535,268.125946044922,268.127105712891,360.136322021484,358.685455322266,362.760955810547,1027353.11328125,177412.4375,1,831,1
106.073554274146,106.073303222656,106.07396697998,360.136322021484,358.685455322266,363.876953125,883287.151367188,152073.59375,1,832,1
748.323192770696,748.322570800781,748.324279785156,224.099639892578,219.598266601562,229.339263916016,49715510.2734375,7707414.5,1,833,1
749.326403187206,749.325256347656,749.327941894531,224.099639892578,219.598266601562,227.86637878418,19180987.1425781,2988396.75,1,834,1
750.326332179465,750.323547363281,750.327026367188,224.099639892578,221.795761108398,228.963882446289,6985596.24511719,1063806.75,1,835,1
753.278132633725,753.275451660156,753.278930664062,224.099639892578,220.553634643555,228.228744506836,3496678.85742188,573397.125,1,836,1
668.36677538365,668.364868164062,668.368835449219,224.099639892578,221.423156738281,229.339263916016,3040318.08349609,352767.3125,1,837,1
751.327543148526,751.325744628906,751.331787109375,224.099639892578,221.036376953125,226.763259887695,1624662.10742188,258901.125,1,838,1
754.281630283978,754.280090332031,754.283447265625,224.099639892578,221.795761108398,227.132369995117,1433465.13818359,231354.453125,1,839,1
570.24546612409,570.2431640625,570.246704101562,224.099639892578,222.998504638672,225.561141967773,1083112.359375,195037.90625,1,840,1
460.203055738527,460.201965332031,460.203582763672,34.594783782959,33.8922920227051,43.4054222106934,29316049.875,7538661,1,841,1
461.206839792645,461.205505371094,461.207824707031,34.594783782959,33.8922920227051,39.6707878112793,5290383.26953125,1242708.875,1,842,1
215.052845459832,215.052642822266,215.053009033203,34.594783782959,33.5452842712402,41.2296676635742,8443611.9609375,1051502.875,1,843,1
219.097833852461,219.097579956055,219.098007202148,34.594783782959,32.1576652526855,40.0340347290039,7706767.15625,961602.125,1,844,1
286.150473530391,286.149627685547,286.151458740234,34.594783782959,34.2391700744629,38.9605445861816,1953493.57714844,546158.125,1,845,1
176.092061648947,176.091674804688,176.092483520508,34.594783782959,29.9651641845703,48.2276649475098,6663252.03515625,530694.625,1,846,1
291.988205983049,291.987548828125,291.989288330078,34.594783782959,33.5452842712402,39.6707878112793,2816514.65625,528001.75,1,847,1
218.133067877281,218.132369995117,218.133544921875,34.594783782959,33.5452842712402,37.1532897949219,2222572.67089844,485389.65625,1,848,1
126.0553965115,126.055191040039,126.055511474609,34.594783782959,33.5452842712402,39.6707878112793,2591323.92578125,443128.875,1,849,1
204.087137304027,204.086929321289,204.087341308594,34.594783782959,32.1576652526855,39.6707878112793,3734437.45117188,428489.5,1,850,1
108.044940860774,108.044845581055,108.045051574707,34.594783782959,33.8922920227051,41.2296676635742,2200714.515625,404817.84375,1,851,1
242.123974944218,242.123596191406,242.124786376953,34.594783782959,34.2391700744629,48.2276649475098,2236472.56103516,401945.4375,1,852,1
372.187412288359,372.186401367188,372.188415527344,34.594783782959,34.2391700744629,39.3074226379395,1496575.95996094,341399.3125,1,853,1
407.16623678218,407.165557861328,407.167999267578,34.594783782959,34.2391700744629,38.5981674194336,1128092.1796875,334642.25,1,854,1
250.128935099514,250.128494262695,250.129577636719,34.594783782959,32.8515396118164,38.9605445861816,1436176.38378906,307292,1,855,1
148.097060498744,148.096664428711,148.097320556641,34.594783782959,29.9651641845703,39.6707878112793,2959299.0546875,303334.65625,1,856,1
172.097084989572,172.096755981445,172.097259521484,34.594783782959,34.2391700744629,41.9542846679688,1736517.29101562,293766.03125,1,857,1
137.081079205051,137.080947875977,137.081146240234,34.594783782959,33.5452842712402,36.7900352478027,1444438.578125,284298.15625,1,858,1
351.126272209506,351.124664306641,351.127288818359,34.594783782959,33.8922920227051,44.8555450439453,1912783.82861328,261239.21875,1,859,1
346.170981791353,346.170745849609,346.171081542969,34.594783782959,33.8922920227051,35.644172668457,663315.3203125,175989.5625,1,860,1
453.26435424466,453.263305664062,453.264831542969,334.104797363281,329.573059082031,339.325805664062,50282775.5039062,7506952,1,861,1
493.25700132445,493.256500244141,493.257995605469,334.104797363281,329.573059082031,339.696807861328,33794701.0507812,4557635.5,1,862,1
488.301685541119,488.301147460938,488.302032470703,334.104797363281,329.573059082031,341.584442138672,21063873.5820312,2329608.75,1,863,1
494.26035683176,494.259948730469,494.261535644531,334.104797363281,331.167572021484,339.325805664062,10408664.5820312,1479107,1,864,1
172.169940673152,172.169891357422,172.170028686523,334.104797363281,331.167572021484,339.696807861328,9976036.57226562,1218459.875,1,865,1
510.23461543805,510.232299804688,510.235290527344,334.104797363281,330.314178466797,340.063201904297,4783353.71386719,637299.3125,1,866,1
502.317148068712,502.31640625,502.318054199219,334.104797363281,331.539581298828,339.325805664062,3615536.74072266,579356.6875,1,867,1
343.188715837881,343.188537597656,343.189544677734,334.104797363281,332.279937744141,336.396697998047,3485278.55859375,534417.125,1,868,1
281.153451989322,281.15283203125,281.154266357422,334.104797363281,330.690673828125,338.952423095703,1495861.51269531,227488.296875,1,869,1
503.320701775191,503.319885253906,503.322021484375,334.104797363281,333.015045166016,337.129455566406,1038306.34277344,184856.515625,1,870,1
118.086815862902,118.086738586426,118.086883544922,209.631118774414,205.736755371094,214.428497314453,162451521.5,7269059,1,871,1
118.086809868651,118.08674621582,118.086868286133,333.377288818359,325.781433105469,346.856048583984,360155002,7120226,1,872,1
118.086769685367,118.08666229248,118.08683013916,315.0078125,312.065063476562,320.212677001953,145782452,7096272.5,1,873,1
436.257057564414,436.256866455078,436.258514404297,315.0078125,313.1650390625,320.212677001953,6059746.70410156,1045859.3125,1,874,1
118.086804855672,118.086723327637,118.086883544922,399.847473144531,381.363586425781,412.648620605469,509515108,6768300,1,875,1
118.086745939501,118.08666229248,118.086807250977,110.007705688477,105.51033782959,115.202209472656,162761473,6728782.5,1,876,1
118.086829295186,118.086761474609,118.086891174316,222.168518066406,214.428497314453,226.40251159668,209742552,6683895,1,877,1
136.062089968737,136.062026977539,136.062164306641,48.5920524597168,42.3165397644043,54.4864234924316,33121094.859375,6548245,1,878,1
261.094929216644,261.094879150391,261.095184326172,48.5920524597168,44.4921607971191,53.3995513916016,28923780.2910156,5609985,1,879,1
182.081582536588,182.08154296875,182.082092285156,48.5920524597168,47.1381759643555,53.3995513916016,9754003.97558594,2087596.25,1,880,1
277.068870688153,277.068328857422,277.069458007812,48.5920524597168,47.1381759643555,53.7619171142578,9248386.68359375,1575522.75,1,881,1
139.050505337893,139.050476074219,139.050857543945,48.5920524597168,46.7759246826172,55.2120513916016,10680036.7841797,1340006.625,1,882,1
314.085035982913,314.084350585938,314.0859375,48.5920524597168,42.6799278259277,55.5743026733398,5758905.05078125,1279924.125,1,883,1
332.134398911404,332.132843017578,332.135009765625,48.5920524597168,47.1381759643555,55.5743026733398,5011672.97851562,1057989.875,1,884,1
305.121079518933,305.120849609375,305.121490478516,48.5920524597168,47.1381759643555,55.2120513916016,8905441.77490234,997169.1875,1,885,1
144.102222232337,144.101989746094,144.102386474609,48.5920524597168,43.7675476074219,51.5930480957031,4405065.8984375,913494.0625,1,886,1
124.087398363966,124.087348937988,124.087493896484,48.5920524597168,47.1381759643555,53.3995513916016,5035415.06640625,840535.8125,1,887,1
319.10038226399,319.099365234375,319.102020263672,48.5920524597168,43.4054222106934,54.8496780395508,4159016.23974609,786731.875,1,888,1
136.075910986001,136.075790405273,136.076217651367,48.5920524597168,44.4921607971191,52.6731758117676,3051129.70214844,667479.125,1,889,1
121.040105309764,121.039848327637,121.040184020996,48.5920524597168,46.7759246826172,53.7619171142578,5117949.97802734,651866.625,1,890,1
259.07962659636,259.079315185547,259.080963134766,48.5920524597168,47.5007934570312,54.1241683959961,2991856.81445312,558537.75,1,891,1
262.09848977933,262.098419189453,262.098968505859,48.5920524597168,47.5007934570312,51.9553031921387,2782359.515625,557793,1,892,1
165.054942907589,165.054504394531,165.055465698242,48.5920524597168,34.594783782959,61.2485466003418,3732542.44970703,555160.5625,1,893,1
258.10984314672,258.109313964844,258.110626220703,48.5920524597168,44.1299285888672,53.3995513916016,3192366.921875,373770.9375,1,894,1
137.065394026436,137.065307617188,137.065460205078,48.5920524597168,47.5007934570312,50.0354270935059,1526804.0546875,342656.9375,1,895,1
102.05559134768,102.055442810059,102.055656433105,48.5920524597168,43.7675476074219,52.3109169006348,1866755.56054688,342408,1,896,1
241.15499236943,241.154815673828,241.155349731445,48.5920524597168,40.758544921875,56.4011764526367,3785999.32226562,338801,1,897,1
275.095879652828,275.095397949219,275.0966796875,48.5920524597168,47.5007934570312,51.5930480957031,1326300.76904297,295545.96875,1,898,1
123.044470414557,123.044273376465,123.044677734375,48.5920524597168,47.5007934570312,53.0364189147949,1367032.83251953,274870.53125,1,899,1
288.10573597641,288.104583740234,288.106292724609,48.5920524597168,47.5007934570312,53.0364189147949,1580716.43847656,269739.6875,1,900,1
174.014130851829,174.013961791992,174.014602661133,48.5920524597168,47.5007934570312,51.9553031921387,1182428.11035156,258243.546875,1,901,1
112.05106081309,112.05094909668,112.051208496094,48.5920524597168,43.7675476074219,53.0364189147949,1563960.84667969,251374.578125,1,902,1
188.092153603723,188.091949462891,188.092697143555,48.5920524597168,43.7675476074219,53.0364189147949,1877041.80078125,241360.75,1,903,1
118.08683142075,118.086784362793,118.086906433105,250.022262573242,245.388519287109,254.28239440918,155893582.5,6466361.5,1,904,1
391.284744458028,391.284576416016,391.284881591797,676.601867675781,671.646850585938,681.289367675781,66691988.9609375,6429500,1,905,1
392.287958636168,392.286956787109,392.288116455078,676.601867675781,673.569702148438,681.289367675781,17214543.078125,1666322.25,1,906,1
149.023474787044,149.023422241211,149.023590087891,676.601867675781,671.646850585938,681.289367675781,17167319.328125,1550360.125,1,907,1
279.15925603899,279.158142089844,279.159515380859,676.601867675781,671.970092773438,681.289367675781,2357922.87109375,190472.578125,1,908,1
144.982343156826,144.982116699219,144.982452392578,697.963623046875,693.789123535156,722.895263671875,190133375.6875,6428556.5,1,909,1
146.980494927469,146.980255126953,146.980621337891,697.963623046875,693.404663085938,721.081970214844,87316489.5625,2941048.25,1,910,1
118.086762370809,118.086692810059,118.086814880371,138.490463256836,122.469718933105,149.484222412109,437031932,6415516,1,911,1
118.086806736191,118.086738586426,118.086853027344,302.765045166016,292.256774902344,307.417175292969,242416870.5,6386234,1,912,1
118.0868186787,118.086791992188,118.086845397949,170.796615600586,163.634735107422,172.407623291016,143586280.5,6360382.5,1,913,1
118.086824506281,118.086769104004,118.086883544922,191.762359619141,184.265365600586,192.502243041992,136260983.5,6350067.5,1,914,1
118.08680785619,118.086776733398,118.086837768555,160.178237915039,154.455596923828,163.254989624023,142048810.5,6323719.5,1,915,1
118.086803335624,118.086685180664,118.086875915527,285.674163818359,264.408416748047,292.256774902344,451725112.5,6265067.5,1,916,1
118.08682667041,118.086776733398,118.086875915527,239.577026367188,233.383392333984,245.076553344727,192505047.5,6249846.5,1,917,1
118.086839489096,118.086791992188,118.086875915527,196.439651489258,195.563125610352,204.636138916016,159445494,6193154.5,1,918,1
217.129786684517,217.129699707031,217.130111694336,34.2391700744629,33.1984176635742,44.1299285888672,33771441.2070312,6184514.5,1,919,1
146.092618152056,146.092529296875,146.092834472656,34.2391700744629,33.5452842712402,37.8716697692871,3679878.83789062,866002.25,1,920,1
193.070987745707,193.070648193359,193.071258544922,34.2391700744629,31.457405090332,38.9605445861816,4410633.5703125,480470.28125,1,921,1
199.063618134449,199.063415527344,199.063919067383,34.2391700744629,33.8922920227051,36.7900352478027,1465806.48828125,384230.71875,1,922,1
624.236312893601,624.233764648438,624.237182617188,34.2391700744629,32.5046577453613,38.2349166870117,1688618.37890625,331920.65625,1,923,1
192.086848901997,192.086456298828,192.087280273438,34.2391700744629,32.5046577453613,40.0340347290039,3107857.67578125,299873.75,1,924,1
222.097540636371,222.097183227539,222.097869873047,34.2391700744629,33.5452842712402,39.3074226379395,1507967.38476562,225717.984375,1,925,1
118.086822394785,118.086708068848,118.086898803711,256.840515136719,254.529418945312,264.408416748047,162764107.5,6181351.5,1,926,1
128.019676399699,128.019439697266,128.019866943359,24.8056640625,20.5071697235107,29.9651641845703,41906254.8515625,6116372,1,927,1
151.035554659463,151.035079956055,151.035614013672,24.8056640625,20.5071697235107,29.9651641845703,33175562.328125,4787583,1,928,1
241.999981132848,241.999938964844,242.000335693359,24.8056640625,23.7167797088623,26.7282886505127,4957402.484375,1142456.375,1,929,1
244.947233826746,244.947158813477,244.947479248047,24.8056640625,20.5071697235107,27.0906639099121,7022727.8203125,1076801.625,1,930,1
130.017183492927,130.016998291016,130.017288208008,24.8056640625,20.5071697235107,27.8084163665771,6262022.64453125,979204.8125,1,931,1
146.030133362953,146.030075073242,146.030197143555,24.8056640625,20.5071697235107,27.8084163665771,5634105.2265625,805154.5,1,932,1
169.046140642247,169.045822143555,169.046249389648,24.8056640625,20.5071697235107,27.4527912139893,5353388.20898438,773107.8125,1,933,1
129.020029537049,129.019836425781,129.020233154297,24.8056640625,20.5071697235107,27.8084163665771,4817157.1953125,728995.75,1,934,1
153.033147154498,153.033081054688,153.033355712891,24.8056640625,20.5071697235107,27.8084163665771,4713822.54296875,728968.5625,1,935,1
111.009759874712,111.009628295898,111.010040283203,24.8056640625,20.5071697235107,27.8084163665771,3121030.76757812,476160.0625,1,936,1
218.983994886028,218.983749389648,218.984573364258,24.8056640625,21.2747764587402,26.3659076690674,1867379.08789062,429866.125,1,937,1
265.016005928483,265.015808105469,265.016052246094,24.8056640625,23.7167797088623,27.0906639099121,1599714.74121094,349851.46875,1,938,1
243.99713528471,243.996917724609,243.998016357422,24.8056640625,23.7167797088623,26.7282886505127,1349638.76757812,310615.125,1,939,1
221.931101093642,221.930526733398,221.931274414062,24.8056640625,20.5071697235107,26.7282886505127,1405152.73242188,220441.46875,1,940,1
257.977524458193,257.977447509766,257.977905273438,24.8056640625,21.5773086547852,26.7282886505127,1369721.99609375,195747.53125,1,941,1
245.947930224231,245.947311401367,245.948272705078,24.8056640625,21.9476528167725,27.0906639099121,1075792.18603516,172166,1,942,1
118.086768415407,118.086738586426,118.086807250977,99.9365768432617,92.7026977539062,104.135581970215,182530033,6098699,1,943,1
181.122698818041,181.122650146484,181.122817993164,325.417175292969,320.576171875,330.690673828125,40714878.1367188,6062144.5,1,944,1
182.126086644119,182.125717163086,182.126266479492,325.417175292969,322.873809814453,329.202056884766,4725863.25488281,741805.1875,1,945,1
118.086809860186,118.086776733398,118.086837768555,433.614471435547,426.358245849609,437.209228515625,178909186,6043242,1,946,1
141.95882284261,141.958755493164,141.958908081055,711.173461914062,699.00439453125,723.982116699219,256242105.484375,6016227.5,1,947,1
118.086770906123,118.086730957031,118.086807250977,82.5928115844727,79.3168258666992,90.3753204345703,175358864,5991917.5,1,948,1
118.086810824575,118.086791992188,118.086837768555,439.071014404297,437.209228515625,445.717376708984,145892476,5878324.5,1,949,1
118.08677029288,118.086715698242,118.086807250977,77.5326919555664,67.0958099365234,79.3168258666992,186188322,5867239,1,950,1
118.086763751316,118.086708068848,118.086814880371,483.016510009766,476.387390136719,488.586761474609,185176369,5854492,1,951,1
118.086755798823,118.086715698242,118.086784362793,25.169038772583,5.92064380645752,26.3659076690674,314894026.5,5828544,1,952,1
118.086788076835,118.086761474609,118.086814880371,516.563049316406,510.754272460938,523.588500976562,177226178.5,5784705,1,953,1
118.086822018356,118.08674621582,118.086868286133,458.835235595703,446.112976074219,465.430389404297,310667719.5,5722735,1,954,1
654.334021710868,654.333312988281,654.334838867188,584.996948242188,582.780700683594,589.765441894531,30683008.9492188,5721467,1,955,1
655.337478862823,655.337158203125,655.337951660156,584.996948242188,583.150085449219,588.304565429688,11058865.2421875,2142477.75,1,956,1
637.307046183808,637.306213378906,637.308776855469,584.996948242188,583.150085449219,587.208068847656,4895779.41796875,956670.6875,1,957,1
682.36516408386,682.364440917969,682.366577148438,584.996948242188,583.150085449219,589.034790039062,5487730.9140625,904269.75,1,958,1
659.28913199439,659.287963867188,659.291748046875,584.996948242188,582.780700683594,589.765441894531,4768167.69824219,796319,1,959,1
656.340481154713,656.339111328125,656.342956542969,584.996948242188,583.5224609375,588.671691894531,2420463.09863281,418894.375,1,960,1
638.310476698383,638.310180664062,638.311157226562,584.996948242188,583.5224609375,586.843688964844,1759833.921875,370771.125,1,961,1
683.368484480791,683.368103027344,683.369873046875,584.996948242188,583.5224609375,588.671691894531,2064629.05078125,346854.9375,1,962,1
660.292544770706,660.292236328125,660.294860839844,584.996948242188,583.5224609375,588.304565429688,1653490.29101562,295124.15625,1,963,1
675.263161346828,675.260498046875,675.263793945312,584.996948242188,583.150085449219,588.304565429688,1196014.81201172,216161.703125,1,964,1
344.134570562933,344.134399414062,344.135986328125,134.015716552734,130.61784362793,138.853729248047,32849011.0058594,5721002.5,1,965,1
163.039214299992,163.039108276367,163.039428710938,134.015716552734,128.072952270508,138.853729248047,18138105.71875,2037503,1,966,1
349.089930896761,349.089721679688,349.091033935547,134.015716552734,129.886840820312,140.676849365234,10539687.0019531,1206102.5,1,967,1
345.137729043329,345.136810302734,345.137817382812,134.015716552734,132.919967651367,137.401596069336,5126037.87109375,923917.75,1,968,1
381.116174799262,381.115203857422,381.116607666016,134.015716552734,129.165573120117,135.836959838867,1151139.98339844,195716.84375,1,969,1
118.086759110482,118.086723327637,118.086784362793,54.8496780395508,50.0354270935059,58.9460525512695,135468792.5,5666862.5,1,970,1
316.100727519387,316.100372314453,316.101257324219,54.8496780395508,52.6731758117676,58.9460525512695,1471722.76953125,194700.5625,1,971,1
101.071531757784,101.071510314941,101.071556091309,648.799072265625,640.5869140625,652.243957519531,163126992.5,5627072.5,1,972,1
118.086763136227,118.086738586426,118.086791992188,66.0011825561523,58.9460525512695,67.0958099365234,124916041,5611186.5,1,973,1
118.086803484042,118.086769104004,118.086868286133,469.320983886719,465.430389404297,476.387390136719,169237809.5,5565977,1,974,1
124.087345085665,124.087303161621,124.087364196777,613.60546875,611.898315429688,624.820068359375,190535257,5464130.5,1,975,1
118.086765359386,118.086723327637,118.086799621582,496.828887939453,494.886505126953,501.301391601562,93451247,5407631,1,976,1
245.149200328234,245.149017333984,245.149398803711,496.828887939453,495.261138916016,497.9208984375,1252258.83203125,296411.03125,1,977,1
124.087334055788,124.087303161621,124.087356567383,629.610595703125,624.820068359375,630.2724609375,79921463,5397522,1,978,1
337.105045487568,337.104949951172,337.105285644531,421.214721679688,418.468597412109,426.358245849609,37389603.3125,5371246.5,1,979,1
149.060029883549,149.059753417969,149.060180664062,421.214721679688,416.639617919922,426.358245849609,27974808.9697266,4136775.5,1,980,1
332.149799097463,332.149688720703,332.150177001953,421.214721679688,418.468597412109,426.039733886719,11696008.9458008,1730722.5,1,981,1
338.108395832897,338.108001708984,338.109039306641,421.214721679688,418.832214355469,426.358245849609,7234400.93945312,1075282.75,1,982,1
395.126348661857,395.125549316406,395.126922607422,421.214721679688,417.738861083984,426.358245849609,4780864.25488281,758614.5,1,983,1
237.112499191595,237.112213134766,237.11262512207,421.214721679688,419.568115234375,424.132598876953,3573762.84765625,576260.4375,1,984,1
379.152281820888,379.152160644531,379.1533203125,421.214721679688,418.103088378906,426.358245849609,3364839.00292969,464993,1,985,1
333.153103689678,333.152709960938,333.153381347656,421.214721679688,419.568115234375,424.132598876953,2203451.06835938,332522.03125,1,986,1
119.049544112171,119.049461364746,119.049629211426,421.214721679688,417.375213623047,424.873748779297,1839014.11230469,314917.3125,1,987,1
469.259646874602,469.259460449219,469.259857177734,250.76188659668,248.342010498047,254.529418945312,30593578.0214844,5344205,1,988,1
510.255743883303,510.255615234375,510.256591796875,250.76188659668,248.635879516602,253.320907592773,8990405.6484375,1392581.875,1,989,1
486.286175179416,486.285217285156,486.287200927734,250.76188659668,248.342010498047,255.188552856445,6829717.65478516,1100464,1,990,1
125.986720439327,125.986679077148,125.986770629883,250.76188659668,245.698638916016,254.85417175293,24035330.25,1035222.5625,1,991,1
526.229598935876,526.229125976562,526.230407714844,250.76188659668,248.925384521484,255.188552856445,3893807.93847656,573712.625,1,992,1
451.248963853442,451.24853515625,451.25048828125,250.76188659668,248.635879516602,255.188552856445,2168027.34960938,371040.9375,1,993,1
995.515077729214,995.514221191406,995.515625,250.76188659668,249.288772583008,251.919784545898,1594066.77734375,339111.46875,1,994,1
471.266019624387,471.265838623047,471.267303466797,250.76188659668,248.925384521484,252.61067199707,1630846.1015625,309588.65625,1,995,1
527.227617341444,527.226806640625,527.228393554688,250.76188659668,248.925384521484,252.234649658203,1294257.24609375,221648.421875,1,996,1
487.293140468666,487.291351318359,487.295776367188,250.76188659668,249.288772583008,253.320907592773,913899.69140625,166704.765625,1,997,1
101.071541588631,101.071510314941,101.071578979492,627.474060058594,624.089233398438,640.5869140625,215853993.25,5306578.5,1,998,1
124.087346729423,124.087303161621,124.087409973145,603.07568359375,573.104431152344,611.532043457031,469628903.75,5293269.5,1,999,1
101.071558458942,101.071517944336,101.071594238281,668.139587402344,666.868713378906,689.189453125,307180476.75,5282665.5,1,1000,1
450.379762813941,450.379577636719,450.380126953125,545.176391601562,540.851806640625,550.622253417969,63229540.359375,5231129.5,1,1001,1
451.383289778233,451.383056640625,451.384826660156,545.176391601562,542.416625976562,550.622253417969,16423239.734375,1514287.125,1,1002,1
433.353338590242,433.352905273438,433.354309082031,545.176391601562,542.416625976562,550.622253417969,2606377.81445312,220433.265625,1,1003,1
124.087323155406,124.087295532227,124.087348937988,650.563293457031,638.139465332031,653.28759765625,207108049.5,5123220,1,1004,1
123.055755049905,123.055717468262,123.05583190918,55.2120513916016,50.7599220275879,60.4059295654297,36547975.921875,5122857,1,1005,1
166.097726486415,166.097534179688,166.097808837891,699.00439453125,694.724243164062,703.757446289062,37759258.21875,5119852,1,1006,1
211.946608068196,211.946212768555,211.947006225586,699.00439453125,698.657348632812,706.379760742188,3066904.43457031,684434.6875,1,1007,1
120.025914200231,120.025863647461,120.026290893555,699.00439453125,698.657348632812,702.307861328125,1745713.20800781,552455.25,1,1008,1
131.162529133876,131.162322998047,131.162887573242,699.00439453125,694.350341796875,700.046997070312,2409968.95117188,550293.5625,1,1009,1
173.078650138119,173.078277587891,173.078994750977,699.00439453125,694.724243164062,703.757446289062,3579672.82226562,509192.1875,1,1010,1
386.837520548882,386.835906982422,386.838562011719,699.00439453125,698.657348632812,702.670288085938,1234719.39550781,321137.28125,1,1011,1
472.306734995959,472.306365966797,472.307037353516,399.119842529297,396.156463623047,403.612457275391,36476211.9492188,4870154.5,1,1012,1
419.258833824737,419.257019042969,419.260681152344,399.119842529297,382.112701416016,405.805358886719,40556165.7675781,3931439.25,1,1013,1
473.310127778665,473.30859375,473.311309814453,399.119842529297,394.695739746094,403.612457275391,11385851.0327148,1542650.125,1,1014,1
420.262208881052,420.260437011719,420.263732910156,399.119842529297,380.731079101562,410.783233642578,12725422.0581055,1222111.75,1,1015,1
432.239064864208,432.237976074219,432.239807128906,399.119842529297,395.000610351562,404.712829589844,6068579.46582031,723009.9375,1,1016,1
415.21227882058,415.210968017578,415.212646484375,399.119842529297,394.695739746094,402.877716064453,4028574.59960938,491489.03125,1,1017,1
474.313078862203,474.312408447266,474.313568115234,399.119842529297,396.893981933594,403.983337402344,2013701.27441406,272761.90625,1,1018,1
500.337988205103,500.335968017578,500.339660644531,399.119842529297,390.318725585938,409.657958984375,2387552.71630859,240320.90625,1,1019,1
453.168329568225,453.166625976562,453.169769287109,399.119842529297,394.430969238281,405.805358886719,2277218.98681641,237787.640625,1,1020,1
437.194538561837,437.193298339844,437.196319580078,399.119842529297,395.677490234375,403.612457275391,1356699.64648438,155892.71875,1,1021,1
261.110263955021,261.110107421875,261.110382080078,309.760803222656,305.474426269531,314.637786865234,39373919.546875,4865756.5,1,1022,1
262.113638865175,262.113433837891,262.114013671875,309.760803222656,305.100189208984,314.637786865234,5776540.15722656,695366.3125,1,1023,1
105.034065116047,105.03401184082,105.034194946289,309.760803222656,305.100189208984,313.1650390625,2790792.78710938,340068.09375,1,1024,1
240.131685083001,240.131301879883,240.132247924805,309.760803222656,308.228302001953,313.534820556641,1999241.17089844,295645.875,1,1025,1
164.079063915762,164.078872680664,164.079605102539,309.760803222656,305.474426269531,312.065063476562,1540106.47460938,190700.640625,1,1026,1
101.071551946674,101.07152557373,101.071571350098,613.60546875,611.532043457031,619.254821777344,100794189,4865251,1,1027,1
101.071550125639,101.071510314941,101.071586608887,608.143676757812,573.845031738281,611.169860839844,402393609.75,4851812,1,1028,1
118.08676138129,118.086715698242,118.086814880371,536.836303710938,526.878173828125,569.47705078125,487006100,4842407.5,1,1029,1
277.090030693041,277.089508056641,277.090667724609,32.1576652526855,31.457405090332,39.6707878112793,27046745.15625,4790093,1,1030,1
125.071315937895,125.071083068848,125.071662902832,32.1576652526855,27.8084163665771,48.2276649475098,7119982.6953125,385030.875,1,1031,1
586.269703386229,586.269409179688,586.272338867188,264.777404785156,257.451782226562,276.047180175781,45281930.0195312,4716802,1,1032,1
571.245133170315,571.243835449219,571.247924804688,264.777404785156,259.616149902344,269.527160644531,21999862.7119141,2740155.5,1,1033,1
459.311202748474,459.30908203125,459.312255859375,264.777404785156,262.935882568359,269.911529541016,9966096.15625,1714382.875,1,1034,1
587.27315189405,587.271667480469,587.276672363281,264.777404785156,255.587280273438,275.381286621094,14382975.9248047,1545371.5,1,1035,1
638.39208081794,638.391235351562,638.392822265625,264.777404785156,263.3115234375,267.811279296875,7324442.890625,1391206.625,1,1036,1
639.395726698045,639.395324707031,639.397521972656,264.777404785156,263.67578125,268.837280273438,2741626.31445312,532548,1,1037,1
299.162295874849,299.162139892578,299.162628173828,264.777404785156,262.935882568359,266.345916748047,2619301.4296875,487833.96875,1,1038,1
887.41298488401,887.411682128906,887.413757324219,264.777404785156,262.935882568359,266.709411621094,2386151.16601562,423212.8125,1,1039,1
1057.5212614627,1057.51904296875,1057.5263671875,264.777404785156,262.935882568359,266.345916748047,1529282.171875,279331.78125,1,1040,1
648.217043618134,648.2158203125,648.218994140625,264.777404785156,261.855407714844,267.811279296875,2278041.10351562,271359.15625,1,1041,1
1156.50862546982,1156.50671386719,1156.50915527344,264.777404785156,263.3115234375,265.512145996094,1168060.515625,228702.140625,1,1042,1
607.198146089634,607.195922851562,607.199951171875,264.777404785156,259.296417236328,268.457794189453,1987688.03759766,201804.421875,1,1043,1
423.289878241708,423.288238525391,423.291259765625,264.777404785156,260.326293945312,267.441528320312,1036350.01757812,198992.90625,1,1044,1
1171.53092056962,1171.52685546875,1171.53210449219,264.777404785156,263.3115234375,266.345916748047,993822.845703125,187705.59375,1,1045,1
1058.52347220158,1058.52001953125,1058.525390625,264.777404785156,263.3115234375,266.709411621094,1010524.94140625,180300.453125,1,1046,1
397.131766036671,397.130096435547,397.132354736328,264.777404785156,262.935882568359,268.457794189453,1335426.72119141,167505.71875,1,1047,1
313.14386230953,313.143493652344,313.144897460938,491.248626708984,486.401519775391,496.465637207031,43648339.5664062,4686954,1,1048,1
335.125828452595,335.125427246094,335.126556396484,491.248626708984,487.130767822266,496.465637207031,27863963.9707031,3042561.75,1,1049,1
352.103211092752,352.103057861328,352.103637695312,491.248626708984,487.130767822266,496.828887939453,6988036.07958984,736434.3125,1,1050,1
760.464932972116,760.461669921875,760.467102050781,491.248626708984,487.130767822266,500.830139160156,1853293.26855469,131719.40625,1,1051,1
439.142824492321,439.140930175781,439.145233154297,31.8042831420898,30.3197917938232,36.4276695251465,19765979.3515625,4633097.5,1,1052,1
263.073976486478,263.073089599609,263.074584960938,31.8042831420898,30.3197917938232,38.5981674194336,10653078.7226562,2698771.75,1,1053,1
455.116561894192,455.116241455078,455.117919921875,31.8042831420898,30.3197917938232,36.0644149780273,9528516.1875,2272854.5,1,1054,1
150.077566344562,150.076629638672,150.077667236328,31.8042831420898,30.6666698455811,38.5981674194336,10451943.0234375,1827977.25,1,1055,1
281.095809349538,281.094787597656,281.095977783203,31.8042831420898,30.3197917938232,32.5046577453613,5945776.71875,1537629.25,1,1056,1
249.036756556913,249.036224365234,249.036926269531,31.8042831420898,30.6666698455811,33.8922920227051,4756237.859375,1299408.875,1,1057,1
279.047811978667,279.047454833984,279.047912597656,31.8042831420898,30.3197917938232,32.5046577453613,3362986.8125,922529.9375,1,1058,1
440.146248427579,440.145538330078,440.147583007812,31.8042831420898,30.6666698455811,34.2391700744629,3147693.6875,779753.6875,1,1059,1
221.042365302828,221.042236328125,221.04280090332,31.8042831420898,30.6666698455811,32.8515396118164,2771989.734375,765466.25,1,1060,1
317.095856433378,317.095733642578,317.096099853516,31.8042831420898,30.3197917938232,32.8515396118164,3118176.9140625,721854.25,1,1061,1
353.085319929675,353.084747314453,353.086883544922,31.8042831420898,31.1105403900146,36.4276695251465,2058509.421875,639282.3125,1,1062,1
208.94398588224,208.94367980957,208.944274902344,31.8042831420898,30.3197917938232,34.594783782959,2887061.625,474313.53125,1,1063,1
188.035106230627,188.03483581543,188.035202026367,31.8042831420898,31.1105403900146,32.5046577453613,1286422.53125,400129.65625,1,1064,1
277.103585751008,277.102752685547,277.104583740234,31.8042831420898,30.3197917938232,37.1532897949219,2860263.85253906,391508.4375,1,1065,1
570.275156085738,570.273986816406,570.276733398438,319.487182617188,315.0078125,324.6904296875,42026991.4140625,4610565,1,1066,1
517.226782939227,517.226135253906,517.22705078125,319.487182617188,316.580810546875,324.6904296875,23463456.2460938,2786242,1,1067,1
571.278440852453,571.275817871094,571.279541015625,319.487182617188,315.0078125,323.962677001953,13165138.375,1483342.125,1,1068,1
419.258983411601,419.258270263672,419.260528564453,319.487182617188,316.580810546875,324.6904296875,7754753.36523438,953333.8125,1,1069,1
518.230164836939,518.229553222656,518.230834960938,319.487182617188,316.580810546875,322.873809814453,7398657.84375,931362.4375,1,1070,1
572.277776218943,572.276245117188,572.281555175781,319.487182617188,317.309661865234,324.6904296875,3894205.07421875,463247.625,1,1071,1
420.262334000977,420.259674072266,420.263397216797,319.487182617188,317.309661865234,324.326324462891,2466921.21679688,287032.4375,1,1072,1
635.365023581517,635.363952636719,635.365905761719,319.487182617188,318.392822265625,324.6904296875,1936685.80859375,271913.5625,1,1073,1
534.253764411175,534.252380371094,534.255554199219,319.487182617188,317.671905517578,323.599426269531,1841373.08398438,244948.09375,1,1074,1
519.229100241789,519.226745605469,519.231384277344,319.487182617188,318.028564453125,324.326324462891,1814098.54833984,244638.765625,1,1075,1
149.023711859807,149.023498535156,149.023803710938,319.487182617188,314.637786865234,324.6904296875,2110932.83203125,173254.28125,1,1076,1
271.274964980694,271.274627685547,271.275634765625,319.487182617188,316.580810546875,325.781433105469,2529774.23632812,151605.890625,1,1077,1
509.252315532809,509.251098632812,509.253326416016,250.394775390625,248.342010498047,255.188552856445,29483623.78125,4555539.5,1,1078,1
525.226150919635,525.223754882812,525.226867675781,250.394775390625,248.635879516602,255.587280273438,12746609.859375,1841270.25,1,1079,1
470.26308566756,470.262786865234,470.264373779297,250.394775390625,248.635879516602,255.188552856445,9530197.52148438,1632582.625,1,1080,1
487.269721663357,487.266326904297,487.271026611328,250.394775390625,236.531646728516,259.296417236328,2226318.15869141,325163.84375,1,1081,1
511.25869220295,511.258178710938,511.260498046875,250.394775390625,248.635879516602,252.234649658203,1687303.45996094,270695.84375,1,1082,1
800.445300216864,800.443420410156,800.446716308594,248.635879516602,244.764389038086,253.320907592773,29272585.4707031,4411720,1,1083,1
802.451376042195,802.4482421875,802.451904296875,248.635879516602,246.83903503418,251.919784545898,3611864.06445312,559932.4375,1,1084,1
217.097577998795,217.097473144531,217.09765625,135.109085083008,132.919967651367,140.314224243164,25386041.9003906,4376896,1,1085,1
144.081084422658,144.081024169922,144.081497192383,135.109085083008,132.180328369141,140.314224243164,11001164.8217773,1747175.75,1,1086,1
218.101135361607,218.10090637207,218.1015625,135.109085083008,133.652465820312,139.216842651367,3265482.125,566043.75,1,1087,1
169.07639810669,169.076293945312,169.076629638672,135.109085083008,133.652465820312,140.314224243164,1667648.14648438,236626.78125,1,1088,1
145.084368501505,145.08430480957,145.084884643555,135.109085083008,133.652465820312,138.127090454102,1117398.48828125,200318.546875,1,1089,1
172.095255787527,172.095123291016,172.095504760742,135.109085083008,134.380096435547,137.401596069336,1059876.08984375,185749.859375,1,1090,1
634.361316873589,634.360290527344,634.361572265625,308.228302001953,305.851928710938,312.798553466797,25723353.1445312,4220036.5,1,1091,1
635.364736864587,635.363464355469,635.366455078125,308.228302001953,305.851928710938,313.1650390625,9779901.68066406,1649428.375,1,1092,1
639.316574611771,639.316345214844,639.318603515625,308.228302001953,306.336791992188,312.065063476562,5191583.81640625,1020542.5,1,1093,1
636.366936237841,636.364685058594,636.367431640625,308.228302001953,306.718322753906,310.125427246094,2322653.1796875,397106,1,1094,1
655.290440915627,655.289672851562,655.291015625,308.228302001953,306.718322753906,309.398559570312,1261351.53515625,296918.96875,1,1095,1
144.065839848266,144.065765380859,144.065872192383,63.4165573120117,58.5838012695312,68.9148025512695,41975496.9140625,4138657.75,1,1096,1
275.110503495278,275.110229492188,275.110565185547,63.4165573120117,58.9460525512695,68.9148025512695,14528430.2148438,1174968.875,1,1097,1
291.084471555134,291.083923339844,291.084808349609,63.4165573120117,58.2181701660156,69.2863082885742,5005053.73828125,421952.9375,1,1098,1
270.155232834125,270.154815673828,270.155548095703,63.4165573120117,58.5838012695312,68.9148025512695,2901891.51757812,222954.171875,1,1099,1
221.0924688631,221.091979980469,221.093109130859,63.4165573120117,58.5838012695312,69.2863082885742,2253154.26953125,221389.40625,1,1100,1
203.081854543856,203.081497192383,203.082183837891,63.4165573120117,61.2485466003418,68.1865539550781,1174537.34179688,125552.5859375,1,1101,1
226.180509154474,226.180328369141,226.180923461914,292.256774902344,287.554016113281,297.057312011719,26119486.5751953,4132841.5,1,1102,1
244.191169150575,244.190887451172,244.191711425781,292.256774902344,287.865417480469,297.057312011719,18381869.7988281,2820345.5,1,1103,1
266.173082209144,266.173004150391,266.173583984375,292.256774902344,289.945922851562,297.443450927734,14998193.6171875,2361202,1,1104,1
435.254072480551,435.251770019531,435.254913330078,292.256774902344,287.554016113281,297.057312011719,8876738.62939453,1018006.0625,1,1105,1
417.243269747513,417.242980957031,417.2451171875,292.256774902344,288.96142578125,297.057312011719,7866147.53710938,863540.875,1,1106,1
227.18406831868,227.183776855469,227.184539794922,292.256774902344,290.314544677734,297.057312011719,3470009.58691406,614185.0625,1,1107,1
245.194679246587,245.194519042969,245.195083618164,292.256774902344,290.314544677734,297.057312011719,2477027.515625,396776.03125,1,1108,1
613.207502750761,613.20654296875,613.210021972656,292.256774902344,287.231292724609,296.285827636719,4993936.00341797,389227.8125,1,1109,1
532.237916261867,532.23681640625,532.238647460938,292.256774902344,289.213165283203,297.057312011719,2853940.47949219,338047.3125,1,1110,1
405.279209909668,405.278594970703,405.280395507812,292.256774902344,289.582916259766,297.057312011719,1734149.34521484,312893.5625,1,1111,1
267.176490686675,267.176330566406,267.177459716797,292.256774902344,290.314544677734,297.443450927734,2064376.15917969,297669.84375,1,1112,1
282.146084775547,282.145355224609,282.146881103516,292.256774902344,290.679779052734,297.443450927734,1693107.20800781,281016.59375,1,1113,1
198.185622650053,198.18537902832,198.185913085938,292.256774902344,287.554016113281,297.057312011719,2233661.95507812,255081.984375,1,1114,1
620.382371094384,620.381774902344,620.383605957031,292.256774902344,291.15966796875,293.707305908203,839149.265625,184850.265625,1,1115,1
235.148063168379,235.147476196289,235.148864746094,292.256774902344,288.96142578125,296.668792724609,1593105.07568359,176113.703125,1,1116,1
522.437463998583,522.437255859375,522.437744140625,599.315673828125,594.544799804688,604.839599609375,43609724.203125,4095937,1,1117,1
523.440947723477,523.440734863281,523.442565917969,599.315673828125,595.273559570312,604.839599609375,13273842.7714844,1236697.875,1,1118,1
524.443894178844,524.443481445312,524.444946289062,599.315673828125,596.84130859375,602.347106933594,2108567.74804688,234017.765625,1,1119,1
110.00925119316,110.008964538574,110.009292602539,25.169038772583,20.5071697235107,29.9651641845703,28815815.53125,4088036,1,1120,1
112.006775626833,112.006637573242,112.006843566895,25.169038772583,20.5071697235107,27.8084163665771,3845174.21289062,572561.25,1,1121,1
152.036721887681,152.036209106445,152.037689208984,25.169038772583,20.5071697235107,27.8084163665771,3705283.28710938,556227.9375,1,1122,1
243.001228399084,243.001098632812,243.001739501953,25.169038772583,23.7167797088623,26.7282886505127,1433824.546875,306972.09375,1,1123,1
192.138707563281,192.138626098633,192.138977050781,322.144287109375,317.671905517578,327.716186523438,32511734.4257812,4048784.25,1,1124,1
130.966681161351,130.966644287109,130.966735839844,743.474975585938,709.276733398438,767.668273925781,425519772.28125,3975651.25,1,1125,1
128.95106146787,128.951019287109,128.951095581055,743.474975585938,720.3271484375,767.668273925781,100691932.25,955584.125,1,1126,1
156.966146919746,156.965545654297,156.96630859375,743.474975585938,713.711364746094,764.718017578125,17374946.9863281,189275.9375,1,1127,1
567.227803020239,567.226989746094,567.228088378906,226.763259887695,221.795761108398,231.981033325195,36802530.7558594,3899424.75,1,1128,1
584.254438903517,584.254333496094,584.256652832031,226.763259887695,222.168518066406,231.981033325195,17586653.2226562,2099572,1,1129,1
451.248952247099,451.247650146484,451.250640869141,226.763259887695,222.623001098633,231.349914550781,4099042.4375,606709.75,1,1130,1
504.296719128102,504.294158935547,504.297668457031,226.763259887695,225.19612121582,230.860885620117,1554463.703125,216563.734375,1,1131,1
343.296203847157,343.296142578125,343.296417236328,337.493682861328,335.196807861328,343.070953369141,28396305.7910156,3856840.75,1,1132,1
365.27824623407,365.277648925781,365.278686523438,337.493682861328,335.559051513672,343.070953369141,4987633.16894531,676642,1,1133,1
366.281748099821,366.281402587891,366.283386230469,337.493682861328,336.032196044922,342.700317382812,1035550.98681641,144298.390625,1,1134,1
593.277139133187,593.276794433594,593.278015136719,607.417053222656,605.206420898438,613.296508789062,29195145.6757812,3843492.25,1,1135,1
594.280426634112,594.279724121094,594.280944824219,607.417053222656,605.491088867188,612.988342285156,11148893.3554688,1478946.375,1,1136,1
158.154299937552,158.154235839844,158.154418945312,334.470306396484,329.944061279297,339.696807861328,31920644.2695312,3824617.75,1,1137,1
454.267747958702,454.266632080078,454.270172119141,334.470306396484,329.573059082031,337.493682861328,15104847.3574219,2274601.75,1,1138,1
509.231143331491,509.230895996094,509.231719970703,334.470306396484,331.910827636719,339.696807861328,15674117.1484375,2113915.75,1,1139,1
470.291291715805,470.290069580078,470.292907714844,334.470306396484,325.417175292969,347.948181152344,4389145.03417969,578371.3125,1,1140,1
455.270572992699,455.270172119141,455.271087646484,334.470306396484,332.279937744141,336.396697998047,2606807.01171875,416428.09375,1,1141,1
159.157593206621,159.157516479492,159.157760620117,334.470306396484,332.279937744141,338.952423095703,3013256.29492188,385733.96875,1,1142,1
324.238528206229,324.238037109375,324.238952636719,334.470306396484,332.648803710938,340.063201904297,2678439.63671875,349121.09375,1,1143,1
299.164571930349,299.162994384766,299.165740966797,334.470306396484,332.648803710938,338.952423095703,1716718.47900391,273311.3125,1,1144,1
307.211910156181,307.211700439453,307.212524414062,334.470306396484,332.648803710938,338.952423095703,1102531.25488281,142121.921875,1,1145,1
309.146665728503,309.146575927734,309.147033691406,324.6904296875,318.028564453125,329.944061279297,41959187.671875,3743743.25,1,1146,1
274.274548136803,274.274353027344,274.274658203125,324.6904296875,317.671905517578,329.944061279297,58957524.1132812,3534271,1,1147,1
310.150017675755,310.149932861328,310.150360107422,324.6904296875,318.756195068359,329.944061279297,8542424.52050781,790697.3125,1,1148,1
275.278090170279,275.277587890625,275.278259277344,324.6904296875,318.756195068359,330.314178466797,10372333.4101562,613901.8125,1,1149,1
269.154039314737,269.15380859375,269.154205322266,324.6904296875,319.487182617188,330.314178466797,3006304.1484375,269274.4375,1,1150,1
353.230612006661,353.230377197266,353.232391357422,324.6904296875,321.052429199219,328.084564208984,1845786.90332031,250191.828125,1,1151,1
285.29052405912,285.290283203125,285.291229248047,324.6904296875,319.487182617188,331.167572021484,2695520.22460938,158486.90625,1,1152,1
351.099808026277,351.099700927734,351.100280761719,490.777374267578,486.401519775391,496.465637207031,33541326.9335938,3605728.25,1,1153,1
149.023645682579,149.02360534668,149.023773193359,490.777374267578,486.401519775391,495.261138916016,22935942.0273438,2729519.5,1,1154,1
314.147179419401,314.146423339844,314.147613525391,490.777374267578,487.856262207031,496.465637207031,9240537.15039062,1040494.875,1,1155,1
205.086339488314,205.08625793457,205.086547851562,490.777374267578,488.224639892578,495.623382568359,5143841.86425781,623410,1,1156,1
336.129158796732,336.128875732422,336.129333496094,490.777374267578,488.586761474609,496.828887939453,5854011.8359375,619543.8125,1,1157,1
358.201852186527,358.201507568359,358.202301025391,490.777374267578,488.586761474609,496.098999023438,4186382.796875,437733.6875,1,1158,1
344.18632056971,344.186096191406,344.187347412109,490.777374267578,488.586761474609,495.623382568359,3306773.43652344,342182.125,1,1159,1
353.097569533214,353.096801757812,353.098052978516,490.777374267578,489.322387695312,496.465637207031,2388070.77734375,263866.75,1,1160,1
150.026969980324,150.026794433594,150.027221679688,490.777374267578,487.493011474609,495.261138916016,1985059.453125,241843.9375,1,1161,1
177.024892153327,177.024765014648,177.024993896484,30.6666698455811,29.6095314025879,32.5046577453613,14088162.7890625,3593889.25,1,1162,1
192.998889653975,192.998611450195,192.999084472656,30.6666698455811,29.6095314025879,32.1576652526855,8624424.59375,2397196.25,1,1163,1
207.014510525903,207.014419555664,207.014541625977,30.6666698455811,29.6095314025879,32.1576652526855,7958768.71875,2114153.75,1,1164,1
241.03130909907,241.030502319336,241.031509399414,30.6666698455811,29.6095314025879,36.0644149780273,5840956.35546875,729871.875,1,1165,1
222.988368532977,222.988159179688,222.988418579102,30.6666698455811,29.9651641845703,31.8042831420898,1459611.03125,460910.125,1,1166,1
263.013150117398,263.012786865234,263.013366699219,30.6666698455811,29.6095314025879,32.1576652526855,1324781.453125,260329.640625,1,1167,1
225.034800344782,225.034576416016,225.034973144531,30.6666698455811,29.9651641845703,32.1576652526855,1177058.2890625,224522.46875,1,1168,1
191.040520103453,191.04035949707,191.040557861328,31.1105403900146,29.9651641845703,32.5046577453613,13988993.875,3376758.5,1,1169,1
288.105581136119,288.105224609375,288.10595703125,31.1105403900146,29.2452812194824,34.9504165649414,3357218.5390625,508640.65625,1,1170,1
304.080171728018,304.079528808594,304.081481933594,31.1105403900146,29.2452812194824,31.457405090332,1553478.96875,336340.34375,1,1171,1
568.25936452174,568.259216308594,568.261169433594,291.15966796875,288.184539794922,296.285827636719,29383574.8125,3343350,1,1172,1
516.214359704931,516.214111328125,516.214782714844,291.15966796875,288.569549560547,297.057312011719,22032359.8359375,2410300.75,1,1173,1
553.234695659472,553.233459472656,553.237365722656,291.15966796875,289.213165283203,296.285827636719,12297067.1914062,1420620.75,1,1174,1
569.258271098229,569.256286621094,569.259765625,291.15966796875,289.213165283203,296.285827636719,6666607.859375,935183.5,1,1175,1
592.224495021138,592.222717285156,592.228698730469,291.15966796875,287.231292724609,297.443450927734,5989161.40380859,579522.875,1,1176,1
498.203506722062,498.202697753906,498.205535888672,291.15966796875,288.569549560547,297.057312011719,3637979.84863281,429647.78125,1,1177,1
281.153721153882,281.153167724609,281.154510498047,291.15966796875,288.96142578125,297.443450927734,2713030.29296875,310706.5,1,1178,1
872.864567266788,872.862854003906,872.866455078125,291.15966796875,289.945922851562,294.797180175781,1842353.8359375,300621.8125,1,1179,1
263.14319730576,263.142639160156,263.144134521484,291.15966796875,289.213165283203,296.668792724609,2455135.23144531,296603,1,1180,1
873.365302121002,873.361938476562,873.367553710938,291.15966796875,289.945922851562,294.070526123047,1736883.1328125,275824.59375,1,1181,1
632.251702094032,632.250305175781,632.253540039062,291.15966796875,288.569549560547,297.057312011719,1866193.54150391,194284.65625,1,1182,1
873.868172802337,873.864501953125,873.87255859375,291.15966796875,289.582916259766,294.434906005859,1083507.41015625,189731.75,1,1183,1
506.311724525703,506.30908203125,506.314331054688,291.15966796875,288.96142578125,295.530548095703,1202257.59033203,144744.09375,1,1184,1
551.232125952342,551.231079101562,551.232421875,298.938415527344,296.668792724609,304.270935058594,25900448.1953125,3323394.25,1,1185,1
552.235488951757,552.234985351562,552.235717773438,298.938415527344,296.285827636719,304.270935058594,8260346.44726562,1027662,1,1186,1
568.259491202785,568.25927734375,568.261596679688,298.938415527344,296.285827636719,304.727569580078,9086549.86328125,1027307.6875,1,1187,1
533.221653116856,533.22119140625,533.222106933594,298.938415527344,297.057312011719,306.336791992188,5548979.046875,531698.8125,1,1188,1
453.264350682321,453.263061523438,453.26513671875,298.938415527344,295.159423828125,304.270935058594,4154449.078125,500377.0625,1,1189,1
348.275089477725,348.27490234375,348.276092529297,298.938415527344,296.285827636719,304.727569580078,3188919.16113281,444635.90625,1,1190,1
569.264628599404,569.264038085938,569.266296386719,298.938415527344,297.443450927734,303.890686035156,2502363.20703125,326977.15625,1,1191,1
534.225155031214,534.224548339844,534.226135253906,298.938415527344,296.285827636719,304.270935058594,1615593.4921875,162164.265625,1,1192,1
442.338306882476,442.336975097656,442.338623046875,298.938415527344,293.707305908203,304.727569580078,2124400.91308594,150869.71875,1,1193,1
148.977194700977,148.977157592773,148.977279663086,742.087036132812,711.89794921875,754.378601074219,252346014.203125,3281103.75,1,1194,1
435.253794493034,435.251831054688,435.254364013672,315.0078125,310.855194091797,320.576171875,19932687.8046875,3249366.75,1,1195,1
321.167065951896,321.1669921875,321.167633056641,504.212280273438,501.666381835938,509.344146728516,25023358.7128906,3248375.75,1,1196,1
322.170279545206,322.169891357422,322.170440673828,504.212280273438,502.03076171875,507.958160400391,3934485.5,534172.125,1,1197,1
323.162116366068,323.161376953125,323.163238525391,504.212280273438,499.737274169922,508.980804443359,2583540.53222656,290658.28125,1,1198,1
159.969366161097,159.969223022461,159.969696044922,715.974243164062,700.046997070312,727.646240234375,162650108.46875,3188038.5,1,1199,1
128.019572158807,128.019515991211,128.019638061523,715.974243164062,707.828857421875,721.081970214844,7092498.390625,226696.109375,1,1200,1
118.086718070336,118.086669921875,118.086753845215,577.771423339844,577.046936035156,590.967041015625,107157428,3061452.25,1,1201,1
268.104448200603,268.104339599609,268.105133056641,70.0118103027344,65.5279312133789,75.2270660400391,33770696.9785156,3059326.75,1,1202,1
269.108307421121,269.107452392578,269.108673095703,70.0118103027344,66.0011825561523,74.8586883544922,3485746.51074219,321834.21875,1,1203,1
290.086261007229,290.085723876953,290.087097167969,70.0118103027344,67.0958099365234,74.8586883544922,1990189.3828125,201577.453125,1,1204,1
784.450169415988,784.447998046875,784.4541015625,312.065063476562,310.125427246094,317.309661865234,18760886.4882812,3047888.5,1,1205,1
785.45369927444,785.450866699219,785.454772949219,312.065063476562,310.125427246094,317.309661865234,8410699.875,1407609.75,1,1206,1
786.456526895577,786.455322265625,786.456970214844,312.065063476562,310.125427246094,314.271545410156,2248090.79882812,407296.46875,1,1207,1
790.408542342017,790.407958984375,790.410583496094,312.065063476562,310.491424560547,314.271545410156,1093248.50585938,188352.609375,1,1208,1
335.162318806555,335.162109375,335.1640625,416.639617919922,393.664459228516,437.822479248047,74593404.2753906,3026187.5,1,1209,1
732.328623368674,732.327697753906,732.329284667969,237.269012451172,232.69026184082,242.55339050293,19218924.0390625,2942063.75,1,1210,1
733.332065781436,733.331604003906,733.332946777344,237.269012451172,234.922637939453,241.429794311523,7163452.47265625,1116762.25,1,1211,1
734.331646486774,734.328918457031,734.334289550781,237.269012451172,234.545623779297,241.429794311523,2544252.06103516,386701.6875,1,1212,1
737.283280293765,737.279479980469,737.285034179688,237.269012451172,235.673400878906,241.429794311523,1485790.80566406,248500.375,1,1213,1
654.387339100453,654.387145996094,654.389343261719,290.679779052734,288.96142578125,294.434906005859,16781428.5859375,2882560.75,1,1214,1
655.390353072892,655.387939453125,655.391418457031,290.679779052734,288.96142578125,295.530548095703,6448086.46582031,1178508.25,1,1215,1
659.343317320867,659.340209960938,659.344543457031,290.679779052734,276.682525634766,294.434906005859,1920164.51757812,353652.75,1,1216,1
656.394226031924,656.3935546875,656.398376464844,290.679779052734,288.96142578125,294.797180175781,1473285.05615234,263157.5,1,1217,1
278.12371254344,278.122802734375,278.123962402344,33.8922920227051,32.8515396118164,39.3074226379395,16797017.8203125,2866923.25,1,1218,1
336.096172563888,336.095367431641,336.096527099609,33.8922920227051,32.1576652526855,40.758544921875,17808262.9765625,1959548.25,1,1219,1
247.05829429876,247.058120727539,247.058670043945,33.8922920227051,32.5046577453613,39.3074226379395,9302415.578125,1255739.375,1,1220,1
236.149471630257,236.149032592773,236.149841308594,33.8922920227051,32.8515396118164,40.0340347290039,3865573.93945312,700121.8125,1,1221,1
260.113225389124,260.113006591797,260.114471435547,33.8922920227051,33.1984176635742,38.2349166870117,3537065.02734375,677620,1,1222,1
124.03977113908,124.039657592773,124.039932250977,33.8922920227051,31.457405090332,43.7675476074219,6620712.70898438,594324.1875,1,1223,1
187.108077988105,187.107803344727,187.108261108398,33.8922920227051,32.1576652526855,38.9605445861816,3050997.28320312,434340.40625,1,1224,1
205.082173302906,205.081314086914,205.082611083984,33.8922920227051,32.5046577453613,39.3074226379395,2074745.61328125,277248.78125,1,1225,1
177.054938671279,177.05485534668,177.05500793457,138.490463256836,135.836959838867,143.390090942383,21360275.3085938,2815528.25,1,1226,1
367.150700550614,367.150604248047,367.151763916016,138.490463256836,135.836959838867,142.262710571289,9510913.21875,1240865.875,1,1227,1
344.22842866955,344.227386474609,344.228637695312,138.490463256836,132.546340942383,143.768981933594,13894075.7773438,1146403.625,1,1228,1
391.100499936378,391.100036621094,391.101226806641,138.490463256836,136.675079345703,141.518966674805,4065646.75,602760.1875,1,1229,1
335.124240592302,335.123992919922,335.125640869141,138.490463256836,135.836959838867,143.019622802734,2949765.49121094,393478.28125,1,1230,1
370.122079372766,370.121002197266,370.122436523438,138.490463256836,136.675079345703,140.676849365234,2267259.87109375,359405.4375,1,1231,1
178.058291680292,178.057891845703,178.058853149414,138.490463256836,134.015716552734,143.390090942383,2329331.14111328,304549.1875,1,1232,1
345.231823205957,345.230590820312,345.232452392578,138.490463256836,133.289215087891,143.390090942383,2103071.83984375,182039.453125,1,1233,1
327.201827560977,327.201507568359,327.202514648438,138.490463256836,133.289215087891,143.390090942383,1568506.74853516,120185.078125,1,1234,1
800.445224096796,800.442932128906,800.447326660156,227.132369995117,222.623001098633,232.300643920898,16332620.7285156,2793878,1,1235,1
805.400325707291,805.397766113281,805.402404785156,227.132369995117,222.623001098633,230.860885620117,14540755.3964844,2420818.75,1,1236,1
801.44855895666,801.446899414062,801.449829101562,227.132369995117,223.731384277344,231.664031982422,7153854.75488281,1271460.75,1,1237,1
568.231177157908,568.230651855469,568.231567382812,227.132369995117,221.795761108398,231.981033325195,11439800.1767578,1240789.875,1,1238,1
806.403801795289,806.401123046875,806.40673828125,227.132369995117,223.731384277344,237.577285766602,6849411.94091797,1106394.125,1,1239,1
783.41855079595,783.418151855469,783.421447753906,227.132369995117,225.561141967773,229.339263916016,4542529.63476562,824109.75,1,1240,1
487.269818929335,487.269073486328,487.271453857422,227.132369995117,224.099639892578,231.664031982422,3939535.04296875,512409.125,1,1241,1
784.421844102363,784.420471191406,784.422973632812,227.132369995117,225.561141967773,230.477386474609,2002691.42871094,389599.4375,1,1242,1
459.311358735519,459.310943603516,459.311920166016,227.132369995117,225.561141967773,228.963882446289,1890165.45703125,378900.46875,1,1243,1
802.451516339578,802.449401855469,802.453430175781,227.132369995117,223.731384277344,230.09489440918,2041482.73046875,354070.875,1,1244,1
607.220336936566,607.218933105469,607.222900390625,227.132369995117,221.795761108398,238.019393920898,4144457.875,353106.25,1,1245,1
549.216399525369,549.214782714844,549.216857910156,227.132369995117,223.731384277344,231.981033325195,2541655.39648438,308665.15625,1,1246,1
822.379573457996,822.375854492188,822.383605957031,227.132369995117,223.367141723633,228.963882446289,1612682.44482422,253832,1,1247,1
621.365971435012,621.363464355469,621.369018554688,227.132369995117,226.03938293457,230.477386474609,1141095.55322266,228080.078125,1,1248,1
452.252215657109,452.251098632812,452.253540039062,227.132369995117,224.831634521484,230.860885620117,1144912.18164062,186148.15625,1,1249,1
816.440248650638,816.435791015625,816.443969726562,227.132369995117,225.561141967773,231.981033325195,1054327.19677734,176025.890625,1,1250,1
158.961533036083,158.961502075195,158.961578369141,743.474975585938,739.436645507812,746.855163574219,52198862.25,2761235.5,1,1251,1
132.102218487973,132.101898193359,132.10237121582,36.4276695251465,31.8042831420898,45.5804328918457,25965356.4804688,2760816.75,1,1252,1
133.105566530017,133.105331420898,133.10578918457,36.4276695251465,34.2391700744629,44.1299285888672,1568412.96386719,198967.546875,1,1253,1
474.218655919748,474.217651367188,474.220550537109,36.4276695251465,34.9504165649414,41.5920486450195,1196550.11132812,160999.1875,1,1254,1
420.332708839206,420.332458496094,420.334808349609,590.495056152344,588.304565429688,596.113830566406,20448731.125,2753022.25,1,1255,1
425.287999445313,425.287750244141,425.290222167969,590.495056152344,587.574035644531,596.113830566406,6676680.39257812,880816.5,1,1256,1
421.33583981356,421.335357666016,421.336303710938,590.495056152344,588.671691894531,596.477966308594,5155805.8515625,686006,1,1257,1
171.138028603608,171.137954711914,171.138275146484,590.495056152344,586.843688964844,594.909301757812,2211743.4296875,265207.09375,1,1258,1
426.291144800496,426.289642333984,426.292266845703,590.495056152344,588.671691894531,594.909301757812,1533924.71972656,236171.796875,1,1259,1
790.523611665028,790.521728515625,790.526428222656,590.495056152344,588.671691894531,595.273559570312,1565578.13867188,186959.734375,1,1260,1
158.96153010953,158.961502075195,158.961563110352,734.681884765625,729.838134765625,739.436645507812,65670957,2742542.75,1,1261,1
114.091868689122,114.091819763184,114.091926574707,127.707077026367,123.210083007812,132.919967651367,18951608.171875,2729288.75,1,1262,1
314.181384686379,314.180755615234,314.182403564453,127.707077026367,123.210083007812,132.180328369141,1727029.52441406,160102.96875,1,1263,1
148.977215417011,148.977188110352,148.977249145508,755.543029785156,754.378601074219,768.030517578125,92887125.625,2720291.25,1,1264,1
101.071583378848,101.07154083252,101.071617126465,544.813171386719,538.661560058594,549.587707519531,79768048.25,2699889.25,1,1265,1
595.167923286087,595.166625976562,595.169372558594,191.762359619141,188.119888305664,196.817245483398,13893892.6328125,2619222,1,1266,1
596.17140502681,596.171264648438,596.172119140625,191.762359619141,189.965240478516,193.977874755859,4035786.11132812,766118.1875,1,1267,1
617.150371130467,617.148132324219,617.15185546875,191.762359619141,187.358764648438,194.933502197266,2664708.31689453,516125.90625,1,1268,1
287.055023054975,287.054321289062,287.056030273438,191.762359619141,187.358764648438,194.67887878418,1386133.94824219,262416.65625,1,1269,1
597.173920588046,597.172119140625,597.176086425781,191.762359619141,187.358764648438,193.270629882812,931505.794433594,189042.78125,1,1270,1
186.149256614582,186.149200439453,186.149642944336,148.749221801758,144.530456542969,152.59375,16332981.8803711,2612740.5,1,1271,1
453.344553673797,453.344299316406,453.345245361328,225.561141967773,223.731384277344,230.477386474609,14757231.0224609,2599559,1,1272,1
453.846035880995,453.845794677734,453.846649169922,225.561141967773,223.731384277344,228.963882446289,8155618.88085938,1433987.5,1,1273,1
454.347546780389,454.347259521484,454.348724365234,225.561141967773,224.099639892578,228.593002319336,2363725.54638672,445271.375,1,1274,1
527.262597183674,527.2607421875,527.264099121094,225.561141967773,224.099639892578,229.339263916016,1188811.16796875,198588.609375,1,1275,1
489.305106936705,489.304321289062,489.306488037109,346.130554199219,342.700317382812,351.364562988281,16411647.2851562,2592231,1,1276,1
490.308088874623,490.307891845703,490.309326171875,346.130554199219,344.556457519531,348.684326171875,2920631.64453125,484870.71875,1,1277,1
263.14267391403,263.142425537109,263.143676757812,346.130554199219,344.184448242188,347.948181152344,1142160.97460938,190271.796875,1,1278,1
125.071316721617,125.071273803711,125.071342468262,615.644226074219,611.532043457031,624.820068359375,91456066.5,2566709.75,1,1279,1
118.086713497638,118.08667755127,118.086753845215,592.064147949219,590.967041015625,596.84130859375,39756564,2559392.25,1,1280,1
130.966788337959,130.966766357422,130.966796875,18.4359092712402,13.9884195327759,19.1014099121094,36836774.875,2546053.25,1,1281,1
113.964118673348,113.964065551758,113.964164733887,710.729736328125,699.351257324219,726.195129394531,118039778.84375,2516218.5,1,1282,1
200.995973316242,200.995819091797,200.996459960938,710.729736328125,700.410339355469,727.646240234375,17231488.8632812,472433.625,1,1283,1
300.921212146671,300.919799804688,300.922210693359,710.729736328125,704.48388671875,719.237731933594,3165450.54296875,124919.5078125,1,1284,1
437.269403020746,437.266204833984,437.269958496094,401.050476074219,396.893981933594,405.805358886719,17344928.890625,2492395,1,1285,1
438.272866286163,438.272369384766,438.273651123047,401.050476074219,399.119842529297,405.805358886719,5283161.07421875,778260.5,1,1286,1
435.253805598972,435.251708984375,435.255187988281,401.050476074219,396.523834228516,405.805358886719,4948638.84667969,728756.4375,1,1287,1
475.246438291222,475.244476318359,475.249084472656,401.050476074219,398.014953613281,406.280578613281,4932188.47558594,713321.375,1,1288,1
417.243211928338,417.241485595703,417.243927001953,401.050476074219,398.389221191406,404.712829589844,4218900.66992188,648173.875,1,1289,1
454.295928485108,454.295257568359,454.296997070312,401.050476074219,397.640106201172,405.805358886719,4220242.8125,617320.125,1,1290,1
453.264276874324,453.263458251953,453.265716552734,401.050476074219,396.523834228516,404.712829589844,2576524.5,379643.71875,1,1291,1
476.249915150811,476.248260498047,476.250823974609,401.050476074219,398.755584716797,404.712829589844,1421035.76757812,236546.46875,1,1292,1
436.257209609002,436.256774902344,436.259307861328,401.050476074219,399.119842529297,403.612457275391,1389523.25195312,226648.5,1,1293,1
288.253739922512,288.253234863281,288.253967285156,401.050476074219,398.755584716797,403.245452880859,1166567.12402344,169379.71875,1,1294,1
125.071365199885,125.071311950684,125.071403503418,543.143188476562,539.393676757812,549.587707519531,70258670.5,2471236.5,1,1295,1
402.358643910232,402.358520507812,402.358795166016,430.368865966797,425.561248779297,434.660491943359,32952525.453125,2461170.25,1,1296,1
403.36206327322,403.361968994141,403.362457275391,430.368865966797,426.358245849609,434.660491943359,8579587.328125,643883.25,1,1297,1
525.283538370718,525.283264160156,525.284362792969,322.873809814453,320.576171875,326.981170654297,15757669.5166016,2460423.25,1,1298,1
503.301351459133,503.298950195312,503.30224609375,322.873809814453,321.052429199219,327.716186523438,10807283.6191406,1709757.25,1,1299,1
520.328333302115,520.328186035156,520.329528808594,322.873809814453,321.052429199219,328.084564208984,9998170.01855469,1607695,1,1300,1
526.287018986991,526.2861328125,526.288513183594,322.873809814453,321.052429199219,328.084564208984,5154335.03808594,789486.4375,1,1301,1
504.30391926633,504.301574707031,504.304351806641,322.873809814453,321.414794921875,325.781433105469,3616407.45703125,580963.125,1,1302,1
542.260895824533,542.259094238281,542.263916015625,322.873809814453,320.576171875,326.617919921875,2438495.31542969,390902.15625,1,1303,1
543.259578384605,543.2578125,543.260437011719,322.873809814453,321.414794921875,325.052673339844,907941.84375,149063.453125,1,1304,1
128.951158566646,128.950958251953,128.951217651367,35.2972946166992,29.9651641845703,56.0368003845215,88468074.125,2445614,1,1305,1
169.977638123486,169.977416992188,169.977752685547,35.2972946166992,30.6666698455811,54.8496780395508,15450365.5859375,643103.875,1,1306,1
144.982390900798,144.982238769531,144.982543945312,35.2972946166992,30.6666698455811,55.5743026733398,10990976.3203125,375600.34375,1,1307,1
141.958805914088,141.958770751953,141.958831787109,733.152465820312,730.200927734375,739.436645507812,56253770.25,2442362.5,1,1308,1
124.087382634371,124.087326049805,124.087425231934,483.016510009766,477.055114746094,487.493011474609,62900059.375,2416322,1,1309,1
130.966762446416,130.966720581055,130.966796875,11.3229093551636,0.524400889873505,13.3126611709595,79828428.75,2379084,1,1310,1
125.986654618115,125.986610412598,125.986686706543,11.3229093551636,0.524400889873505,12.7220325469971,45735132,1390854.75,1,1311,1
650.356420844515,650.354125976562,650.356567382812,256.840515136719,254.529418945312,260.704528808594,14959912.4072266,2360881,1,1312,1
655.311584160886,655.311401367188,655.311889648438,256.840515136719,255.188552856445,259.616149902344,9101017.4765625,1609029,1,1313,1
651.359765593102,651.357116699219,651.361755371094,256.840515136719,254.85417175293,261.528778076172,5539992.10546875,870799.5,1,1314,1
671.285641071451,671.285400390625,671.286315917969,256.840515136719,255.188552856445,260.326293945312,3564472.7109375,612239.0625,1,1315,1
656.31492837233,656.314453125,656.315063476562,256.840515136719,255.587280273438,258.903289794922,3257900.5625,604417.875,1,1316,1
672.289007386939,672.287963867188,672.290649414062,256.840515136719,255.188552856445,259.296417236328,1321791.23144531,234574.78125,1,1317,1
652.363027029811,652.360168457031,652.365417480469,256.840515136719,255.587280273438,260.704528808594,1410518.46484375,226272.3125,1,1318,1
633.145082884199,633.144470214844,633.146362304688,177.167221069336,175.260238647461,182.019607543945,12979354.0488281,2334602.75,1,1319,1
649.118646022637,649.118225097656,649.119445800781,177.167221069336,176.440612792969,180.437255859375,1308223.56835938,276440,1,1320,1
627.177767758302,627.177185058594,627.178344726562,177.167221069336,176.440612792969,178.624237060547,852154.67578125,162761.296875,1,1321,1
695.11559234128,695.115112304688,695.117065429688,177.167221069336,175.640975952148,180.437255859375,924048.661621094,153710.796875,1,1322,1
125.071303430337,125.071266174316,125.07137298584,656.056335449219,654.336364746094,663.61181640625,54687054,2333551,1,1323,1
125.071292357699,125.071258544922,125.071319580078,648.799072265625,638.504211425781,652.243957519531,82749400,2289969.5,1,1324,1
130.966791129344,130.966720581055,130.966842651367,72.2960510253906,39.3074226379395,96.2580642700195,256735184.21875,2288488.5,1,1325,1
158.961551186881,158.961517333984,158.961578369141,756.376525878906,754.015930175781,768.030517578125,79111144.125,2284591.5,1,1326,1
167.089846534391,167.089706420898,167.089996337891,82.9561767578125,80.2979431152344,88.1574401855469,16881462.8808594,2269104.25,1,1327,1
103.054827728893,103.054779052734,103.054885864258,82.9561767578125,79.9276962280273,88.1574401855469,15980897.7172852,2100311.75,1,1328,1
250.03898891066,250.038833618164,250.039215087891,82.9561767578125,80.6654434204102,87.788818359375,3355397.27539062,406076.96875,1,1329,1
251.139276557358,251.138626098633,251.139739990234,82.9561767578125,79.3168258666992,92.7026977539062,3049597.55078125,377492.0625,1,1330,1
149.059976845284,149.05989074707,149.060073852539,82.9561767578125,80.6654434204102,88.1574401855469,2175302.6640625,263302.0625,1,1331,1
104.058186294448,104.058113098145,104.058280944824,82.9561767578125,80.2979431152344,88.1574401855469,1368033.17382812,180432.5625,1,1332,1
107.049723137106,107.049674987793,107.049903869629,82.9561767578125,79.6219635009766,86.3300628662109,1325866.15185547,175596.65625,1,1333,1
266.011320200848,266.010498046875,266.011749267578,82.9561767578125,81.5031890869141,87.0589370727539,992861.883789062,152876.96875,1,1334,1
315.105429262599,315.104705810547,315.106201171875,82.9561767578125,78.9444274902344,87.4214401245117,1269050.58789062,130907.78125,1,1335,1
594.495461142317,594.4951171875,594.495910644531,656.056335449219,651.940307617188,661.502563476562,26213820.5078125,2263942.75,1,1336,1
595.498796503219,595.497497558594,595.500549316406,656.056335449219,651.940307617188,661.502563476562,9222537.58984375,791268.4375,1,1337,1
126.074535683314,126.07447052002,126.074577331543,656.056335449219,655.293579101562,659.656982421875,1755245.0546875,159304.453125,1,1338,1
158.961539450312,158.961486816406,158.96159362793,729.10546875,713.711364746094,729.838134765625,58465889.09375,2231346.25,1,1339,1
679.513899403895,679.512145996094,679.515075683594,210.72575378418,208.905624389648,214.428497314453,12408020.1523438,2230795.5,1,1340,1
351.2508248351,351.250030517578,351.251373291016,210.72575378418,208.905624389648,214.040161132812,1284877.54638672,255014.640625,1,1341,1
681.520126613315,681.51904296875,681.520568847656,210.72575378418,209.26887512207,211.922119140625,1060728.53125,211204.546875,1,1342,1
627.349285082453,627.347778320312,627.350036621094,210.72575378418,208.905624389648,213.41552734375,1275715.37304688,209514.125,1,1343,1
239.128242957394,239.127532958984,239.128524780273,310.125427246094,305.474426269531,315.0078125,16201787.828125,2152621.25,1,1344,1
163.075720821489,163.07536315918,163.076065063477,310.125427246094,298.938415527344,315.377044677734,20233720.6738281,1768682.875,1,1345,1
277.084246278265,277.083648681641,277.084533691406,310.125427246094,303.138671875,313.534820556641,4797842.59765625,552281.75,1,1346,1
757.220789675124,757.21728515625,757.222045898438,140.676849365234,137.401596069336,145.283111572266,10676808.6904297,2144474.75,1,1347,1
195.088081980495,195.088027954102,195.088195800781,140.676849365234,136.30859375,146.150726318359,9925992.015625,1138735.5,1,1348,1
758.224085021611,758.221923828125,758.224487304688,140.676849365234,136.30859375,143.390090942383,4128224.06933594,803769.25,1,1349,1
779.202623384821,779.20068359375,779.205749511719,140.676849365234,137.038345336914,143.019622802734,2339635.85595703,463716.6875,1,1350,1
759.226294562131,759.224304199219,759.226684570312,140.676849365234,139.216842651367,142.262710571289,1033628.84960938,211701.140625,1,1351,1
430.390037194801,430.389923095703,430.390930175781,469.683258056641,465.430389404297,476.387390136719,34511280.9570312,2144114.75,1,1352,1
190.912122933417,190.912063598633,190.912307739258,28.5165386199951,26.7282886505127,30.6666698455811,11294041.9199219,2138893.75,1,1353,1
218.042847615201,218.042678833008,218.043365478516,28.5165386199951,26.7282886505127,31.1105403900146,8823232.52734375,1586622.875,1,1354,1
266.160060012069,266.159576416016,266.160980224609,28.5165386199951,26.7282886505127,32.1576652526855,8047499.84375,1311457.75,1,1355,1
342.861080315519,342.860626220703,342.861480712891,28.5165386199951,27.0906639099121,29.9651641845703,5936170.91015625,1280626,1,1356,1
276.871575233685,276.871459960938,276.872222900391,28.5165386199951,27.0906639099121,29.9651641845703,3466613.578125,798109.5625,1,1357,1
426.822735119408,426.822052001953,426.823364257812,28.5165386199951,27.4527912139893,29.6095314025879,2877355.4921875,716142.9375,1,1358,1
290.847413558028,290.847259521484,290.847839355469,28.5165386199951,27.0906639099121,29.2452812194824,1578987.59277344,467157.40625,1,1359,1
380.89917841036,380.898590087891,380.899719238281,28.5165386199951,27.0906639099121,29.2452812194824,1902453.23046875,412303.0625,1,1360,1
344.858938524232,344.858520507812,344.859588623047,28.5165386199951,27.4527912139893,29.2452812194824,1379591.8828125,348659.28125,1,1361,1
259.903162204531,259.902954101562,259.903503417969,28.5165386199951,27.0906639099121,29.9651641845703,1496132.64648438,347115.96875,1,1362,1
257.86275424501,257.862609863281,257.863098144531,28.5165386199951,27.0906639099121,29.9651641845703,2207561.046875,325757.3125,1,1363,1
168.077063417888,168.076889038086,168.077331542969,28.5165386199951,26.3659076690674,31.1105403900146,2214291.5859375,293304.96875,1,1364,1
312.911301174136,312.910888671875,312.912261962891,28.5165386199951,27.0906639099121,29.6095314025879,1076916.64648438,226395.203125,1,1365,1
176.936260977662,176.936111450195,176.936889648438,28.5165386199951,27.0906639099121,29.9651641845703,1046452.8359375,180169.609375,1,1366,1
380.095701288232,380.094940185547,380.096069335938,28.5165386199951,27.0906639099121,30.3197917938232,861626.619140625,159364.734375,1,1367,1
251.139405216432,251.139099121094,251.139602661133,98.1026916503906,93.8197021484375,103.392074584961,14572104.5102539,2127567,1,1368,1
252.143161988461,252.143020629883,252.143768310547,98.1026916503906,96.2580642700195,100.682075500488,2152935.9453125,339115.875,1,1369,1
323.162459490972,323.162261962891,323.163269042969,397.640106201172,391.898590087891,402.149353027344,27180580.5,2110988.25,1,1370,1
324.165805940073,324.165283203125,324.166107177734,397.640106201172,392.992584228516,402.149353027344,5759850.34082031,462672.125,1,1371,1
141.958816779868,141.958786010742,141.958862304688,743.474975585938,740.9951171875,767.668273925781,108315881.125,2037590.5,1,1372,1
437.269565630693,437.269348144531,437.27001953125,367.599822998047,365.010955810547,372.093719482422,13807872.015625,2036973.5,1,1373,1
472.306930893021,472.305969238281,472.307250976562,367.599822998047,365.010955810547,372.837188720703,12874527.0839844,1864326,1,1374,1
419.25896811067,419.258819580078,419.260131835938,367.599822998047,365.765472412109,372.837188720703,8496409.90820312,1370776.25,1,1375,1
568.259616850393,568.259094238281,568.261169433594,367.599822998047,363.876953125,371.353942871094,10115119.1484375,1178777.25,1,1376,1
477.262193129692,477.260803222656,477.262634277344,367.599822998047,364.640075683594,371.722961425781,7330748.29199219,1132264.75,1,1377,1
438.273046110018,438.272827148438,438.27392578125,367.599822998047,365.010955810547,370.986083984375,4051640.36523438,599110.75,1,1378,1
473.310344484682,473.310119628906,473.311584472656,367.599822998047,365.765472412109,372.837188720703,3908340.98242188,589490.75,1,1379,1
170.154363872927,170.153930664062,170.154479980469,367.599822998047,359.770080566406,373.974945068359,9428883.62109375,515639.84375,1,1380,1
493.234569556568,493.231079101562,493.236511230469,367.599822998047,365.765472412109,372.093719482422,2804775.671875,451513.78125,1,1381,1
420.262259965284,420.260681152344,420.26318359375,367.599822998047,365.765472412109,372.837188720703,2635911.23828125,424887.875,1,1382,1
569.262895580064,569.262573242188,569.26318359375,367.599822998047,365.010955810547,369.797943115234,3017737.359375,363127.6875,1,1383,1
478.265660554696,478.264465332031,478.266174316406,367.599822998047,366.137573242188,372.463592529297,2185116.09570312,326235.53125,1,1384,1
551.232353304475,551.23046875,551.233154296875,367.599822998047,364.640075683594,372.463592529297,2991101.24316406,315242.8125,1,1385,1
454.296000586529,454.293548583984,454.296783447266,367.599822998047,362.760955810547,371.722961425781,1770405.42480469,271356.59375,1,1386,1
670.382361473007,670.381652832031,670.383239746094,223.731384277344,221.423156738281,226.763259887695,11224009.7548828,2033444.875,1,1387,1
675.337615357617,675.337036132812,675.338012695312,223.731384277344,221.795761108398,225.561141967773,4914854.16015625,880141.5,1,1388,1
671.385820696279,671.385375976562,671.387878417969,223.731384277344,221.423156738281,225.561141967773,4226767.56152344,742255,1,1389,1
531.206112392108,531.20458984375,531.206604003906,223.731384277344,222.168518066406,227.502136230469,2473742.01171875,360840.96875,1,1390,1
676.340946184493,676.340759277344,676.341613769531,223.731384277344,222.168518066406,226.03938293457,1841663.00585938,339603.15625,1,1391,1
473.290955166825,473.290283203125,473.291381835938,223.731384277344,222.168518066406,224.831634521484,1422181.85546875,279177.09375,1,1392,1
118.086720566343,118.086685180664,118.086753845215,610.69677734375,605.491088867188,616.116821289062,54690670.375,2028006.75,1,1393,1
474.260760903649,474.260131835938,474.263092041016,135.472702026367,132.546340942383,140.676849365234,12767304.5234375,2018138.625,1,1394,1
171.092018809932,171.091949462891,171.092147827148,135.472702026367,133.289215087891,139.216842651367,8235175.29296875,1295900.5,1,1395,1
475.264074853209,475.262969970703,475.264923095703,135.472702026367,132.919967651367,138.853729248047,3382969.04394531,584559.4375,1,1396,1
472.245073813936,472.243377685547,472.245452880859,135.472702026367,131.817581176758,137.401596069336,1552791.19042969,267911.3125,1,1397,1
141.958897012484,141.958847045898,141.958938598633,2.47877883911133,0.524400889873505,9.13165187835693,38313101.25,1997866.75,1,1398,1
277.216772509176,277.216369628906,277.216827392578,433.614471435547,430.665985107422,436.896362304688,15151732.609375,1989042.625,1,1399,1
278.220227356697,278.219970703125,278.220886230469,433.614471435547,428.967864990234,437.522003173828,3365874.13427734,389224.875,1,1400,1
281.153998852189,281.153259277344,281.154388427734,433.614471435547,428.601745605469,438.113098144531,2345771.91210938,252137.375,1,1401,1
117.070465313616,117.070388793945,117.070571899414,433.614471435547,428.233489990234,438.781494140625,3717087.640625,248352.796875,1,1402,1
801.448500729517,801.446716308594,801.450561523438,248.342010498047,246.195404052734,253.320907592773,12963730.2734375,1977843.5,1,1403,1
805.40016470037,805.39697265625,805.401000976562,248.342010498047,246.520660400391,252.61067199707,6108113.19824219,987373.6875,1,1404,1
806.403500665723,806.402038574219,806.40576171875,248.342010498047,246.83903503418,251.919784545898,2646878.94384766,425245.625,1,1405,1
344.150061578848,344.148956298828,344.150756835938,248.342010498047,246.520660400391,252.234649658203,2304694.21044922,365770.8125,1,1406,1
366.1319641072,366.130950927734,366.132385253906,248.342010498047,246.83903503418,251.612014770508,1807313.98242188,319772.40625,1,1407,1
821.376084100989,821.375244140625,821.377014160156,248.342010498047,247.217269897461,250.022262573242,1122764.83203125,191720.328125,1,1408,1
125.071333326931,125.071281433105,125.071380615234,669.198852539062,663.61181640625,689.502746582031,121248793,1972648.25,1,1409,1
101.071597613252,101.071548461914,101.071640014648,511.590026855469,495.261138916016,511.962158203125,79247947.875,1965638,1,1410,1
591.22525002873,591.224670410156,591.227111816406,291.892547607422,287.231292724609,296.668792724609,20408607.1289062,1949155.75,1,1411,1
870.888985519525,870.886535644531,870.890197753906,291.892547607422,289.582916259766,294.797180175781,6744793.97851562,1103606.75,1,1412,1
1156.50791596972,1156.50427246094,1156.51281738281,291.892547607422,289.582916259766,294.797180175781,2883877.24707031,429903.21875,1,1413,1
418.246315539203,418.244934082031,418.246856689453,291.892547607422,287.865417480469,297.057312011719,2509987.93408203,279484.625,1,1414,1
362.113756965353,362.113372802734,362.114990234375,291.892547607422,289.213165283203,295.159423828125,1843570.96289062,228011.296875,1,1415,1
379.121236374108,379.120758056641,379.12158203125,291.892547607422,289.582916259766,294.070526123047,1378570.203125,208219,1,1416,1
180.175054317929,180.174453735352,180.175399780273,291.892547607422,290.679779052734,296.668792724609,1071301.36425781,188851.53125,1,1417,1
590.275522965658,590.272705078125,590.278137207031,291.892547607422,289.213165283203,295.530548095703,1118813.91259766,144485.984375,1,1418,1
148.977296433202,148.977233886719,148.977340698242,11.3229093551636,0.524400889873505,12.7220325469971,60904238.375,1939951.625,1,1419,1
387.1939716568,387.193817138672,387.195526123047,391.898590087891,389.268218994141,395.37158203125,12473220.3535156,1936858.375,1,1420,1
371.327609533789,371.326934814453,371.328369140625,391.898590087891,388.224090576172,397.640106201172,8889227.45605469,1083155.125,1,1421,1
393.309485650932,393.309356689453,393.310211181641,391.898590087891,389.947723388672,394.046966552734,1192467.54394531,180196.53125,1,1422,1
229.15495685791,229.154663085938,229.155410766602,34.9504165649414,29.9651641845703,39.6707878112793,16672895.5390625,1932797.625,1,1423,1
252.108462356511,252.107543945312,252.109802246094,34.9504165649414,24.0791664123535,43.7675476074219,7299730.35058594,561508.75,1,1424,1
171.993160247526,171.993103027344,171.993362426758,735.051879882812,709.276733398438,746.855163574219,126358320.09375,1914880.625,1,1425,1
233.078969199864,233.078887939453,233.079406738281,238.019393920898,234.922637939453,242.929901123047,11676108.21875,1899949.5,1,1426,1
211.096968590305,211.09651184082,211.097045898438,238.019393920898,235.673400878906,241.049896240234,3656086.20898438,596508.8125,1,1427,1
402.358659405805,402.358581542969,402.358734130859,437.822479248047,434.660491943359,443.323883056641,31937938.9375,1899365.375,1,1428,1
243.053380964544,243.052993774414,243.05354309082,109.652069091797,107.473945617676,113.007331848145,9899489.16015625,1894244.125,1,1429,1
244.05699210709,244.056747436523,244.057464599609,109.652069091797,108.200950622559,111.562705993652,1100337.4375,247343.421875,1,1430,1
147.063554800959,147.063461303711,147.064163208008,109.652069091797,107.473945617676,110.734199523926,957887.752929688,171966.078125,1,1431,1
301.126285672041,301.125122070312,301.127258300781,109.652069091797,105.199714660645,116.424324035645,1458238.86767578,171540.15625,1,1432,1
369.118571613828,369.118316650391,369.118682861328,138.127090454102,136.30859375,141.887969970703,12282307.2226562,1888764.625,1,1433,1
368.15403059089,368.153289794922,368.154693603516,138.127090454102,136.30859375,141.887969970703,1864021.95898438,246995.578125,1,1434,1
389.132495595522,389.131622314453,389.133666992188,138.127090454102,136.675079345703,141.153594970703,1219217.57861328,171617.328125,1,1435,1
125.071369424782,125.071311950684,125.071426391602,489.686614990234,475.908874511719,495.261138916016,90710032.875,1887936.375,1,1436,1
179.107021054354,179.106979370117,179.107238769531,209.994873046875,207.02214050293,214.749755859375,11756085.3125,1884151.875,1,1437,1
423.275550656779,423.275085449219,423.276214599609,209.994873046875,208.229507446289,213.03776550293,2041811.58789062,327691.03125,1,1438,1
161.096423977999,161.096008300781,161.096694946289,209.994873046875,198.687149047852,222.623001098633,1262042.26757812,165722.078125,1,1439,1
101.071557267242,101.07152557373,101.071586608887,209.994873046875,208.905624389648,211.559875488281,861005.6484375,118222.1953125,1,1440,1
470.291105293966,470.290222167969,470.2919921875,421.945465087891,418.832214355469,426.742095947266,12423097.1914062,1878160.375,1,1441,1
475.246346748961,475.244689941406,475.247711181641,421.945465087891,417.375213623047,427.114471435547,7289823.44824219,1103197.125,1,1442,1
491.219832011688,491.215972900391,491.220275878906,421.945465087891,420.010833740234,427.114471435547,4282075.046875,652538.25,1,1443,1
471.294567643484,471.293487548828,471.295440673828,421.945465087891,418.468597412109,427.484100341797,3801568.12597656,559716.5,1,1444,1
453.26421383199,453.263549804688,453.266387939453,421.945465087891,420.377716064453,426.358245849609,2520869.11035156,444451.875,1,1445,1
476.249795133697,476.249359130859,476.251281738281,421.945465087891,419.568115234375,426.742095947266,2133320.67871094,365906.4375,1,1446,1
492.223470658937,492.222534179688,492.224548339844,421.945465087891,420.741973876953,426.742095947266,1226627.80761719,194136.125,1,1447,1
432.281384181392,432.281066894531,432.28271484375,157.943603515625,153.345108032227,163.254989624023,11532573.1435547,1825458.625,1,1448,1
433.284742553835,433.284393310547,433.285339355469,157.943603515625,156.045486450195,162.872634887695,2301910.14160156,378413.84375,1,1449,1
506.254875225424,506.254119873047,506.255767822266,541.689147949219,539.393676757812,546.296936035156,9487377.13085938,1768273.875,1,1450,1
489.228037699125,489.226287841797,489.228179931641,541.689147949219,539.757934570312,547.620178222656,7304891.68164062,1294254.125,1,1451,1
507.258371273653,507.257568359375,507.259887695312,541.689147949219,540.1220703125,546.296936035156,3242756.27832031,599394.4375,1,1452,1
490.231483783695,490.231109619141,490.231903076172,541.689147949219,540.1220703125,545.932556152344,2389387.24023438,441614.375,1,1453,1
300.290155535076,300.289337158203,300.290710449219,541.689147949219,537.203552246094,546.296936035156,1914730.03613281,228857.78125,1,1454,1
237.127881518532,237.127578735352,237.127960205078,370.532440185547,367.965087890625,375.78759765625,13497169.0078125,1767628.875,1,1455,1
315.123134486284,315.122314453125,315.123413085938,421.580108642578,418.468597412109,426.358245849609,11840046.2109375,1749198.625,1,1456,1
353.079113204191,353.078674316406,353.079711914062,421.580108642578,419.196472167969,426.358245849609,7536301.6796875,1051889.125,1,1457,1
150.063263900659,150.062927246094,150.063293457031,421.580108642578,419.196472167969,423.765350341797,2420424.64355469,393137.34375,1,1458,1
316.126587048619,316.125732421875,316.126708984375,421.580108642578,419.568115234375,425.561248779297,2235927.23925781,338981.96875,1,1459,1
105.03378552216,105.033699035645,105.033981323242,421.580108642578,419.568115234375,426.358245849609,2097091.76953125,272941.78125,1,1460,1
346.165549743684,346.165283203125,346.166198730469,421.580108642578,419.568115234375,425.254730224609,1289809.29980469,223878.8125,1,1461,1
354.082514626395,354.082244873047,354.083129882812,421.580108642578,420.010833740234,426.039733886719,1492202.86572266,221870.171875,1,1462,1
118.065755230292,118.065605163574,118.065971374512,421.580108642578,413.025085449219,432.524353027344,2706661.11328125,155409.078125,1,1463,1
430.914358113017,430.913818359375,430.915130615234,27.8084163665771,26.7282886505127,29.9651641845703,9276619.55273438,1724499.625,1,1464,1
498.901774192162,498.900939941406,498.903015136719,27.8084163665771,26.7282886505127,29.6095314025879,4374858.86914062,908371.75,1,1465,1
178.058973103737,178.058837890625,178.059097290039,27.8084163665771,26.3659076690674,32.1576652526855,5979197.265625,763550.125,1,1466,1
506.530443143336,506.529174804688,506.530792236328,696.601623535156,684.281005859375,699.698120117188,42393647.8984375,1720153.75,1,1467,1
507.533918829553,507.532775878906,507.534118652344,696.601623535156,689.502746582031,697.963623046875,12143026.09375,641899.1875,1,1468,1
508.543463882662,508.541839599609,508.544677734375,696.601623535156,689.502746582031,697.590698242188,5088456.828125,229893.90625,1,1469,1
680.482109481865,680.47998046875,680.482666015625,696.601623535156,689.875854492188,697.963623046875,3051546.5078125,207612.21875,1,1470,1
447.347443435352,447.347015380859,447.347930908203,696.601623535156,692.081970214844,697.590698242188,1874145.95507812,202612.578125,1,1471,1
663.455493188378,663.454406738281,663.456420898438,696.601623535156,690.501953125,697.963623046875,2425379.86328125,163918.71875,1,1472,1
149.023667760193,149.02360534668,149.023727416992,499.375030517578,495.261138916016,504.212280273438,22535683.625,1720114.625,1,1473,1
279.159516611778,279.158660888672,279.159606933594,499.375030517578,495.261138916016,504.212280273438,11575272.2773438,1041337.9375,1,1474,1
205.086394348772,205.086242675781,205.086700439453,499.375030517578,495.623382568359,504.574523925781,3811094.265625,293154.53125,1,1475,1
317.115495761386,317.114685058594,317.115936279297,499.375030517578,495.623382568359,504.212280273438,2127242.19042969,221089.359375,1,1476,1
430.389924824386,430.389709472656,430.390075683594,481.922515869141,476.387390136719,488.224639892578,33332667.375,1705503.875,1,1477,1
565.856727259327,565.855895996094,565.858093261719,481.922515869141,476.690002441406,487.130767822266,6513320.09375,648998.5625,1,1478,1
295.227171879479,295.226745605469,295.227386474609,481.922515869141,478.902008056641,486.038146972656,4828121.6640625,591900.0625,1,1479,1
431.393304267502,431.393157958984,431.3935546875,481.922515869141,476.387390136719,487.856262207031,9223803.046875,461238.46875,1,1480,1
566.358509228139,566.357299804688,566.35986328125,481.922515869141,476.387390136719,483.744384765625,2258809.79980469,238259.0625,1,1481,1
130.159403725248,130.159332275391,130.159439086914,134.744338989258,129.532333374023,144.530456542969,50119516.5625,1695668.75,1,1482,1
386.108743786355,386.107788085938,386.109375,134.744338989258,129.886840820312,138.853729248047,1386808.96972656,148420.265625,1,1483,1
129.070284478264,129.070205688477,129.070327758789,502.394012451172,497.556518554688,507.594879150391,19027220.53125,1691810.375,1,1484,1
295.16979517282,295.169342041016,295.169891357422,502.394012451172,498.286010742188,507.958160400391,11803948.7304688,1326788.75,1,1485,1
161.09638943541,161.096160888672,161.096603393555,502.394012451172,487.856262207031,508.687530517578,10838437.8896484,454873.625,1,1486,1
296.173067245451,296.171783447266,296.173248291016,502.394012451172,497.9208984375,506.503021240234,2627040.46972656,316510.90625,1,1487,1
131.085908247469,131.085830688477,131.08610534668,502.394012451172,497.556518554688,506.867279052734,3397612.09765625,266095.1875,1,1488,1
245.132759248956,245.131652832031,245.133712768555,502.394012451172,498.648376464844,507.231750488281,1462695.33984375,177317.90625,1,1489,1
121.065290565665,121.065078735352,121.0654296875,502.394012451172,498.286010742188,507.958160400391,1196529.20556641,129395.1640625,1,1490,1
472.306763002945,472.306549072266,472.307037353516,406.646850585938,403.612457275391,413.32421875,16691861.328125,1685034.5,1,1491,1
455.279784323956,455.278289794922,455.281341552734,406.646850585938,404.712829589844,411.953338623047,3017395.06054688,480858.46875,1,1492,1
469.296843498553,469.29541015625,469.298553466797,406.646850585938,400.576965332031,411.578979492188,3017175.30371094,339166.21875,1,1493,1
447.283659753046,447.283050537109,447.285186767578,406.646850585938,400.576965332031,410.783233642578,2253143.27246094,262749.21875,1,1494,1
612.376907893242,612.3759765625,612.377563476562,406.646850585938,402.149353027344,410.040466308594,1793882.38964844,254141.515625,1,1495,1
700.428677181439,700.427001953125,700.43017578125,406.646850585938,402.149353027344,411.953338623047,2016485.48876953,243159.625,1,1496,1
568.349931985037,568.347595214844,568.351379394531,406.646850585938,402.149353027344,411.578979492188,1578308.89990234,217487.671875,1,1497,1
744.455248678135,744.4541015625,744.456604003906,406.646850585938,403.983337402344,410.783233642578,1533681.95458984,186711.0625,1,1498,1
151.075675355839,151.075271606445,151.075897216797,406.646850585938,402.512725830078,411.267486572266,1687473.4375,179066.921875,1,1499,1
494.239081036491,494.237915039062,494.240142822266,406.646850585938,405.441101074219,413.632476806641,1942212.00390625,177975.046875,1,1500,1
524.32293513196,524.321594238281,524.324157714844,406.646850585938,404.348480224609,411.267486572266,1218497.70507812,164060.9375,1,1501,1
621.36545058891,621.364624023438,621.367797851562,265.147766113281,263.3115234375,269.140899658203,9274113.88671875,1664698.625,1,1502,1
622.368939923582,622.3681640625,622.371459960938,265.147766113281,263.3115234375,276.369049072266,3470994.51660156,618783.8125,1,1503,1
460.314532979582,460.314117431641,460.315887451172,265.147766113281,263.3115234375,268.837280273438,3006164.12841797,578952.6875,1,1504,1
441.300608087804,441.299743652344,441.301391601562,265.147766113281,263.67578125,269.140899658203,2949765.77734375,569516.6875,1,1505,1
659.321598843123,659.320556640625,659.323120117188,265.147766113281,263.67578125,268.193023681641,1332959.61328125,213622.84375,1,1506,1
321.146869656107,321.146667480469,321.14697265625,350.540832519531,345.658203125,356.479309082031,18150600.671875,1660722.5,1,1507,1
322.150269203514,322.149993896484,322.150482177734,350.540832519531,346.130554199219,354.893981933594,3555286.13671875,340372.875,1,1508,1
584.254660981669,584.253601074219,584.25537109375,350.540832519531,348.684326171875,354.150085449219,1527086.22460938,176927.34375,1,1509,1
353.173012953717,353.1728515625,353.173706054688,403.983337402344,399.119842529297,409.657958984375,15605018.4296875,1658113.75,1,1510,1
354.17630140905,354.175689697266,354.177093505859,403.983337402344,399.484222412109,409.205718994141,3396728.90820312,365912.5,1,1511,1
369.147242197564,369.146789550781,369.148498535156,403.983337402344,401.418609619141,408.837097167969,1640373.16210938,198344.953125,1,1512,1
365.1366209093,365.136383056641,365.137054443359,480.356628417969,475.540740966797,488.586761474609,21867899.4052734,1655569.875,1,1513,1
366.139987628088,366.139038085938,366.140777587891,480.356628417969,476.387390136719,488.586761474609,4768685.48535156,348054.0625,1,1514,1
381.110523329941,381.109619140625,381.111145019531,480.356628417969,476.690002441406,488.586761474609,4176411.24707031,315435.5625,1,1515,1
344.157838020466,344.156860351562,344.158325195312,480.356628417969,477.055114746094,488.949127197266,2709723.89941406,201755.0625,1,1516,1
105.03384199137,105.03369140625,105.034042358398,480.356628417969,476.387390136719,486.401519775391,2841550.25097656,192360.953125,1,1517,1
159.969389466416,159.969345092773,159.969436645508,734.681884765625,730.564636230469,738.710144042969,33906951.125,1653455,1,1518,1
282.279515406642,282.279022216797,282.279724121094,577.771423339844,573.845031738281,582.532958984375,10478991.6630859,1653270.375,1,1519,1
172.133507163885,172.133255004883,172.133651733398,577.771423339844,575.177062988281,582.780700683594,3906241.45068359,633790.0625,1,1520,1
194.116065479502,194.115753173828,194.117813110352,577.771423339844,575.943542480469,579.977783203125,3778767.265625,529949.5,1,1521,1
283.282958400144,283.282531738281,283.283233642578,577.771423339844,574.510803222656,582.532958984375,2037565.90087891,324449.40625,1,1522,1
109.101698014628,109.101577758789,109.101821899414,577.771423339844,575.177062988281,581.490539550781,1474563.00390625,196615.09375,1,1523,1
388.254745287262,388.254547119141,388.255432128906,148.384963989258,145.283111572266,154.090713500977,13197328.7539062,1640234.75,1,1524,1
168.138673646479,168.138626098633,168.138824462891,148.384963989258,146.906097412109,152.214599609375,2222081.81152344,372852.0625,1,1525,1
389.258071414267,389.256744384766,389.258544921875,148.384963989258,143.768981933594,153.720748901367,2426623.9140625,320562.28125,1,1526,1
187.152644704305,187.152542114258,187.15315246582,148.384963989258,147.281860351562,152.59375,1790690.85693359,299042.5,1,1527,1
118.086719456046,118.08667755127,118.086738586426,617.196166992188,616.116821289062,625.182495117188,39130009.375,1639770.5,1,1528,1
166.097801980949,166.097732543945,166.097869873047,613.60546875,573.845031738281,615.644226074219,158575773.5625,1629108.75,1,1529,1
101.0715848582,101.071533203125,101.071624755859,483.016510009766,475.908874511719,488.949127197266,52633258.125,1628720.875,1,1530,1
230.248351590234,230.248153686523,230.248611450195,355.273071289062,337.857055664062,373.974945068359,62297379.7695312,1619631.5,1,1531,1
166.097771645618,166.097717285156,166.097808837891,648.4326171875,644.503051757812,652.621887207031,34084575.75,1611134.625,1,1532,1
355.102804107567,355.101257324219,355.102996826172,130.61784362793,128.802337646484,138.490463256836,18144093.515625,1608888.625,1,1533,1
377.084919840163,377.084350585938,377.086700439453,130.61784362793,127.33984375,138.490463256836,5500591.98242188,474397.9375,1,1534,1
182.985380904278,182.9853515625,182.985427856445,730.200927734375,729.838134765625,738.710144042969,34188756,1608796.125,1,1535,1
574.272682138698,574.272399902344,574.273681640625,151.840728759766,150.228240966797,158.688491821289,11314200.8632812,1567830.875,1,1536,1
209.154040459792,209.153686523438,209.154388427734,151.840728759766,145.660598754883,162.872634887695,2185374.75195312,172926.671875,1,1537,1
158.961623876543,158.961288452148,158.961685180664,16.1072845458984,9.43239498138428,35.2972946166992,79976452.671875,1539413.5,1,1538,1
176.972263213215,176.971908569336,176.972381591797,16.1072845458984,9.43239498138428,34.9504165649414,24534288.7734375,496311.5,1,1539,1
166.097792951606,166.097732543945,166.097854614258,631.408081054688,629.909790039062,638.871215820312,36755942,1533124.5,1,1540,1
167.013027639797,167.012939453125,167.013107299805,706.017333984375,704.48388671875,739.073547363281,49579777.71875,1526534.125,1,1541,1
209.94624129837,209.946060180664,209.946365356445,706.017333984375,703.394775390625,719.237731933594,7973293.8046875,259890.328125,1,1542,1
477.262020062264,477.259857177734,477.262573242188,399.847473144531,395.000610351562,405.441101074219,16970207.8652344,1511682.875,1,1543,1
486.322061073094,486.321838378906,486.322814941406,399.847473144531,396.893981933594,404.348480224609,3066168.38671875,377075.0625,1,1544,1
409.176080988232,409.175842285156,409.177764892578,391.535339355469,389.947723388672,396.523834228516,9042404.28857422,1503705.5,1,1545,1
425.149988467498,425.149047851562,425.151733398438,391.535339355469,389.639343261719,395.000610351562,7536432.75390625,1234179.5,1,1546,1
404.220777320464,404.220550537109,404.222839355469,391.535339355469,389.947723388672,395.37158203125,4061027.76757812,675070.25,1,1547,1
388.19732242612,388.197052001953,388.198577880859,391.535339355469,389.639343261719,394.046966552734,2555638.640625,395611.375,1,1548,1
410.179528112894,410.179260253906,410.180847167969,391.535339355469,389.947723388672,394.046966552734,1862437.06835938,299404.625,1,1549,1
426.153419220823,426.153198242188,426.154479980469,391.535339355469,390.318725585938,394.046966552734,1458836.15234375,246703.546875,1,1550,1
124.087400691056,124.087326049805,124.08748626709,359.051055908203,353.777954101562,364.256072998047,37290492.125,1499880.375,1,1551,1
879.431395422411,879.429809570312,879.433959960938,359.051055908203,358.319213867188,360.136322021484,1653858.59375,485956.625,1,1552,1
146.081342673,146.080841064453,146.081451416016,707.828857421875,693.404663085938,745.298767089844,146664046.078125,1486545.375,1,1553,1
125.98668306131,125.986595153809,125.98673248291,82.5928115844727,72.2960510253906,82.9561767578125,37038519,1479613.75,1,1554,1
228.196314159246,228.196212768555,228.196426391602,335.196807861328,324.326324462891,340.063201904297,34563104.953125,1475674.5,1,1555,1
250.178240586041,250.178115844727,250.178344726562,335.196807861328,324.326324462891,340.063201904297,23499713.96875,933681.9375,1,1556,1
266.152210794049,266.151458740234,266.152526855469,335.196807861328,321.052429199219,339.325805664062,8112427.703125,313222.34375,1,1557,1
229.199773455657,229.199417114258,229.199981689453,335.196807861328,324.326324462891,340.063201904297,4819986.1796875,230494.84375,1,1558,1
251.181853797693,251.181427001953,251.182815551758,335.196807861328,323.962677001953,337.493682861328,3182808.24609375,142719.375,1,1559,1
125.986677192903,125.98657989502,125.986724853516,20.5071697235107,12.7220325469971,30.3197917938232,57992345.09375,1473747.375,1,1560,1
476.307721865735,476.307250976562,476.308197021484,166.295364379883,163.254989624023,172.78498840332,8568194.88476562,1452229.75,1,1561,1
477.311173066293,477.310424804688,477.312164306641,166.295364379883,164.33723449707,176.440612792969,1994365.24414062,339572.09375,1,1562,1
585.236569758232,585.235168457031,585.239807128906,226.40251159668,220.553634643555,229.339263916016,16294338.1025391,1422070.75,1,1563,1
586.241125023385,586.239990234375,586.244079589844,226.40251159668,222.168518066406,230.477386474609,5823718.97851562,530883.3125,1,1564,1
159.969495182403,159.969421386719,159.969573974609,2.84190392494202,0.524400889873505,9.13165187835693,26228162.0625,1416110.125,1,1565,1
102.128335681257,102.128303527832,102.128364562988,2.84190392494202,0.524400889873505,8.46551990509033,18483007.5,1207706.25,1,1566,1
113.964173415933,113.964141845703,113.964202880859,2.84190392494202,0.524400889873505,8.83252048492432,21500730.5625,1193845.375,1,1567,1
276.897134133379,276.897003173828,276.897338867188,2.84190392494202,0.524400889873505,8.83252048492432,5972667.140625,365168.3125,1,1568,1
171.18586933294,171.185775756836,171.186004638672,2.84190392494202,0.524400889873505,8.83252048492432,2175383.10546875,143061,1,1569,1
182.985502928983,182.985443115234,182.985565185547,3.20414304733276,0.524400889873505,9.13165187835693,25437752.1875,1415114.125,1,1570,1
301.285526386022,301.285400390625,301.285766601562,326.254547119141,319.849426269531,331.910827636719,23045327.3203125,1414101.75,1,1571,1
409.184195258639,409.182983398438,409.184936523438,154.455596923828,149.484222412109,159.058090209961,8912865.01757812,1401040,1,1572,1
387.202057933134,387.200378417969,387.202178955078,154.455596923828,152.59375,159.058090209961,3516686.36816406,578529.75,1,1573,1
410.187556334482,410.186828613281,410.188262939453,154.455596923828,152.214599609375,157.571365356445,1759719.45996094,284407.71875,1,1574,1
125.986681044536,125.98664855957,125.986709594727,99.9365768432617,95.8007202148438,104.82445526123,30378620.5625,1385662.375,1,1575,1
125.986669310474,125.98649597168,125.986717224121,63.0532989501953,31.8042831420898,72.2960510253906,127771797.4375,1385204.125,1,1576,1
125.986658473942,125.98656463623,125.986717224121,109.28882598877,104.82445526123,115.202209472656,35478507.375,1384878.625,1,1577,1
125.986666823173,125.986595153809,125.986717224121,137.038345336914,123.954452514648,144.147125244141,63752513,1380081,1,1578,1
459.190598076618,459.189453125,459.192077636719,33.1984176635742,32.5046577453613,35.644172668457,6333556.1640625,1379443.125,1,1579,1
344.127290083911,344.125823974609,344.129852294922,33.1984176635742,31.8042831420898,37.8716697692871,7519181.140625,1105894.5,1,1580,1
702.26814103018,702.266418457031,702.268981933594,33.1984176635742,32.5046577453613,34.594783782959,2741969.625,767800.5,1,1581,1
271.081242111633,271.080688476562,271.081817626953,33.1984176635742,32.1576652526855,37.8716697692871,3769188.37304688,713370.25,1,1582,1
276.119168870516,276.118194580078,276.120300292969,33.1984176635742,31.8042831420898,38.9605445861816,5931294.11328125,658663.3125,1,1583,1
181.090234742908,181.090057373047,181.090606689453,33.1984176635742,31.8042831420898,37.8716697692871,3878683.92578125,628063.9375,1,1584,1
231.134298302821,231.133895874023,231.134674072266,33.1984176635742,29.6095314025879,38.2349166870117,4337972.87792969,547693.9375,1,1585,1
533.657322281116,533.654357910156,533.658386230469,33.1984176635742,32.1576652526855,34.594783782959,1919024.22265625,474589.8125,1,1586,1
428.079866355507,428.077606201172,428.081604003906,33.1984176635742,32.1576652526855,38.5981674194336,2087731.79882812,309233.96875,1,1587,1
345.129476976176,345.128204345703,345.130340576172,33.1984176635742,31.8042831420898,37.5082817077637,1313398.60839844,261765.21875,1,1588,1
181.071624561845,181.070892333984,181.07258605957,33.1984176635742,29.6095314025879,38.9605445861816,2402469.15820312,250649.609375,1,1589,1
336.077323496973,336.076477050781,336.078948974609,33.1984176635742,32.5046577453613,38.5981674194336,1570701.640625,188690.421875,1,1590,1
391.102654578542,391.101684570312,391.104675292969,33.1984176635742,32.5046577453613,37.8716697692871,885224.83984375,168025.609375,1,1591,1
159.969436470736,159.969375610352,159.969512939453,742.087036132812,739.073547363281,767.668273925781,79659451.6875,1372086.375,1,1592,1
962.498139733229,962.4970703125,962.500122070312,216.083877563477,213.41552734375,218.655517578125,7262094.51757812,1356271.875,1,1593,1
963.501456972881,963.500732421875,963.504272460938,216.083877563477,214.428497314453,218.911499023438,3751144.33398438,730920.25,1,1594,1
967.452840801861,967.450622558594,967.453369140625,216.083877563477,214.428497314453,217.969635009766,2308376.12304688,504549.59375,1,1595,1
964.504331391697,964.503295898438,964.505920410156,216.083877563477,215.134506225586,218.911499023438,1221619.38476562,248821.09375,1,1596,1
968.456435306162,968.454711914062,968.456909179688,216.083877563477,214.749755859375,217.65901184082,1102265.15039062,241207.4375,1,1597,1
118.086711592154,118.086692810059,118.086753845215,626.748291015625,625.182495117188,633.169067382812,27514354.4375,1340173.625,1,1598,1
643.34734762132,643.346435546875,643.350402832031,265.512145996094,260.704528808594,270.288146972656,8119302.77685547,1338230.75,1,1599,1
644.350829218677,644.350463867188,644.351989746094,265.512145996094,263.67578125,270.288146972656,2947608.03759766,472512.15625,1,1600,1
171.99329606537,171.9931640625,171.993377685547,20.5071697235107,14.3620357513428,28.5165386199951,45289868.3125,1338157.375,1,1601,1
149.060126708371,149.059814453125,149.060180664062,237.577285766602,233.000381469727,242.55339050293,8195801.65722656,1327632.125,1,1602,1
234.082341392874,234.082000732422,234.082443237305,237.577285766602,236.531646728516,241.049896240234,1321074.33398438,233433.015625,1,1603,1
163.075617612923,163.075546264648,163.075805664062,480.720001220703,475.540740966797,488.949127197266,19089270.2070312,1327330.25,1,1604,1
343.154504083183,343.1533203125,343.154937744141,480.720001220703,475.908874511719,488.949127197266,12758809.5585938,872764.875,1,1605,1
360.181160667189,360.180908203125,360.181427001953,480.720001220703,476.690002441406,487.493011474609,7927087.8828125,535004.25,1,1606,1
314.139254851398,314.139099121094,314.139678955078,242.183395385742,239.95051574707,245.388519287109,8184694.40234375,1325263.75,1,1607,1
336.12134942087,336.121185302734,336.123199462891,242.183395385742,239.95051574707,244.764389038086,5460694.828125,907650.75,1,1608,1
352.095313160097,352.094818115234,352.096221923828,242.183395385742,240.32438659668,246.83903503418,2361740.45703125,387128.4375,1,1609,1
315.142659636816,315.142578125,315.142913818359,242.183395385742,240.638381958008,245.076553344727,1597241.3828125,270844.4375,1,1610,1
337.124712005203,337.124420166016,337.125579833984,242.183395385742,240.638381958008,246.520660400391,1106147.34228516,183205.171875,1,1611,1
207.138448701207,207.138305664062,207.138610839844,154.090713500977,152.214599609375,159.431610107422,8021059.125,1320209.25,1,1612,1
425.157988039133,425.157104492188,425.15869140625,154.090713500977,152.214599609375,156.805114746094,3520308.41503906,583142.8125,1,1613,1
189.127821442749,189.127548217773,189.127990722656,154.090713500977,152.214599609375,159.058090209961,2851116.96289062,518796.4375,1,1614,1
225.1489603297,225.14826965332,225.149429321289,154.090713500977,143.390090942383,165.038864135742,2771008.12011719,288975.8125,1,1615,1
404.228747040861,404.227752685547,404.229125976562,154.090713500977,152.59375,157.571365356445,1574650.45800781,257653.25,1,1616,1
208.141819227987,208.141754150391,208.141891479492,154.090713500977,153.345108032227,156.045486450195,971493.00390625,182343.609375,1,1617,1
125.986587314508,125.986557006836,125.986602783203,765.081237792969,757.837158203125,767.374389648438,31664238.375,1319715.5,1,1618,1
172.977396833946,172.977340698242,172.977447509766,45.2176742553711,40.0340347290039,53.0364189147949,32914920.4375,1307817.875,1,1619,1
146.961641806575,146.961517333984,146.961730957031,45.2176742553711,31.457405090332,53.3995513916016,12201163.328125,382212.40625,1,1620,1
379.100619002012,379.100311279297,379.101226806641,147.653594970703,143.019622802734,152.59375,7364818.12109375,1294396.875,1,1621,1
395.074716217097,395.073913574219,395.075347900391,147.653594970703,143.768981933594,152.59375,2110232.88183594,396065.40625,1,1622,1
195.065647886437,195.065277099609,195.065795898438,147.653594970703,144.909622192383,149.484222412109,1999477.92773438,352561.4375,1,1623,1
380.104147714422,380.103912353516,380.105407714844,147.653594970703,143.019622802734,149.484222412109,1217863.59912109,236133.71875,1,1624,1
284.128687567226,284.128448486328,284.129241943359,234.922637939453,233.000381469727,239.577026367188,7464022.43945312,1282429.375,1,1625,1
306.11063979268,306.109954833984,306.111175537109,234.922637939453,233.000381469727,239.95051574707,5452160.30224609,932121.3125,1,1626,1
322.084681691146,322.084533691406,322.084716796875,234.922637939453,233.000381469727,237.269012451172,2679154.53125,485720.71875,1,1627,1
285.132147583997,285.131713867188,285.132537841797,234.922637939453,230.477386474609,239.95051574707,1678402.90625,257926.890625,1,1628,1
307.114139492434,307.114013671875,307.114990234375,234.922637939453,233.383392333984,236.531646728516,999846.767578125,200902.90625,1,1629,1
125.986580611723,125.986549377441,125.986618041992,750.350402832031,746.492858886719,756.014282226562,29996403.3125,1272302.5,1,1630,1
394.353441900948,394.353179931641,394.353729248047,564.332641601562,555.853942871094,572.006652832031,26332019.3359375,1271731.125,1,1631,1
438.379754325779,438.379364013672,438.379943847656,564.332641601562,555.187561035156,571.268920898438,26118609.265625,1268340.625,1,1632,1
439.383191206537,439.382720947266,439.3837890625,564.332641601562,557.056640625,570.144409179688,6392184.203125,322979.09375,1,1633,1
351.330377197307,351.329315185547,351.330718994141,564.332641601562,557.717407226562,569.780212402344,3212009.76757812,176165.046875,1,1634,1
291.195991055722,291.195770263672,291.196228027344,340.063201904297,335.559051513672,343.440307617188,9366034.078125,1269514.375,1,1635,1
309.206623155418,309.205871582031,309.206756591797,340.063201904297,336.761688232422,344.930450439453,5162999.6171875,781926.625,1,1636,1
529.281072452972,529.278564453125,529.281188964844,340.063201904297,338.221557617188,342.700317382812,1900678.42138672,307152.34375,1,1637,1
331.188670665638,331.1884765625,331.188903808594,340.063201904297,336.761688232422,341.957550048828,1684774.8359375,273054.28125,1,1638,1
292.19945039626,292.19921875,292.199951171875,340.063201904297,336.761688232422,344.184448242188,1906197.6796875,254612.65625,1,1639,1
171.993270454718,171.993209838867,171.993316650391,12.052906036377,0.524400889873505,13.3126611709595,41619665.625,1260028.25,1,1640,1
113.964094017867,113.964073181152,113.964111328125,734.681884765625,729.838134765625,739.073547363281,28852323.6875,1256651.875,1,1641,1
182.985387006909,182.9853515625,182.985427856445,741.3583984375,738.710144042969,748.306518554688,29633523.9375,1240892,1,1642,1
247.166762943475,247.166702270508,247.16682434082,767.668273925781,760.757141113281,768.030517578125,17702441.03125,1220824.75,1,1643,1
125.986729119583,125.986640930176,125.986770629883,209.631118774414,197.526000976562,219.217376708984,59954902.0625,1218438.625,1,1644,1
541.25746236461,541.255615234375,541.258911132812,323.237182617188,321.052429199219,325.781433105469,7935517.6875,1204663.75,1,1645,1
521.331658794866,521.330688476562,521.333374023438,323.237182617188,321.414794921875,326.981170654297,3087651.78125,474247.34375,1,1646,1
527.289710634287,527.288635253906,527.290283203125,323.237182617188,321.414794921875,324.326324462891,875858.724609375,149510.78125,1,1647,1
265.155161266783,265.155120849609,265.155364990234,122.840713500977,120.990211486816,126.602210998535,6915070.59179688,1195306.375,1,1648,1
287.13702190178,287.136413574219,287.137145996094,122.840713500977,121.360824584961,125.445983886719,1219133.64746094,192605.515625,1,1649,1
266.158815984601,266.158721923828,266.159301757812,122.840713500977,120.990211486816,124.325325012207,956219.862304688,173148.0625,1,1650,1
349.178141114291,349.178070068359,349.178802490234,502.757263183594,499.010772705078,507.958160400391,9613820.63085938,1158551.625,1,1651,1
350.181468750689,350.180816650391,350.181640625,502.757263183594,500.102020263672,504.574523925781,1910656.14355469,274075.46875,1,1652,1
455.270403762023,455.268951416016,455.272155761719,357.948822021484,355.640686035156,360.943572998047,7620941.375,1152588.375,1,1653,1
419.24964986391,419.249084472656,419.252227783203,357.948822021484,355.640686035156,362.032440185547,5378550.92382812,865249.625,1,1654,1
517.336079687754,517.335144042969,517.336853027344,357.948822021484,355.640686035156,360.943572998047,4156589.36230469,651403,1,1655,1
728.892990407018,728.890991210938,728.893249511719,357.948822021484,356.479309082031,359.413299560547,3072233.421875,614305.375,1,1656,1
491.309855615486,491.308258056641,491.311828613281,357.948822021484,355.640686035156,362.394714355469,3183407.87109375,500122.71875,1,1657,1
511.232270056717,511.230285644531,511.233551025391,357.948822021484,355.640686035156,360.499694824219,2846566.66796875,433581.78125,1,1658,1
729.39498177173,729.391540527344,729.396057128906,357.948822021484,356.479309082031,359.051055908203,1521228.8984375,353482.3125,1,1659,1
471.271454264787,471.26953125,471.274597167969,357.948822021484,352.967956542969,359.770080566406,2192583.68261719,350800.6875,1,1660,1
966.533283074343,966.529296875,966.536743164062,357.948822021484,356.113067626953,359.051055908203,1467170.37109375,305649.75,1,1661,1
122.073639951248,122.073593139648,122.073753356934,357.948822021484,356.113067626953,359.051055908203,974960.318359375,188751.921875,1,1662,1
500.302862336903,500.301055908203,500.304565429688,357.948822021484,356.113067626953,360.136322021484,987611.171875,182631.09375,1,1663,1
596.254687250904,596.253784179688,596.255310058594,357.948822021484,356.113067626953,359.770080566406,964462.39453125,135941.0625,1,1664,1
245.132589033596,245.131195068359,245.133529663086,357.948822021484,356.113067626953,359.051055908203,724799.189453125,118887.5859375,1,1665,1
125.98657034222,125.986541748047,125.986602783203,742.087036132812,726.919982910156,743.175109863281,45632684.9375,1148722.125,1,1666,1
246.243321906477,246.242874145508,246.243423461914,272.756042480469,267.441528320312,277.630767822266,13092855.6347656,1148114.5,1,1667,1
505.300243253929,505.299743652344,505.301147460938,272.756042480469,268.193023681641,274.599395751953,1630441.62304688,153814.375,1,1668,1
125.986713171385,125.986656188965,125.986763000488,176.803970336914,173.479354858398,182.019607543945,24943721,1144767.375,1,1669,1
284.331736792935,284.331634521484,284.331817626953,458.835235595703,453.619750976562,465.747894287109,33793027.25,1143994.875,1,1670,1
496.341016295137,496.340393066406,496.341888427734,458.835235595703,456.091613769531,463.786376953125,7070489.99023438,850091.9375,1,1671,1
399.134355555051,399.133850097656,399.135009765625,458.835235595703,454.350982666016,464.166381835938,5381489.04492188,499917.5625,1,1672,1
497.344369420149,497.343719482422,497.345092773438,458.835235595703,456.377258300781,463.105743408203,1832896.42871094,205042.1875,1,1673,1
401.13119556447,401.130401611328,401.132781982422,458.835235595703,455.085510253906,462.443603515625,1638102.36035156,157555.3125,1,1674,1
265.104472291142,265.104370117188,265.104644775391,362.760955810547,360.499694824219,367.965087890625,9316211.5859375,1143717,1,1675,1
429.145040077172,429.144866943359,429.1455078125,452.071472167969,447.149841308594,457.370513916016,12950452.8808594,1143165.375,1,1676,1
445.118987648753,445.118774414062,445.120239257812,452.071472167969,449.197998046875,456.091613769531,2267794.68164062,230167.03125,1,1677,1
262.069010092777,262.068695068359,262.069274902344,28.8800392150879,27.0906639099121,31.1105403900146,5606479.73828125,1133246.75,1,1678,1
304.895580582914,304.893829345703,304.896026611328,28.8800392150879,24.0791664123535,30.6666698455811,6606528.87207031,820287.5625,1,1679,1
320.869342277215,320.868530273438,320.869812011719,28.8800392150879,26.7282886505127,30.3197917938232,3360235.17578125,473603.46875,1,1680,1
372.88283960271,372.882598876953,372.883483886719,28.8800392150879,26.7282886505127,29.9651641845703,2933726.4609375,410222.15625,1,1681,1
227.955123161793,227.954483032227,227.955749511719,28.8800392150879,23.7167797088623,29.9651641845703,2410333.06982422,379954.34375,1,1682,1
246.095143340477,246.094924926758,246.095520019531,28.8800392150879,26.7282886505127,31.1105403900146,2502899.79296875,351364.28125,1,1683,1
198.12402351342,198.12353515625,198.124237060547,28.8800392150879,27.0906639099121,31.1105403900146,1695569.30078125,269030.375,1,1684,1
388.856835054106,388.856475830078,388.857238769531,28.8800392150879,26.7282886505127,29.6095314025879,1534252.4765625,268829.375,1,1685,1
524.831919239916,524.830322265625,524.834106445312,28.8800392150879,27.0906639099121,29.6095314025879,1342118.72265625,236184.640625,1,1686,1
103.087307310818,103.087173461914,103.087364196777,28.8800392150879,27.8084163665771,30.3197917938232,825136.90625,138644.71875,1,1687,1
531.408777608728,531.408569335938,531.409973144531,688.56982421875,683.967346191406,693.789123535156,15617474.7832031,1126157.25,1,1688,1
532.411689419441,532.410888671875,532.411987304688,688.56982421875,685.528625488281,691.763000488281,4001074.97265625,340819.09375,1,1689,1
553.391168082965,553.390686035156,553.392211914062,688.56982421875,686.014770507812,691.763000488281,2346150.00390625,188341.34375,1,1690,1
592.296068959972,592.293823242188,592.298034667969,222.168518066406,212.664001464844,231.981033325195,6793686.90673828,1122288.625,1,1691,1
267.123047776878,267.122283935547,267.123352050781,359.413299560547,357.948822021484,364.640075683594,7665529.50585938,1116853,1,1692,1
130.15942785366,130.159240722656,130.159515380859,359.413299560547,353.407562255859,367.234588623047,12390300.75,406988.3125,1,1693,1
133.105514074158,133.10546875,133.105697631836,50.0354270935059,47.8642997741699,57.4899291992188,10655866.3730469,1089790.125,1,1694,1
176.066130038287,176.065719604492,176.066345214844,50.0354270935059,48.9465446472168,57.1266708374023,3072587.89453125,261555.0625,1,1695,1
182.985410955974,182.9853515625,182.985458374023,750.350402832031,749.033142089844,760.757141113281,29557962.5625,1068772.875,1,1696,1
520.334176018758,520.332580566406,520.3359375,173.167236328125,169.6669921875,178.624237060547,6747117.33251953,1064996.5,1,1697,1
154.990391396283,154.990325927734,154.990478515625,708.553405761719,699.351257324219,721.808349609375,32861483.3125,1059914.125,1,1698,1
287.888934966821,287.887786865234,287.889099121094,708.553405761719,701.244140625,718.875366210938,13620359.9492188,469324.375,1,1699,1
328.915671653554,328.914825439453,328.916900634766,708.553405761719,701.244140625,723.619873046875,9806580.15429688,364957.40625,1,1700,1
145.985645558786,145.985473632812,145.985794067383,708.553405761719,703.032470703125,716.69873046875,5501530.984375,268175.59375,1,1701,1
259.89438414111,259.893981933594,259.895355224609,708.553405761719,702.307861328125,721.445983886719,4491047.33398438,159632.046875,1,1702,1
130.159427194004,130.159164428711,130.159484863281,126.231712341309,108.200950622559,126.602210998535,26891157.9453125,1052410,1,1703,1
377.229649087665,377.229461669922,377.230651855469,600.7763671875,598.298278808594,605.963195800781,7537883.28125,1051964.75,1,1704,1
336.311230234009,336.311065673828,336.311370849609,540.486389160156,536.470764160156,545.932556152344,10415022.4296875,1044619.3125,1,1705,1
424.363972133048,424.363739013672,424.364196777344,540.486389160156,536.470764160156,545.932556152344,10284282.53125,832432.125,1,1706,1
319.284749791465,319.284332275391,319.284973144531,540.486389160156,536.470764160156,545.932556152344,5059548.91796875,526505.8125,1,1707,1
297.240836355717,297.240600585938,297.241363525391,540.486389160156,538.297302246094,546.296936035156,3394511.80078125,320269.8125,1,1708,1
337.314635395487,337.314025878906,337.315246582031,540.486389160156,536.470764160156,546.296936035156,2122533.63476562,205558.09375,1,1709,1
292.285027425336,292.284606933594,292.285430908203,540.486389160156,537.203552246094,544.813171386719,1405481.25390625,166875.28125,1,1710,1
125.071413148435,125.071319580078,125.071472167969,358.685455322266,347.220306396484,360.499694824219,33450154.625,1036631.0625,1,1711,1
125.986727390124,125.986679077148,125.986785888672,238.019393920898,234.545623779297,245.698638916016,27514332.375,1034029.625,1,1712,1
113.964106645067,113.964073181152,113.964126586914,752.1923828125,749.033142089844,755.543029785156,17108289.6875,1031629.0625,1,1713,1
482.40598725573,482.405120849609,482.406188964844,562.8740234375,555.853942871094,568.016052246094,19193381.7265625,1024716.1875,1,1714,1
483.409350366914,483.408447265625,483.410522460938,562.8740234375,557.056640625,569.110290527344,5499357.87109375,314807.03125,1,1715,1
380.337764581099,380.337615966797,380.337951660156,541.326904296875,537.203552246094,546.296936035156,11175948.625,1004045.125,1,1716,1
125.986677711143,125.986587524414,125.98673248291,316.580810546875,305.100189208984,320.212677001953,31876553.5625,1001192.5625,1,1717,1
588.285667950602,588.281982421875,588.286254882812,285.674163818359,284.573272705078,288.569549560547,6276200.5625,991948.125,1,1718,1
517.226927104226,517.226196289062,517.227661132812,285.674163818359,283.480407714844,288.569549560547,2594733.453125,412894.65625,1,1719,1
589.289389127463,589.288879394531,589.290161132812,285.674163818359,284.573272705078,288.184539794922,1905530.51171875,302903.28125,1,1720,1
554.251886424953,554.251098632812,554.252319335938,285.674163818359,284.573272705078,286.913787841797,904136.375,177613.0625,1,1721,1
495.263100886231,495.262359619141,495.264465332031,315.377044677734,313.534820556641,319.118408203125,7502959.62890625,987835.6875,1,1722,1
452.280326032781,452.279418945312,452.281219482422,315.377044677734,312.432678222656,320.576171875,3789617.12792969,657567.5,1,1723,1
966.53521536042,966.533386230469,966.537719726562,315.377044677734,314.271545410156,318.756195068359,1241226.3984375,255208.046875,1,1724,1
555.227860758325,555.224304199219,555.229553222656,315.377044677734,314.271545410156,318.028564453125,850892.627929688,147567.796875,1,1725,1
103.95607561198,103.956031799316,103.956115722656,709.276733398438,703.394775390625,717.424377441406,24537479.125,970407.75,1,1726,1
305.899565621869,305.898651123047,305.899993896484,709.276733398438,702.307861328125,723.257507324219,11208657.1621094,322389.59375,1,1727,1
219.117321225066,219.117080688477,219.117385864258,370.165069580078,368.327575683594,375.78759765625,7357633.5078125,947830.3125,1,1728,1
238.131277016608,238.131195068359,238.131546020508,370.165069580078,368.694946289062,374.726959228516,2368598.21289062,333280.6875,1,1729,1
220.120723265333,220.120529174805,220.120971679688,370.165069580078,369.061828613281,372.463592529297,1077272.97265625,169008.109375,1,1730,1
294.155108399768,294.154876708984,294.155181884766,51.5930480957031,49.6722984313965,61.2485466003418,14825952.8046875,944251.8125,1,1731,1
276.144623578901,276.143981933594,276.145446777344,51.5930480957031,41.9542846679688,65.1653060913086,3477623.45507812,204275.390625,1,1732,1
145.95453235718,145.95442199707,145.954620361328,699.698120117188,699.00439453125,706.742004394531,6610756.6171875,939291.25,1,1733,1
228.007767354127,228.007415771484,228.00798034668,699.698120117188,697.963623046875,711.173461914062,4021749.26171875,641022.6875,1,1734,1
171.005713074286,171.005477905273,171.006164550781,699.698120117188,699.00439453125,706.017333984375,3130650.15039062,609141.875,1,1735,1
190.979117120411,190.978134155273,190.979400634766,699.698120117188,697.963623046875,706.017333984375,4597137.12109375,591600.875,1,1736,1
140.9617269692,140.961578369141,140.961959838867,699.698120117188,699.00439453125,706.379760742188,4138380.703125,539006.9375,1,1737,1
116.972325920772,116.972221374512,116.972442626953,699.698120117188,699.00439453125,704.84619140625,4412936.671875,521375.15625,1,1738,1
565.355138885325,565.354736328125,565.35595703125,481.557006835938,475.908874511719,486.767364501953,10126421.9570312,936328.8125,1,1739,1
125.986685665506,125.986610412598,125.98673248291,292.625305175781,287.554016113281,296.285827636719,19688241.75,915207.1875,1,1740,1
423.290512583244,423.289886474609,423.292816162109,292.625305175781,290.679779052734,295.159423828125,1909754.80078125,301006,1,1741,1
534.224009165105,534.223083496094,534.226379394531,292.625305175781,289.213165283203,296.285827636719,1359070.94628906,156320.90625,1,1742,1
321.146724789043,321.146575927734,321.147338867188,333.377288818359,329.573059082031,338.587188720703,7513217.28125,914629.875,1,1743,1
130.159455975072,130.159378051758,130.15950012207,333.377288818359,325.052673339844,343.070953369141,14409896.609375,360447.28125,1,1744,1
176.972123795579,176.971893310547,176.972274780273,734.681884765625,710.729736328125,758.9267578125,80238146.1484375,910324.5,1,1745,1
125.986700396816,125.986663818359,125.98673248291,322.510559082031,320.212677001953,329.202056884766,19160882.3125,905809.5,1,1746,1
587.368242529991,587.367065429688,587.369140625,481.194610595703,475.540740966797,486.038146972656,9017062.09375,902978,1,1747,1
587.8698898588,587.86865234375,587.871032714844,481.194610595703,474.501983642578,486.038146972656,6218439.578125,605141.875,1,1748,1
334.223013539925,334.222747802734,334.223358154297,159.431610107422,155.19596862793,165.038864135742,8808536.91699219,898398.5,1,1749,1
335.226350706969,335.225738525391,335.226531982422,159.431610107422,156.805114746094,163.254989624023,1502668.90087891,155032.078125,1,1750,1
608.290986455656,608.289245605469,608.291259765625,216.461029052734,214.428497314453,223.367141723633,9072432.47900391,897125.875,1,1751,1
369.116284533702,369.115753173828,369.116516113281,86.6945571899414,84.0449371337891,90.0049362182617,7963437.3984375,891733.8125,1,1752,1
167.070627081664,167.070465087891,167.070846557617,86.6945571899414,84.7704467773438,91.966682434082,3257507.11621094,376665.40625,1,1753,1
182.985411669579,182.985382080078,182.985443115234,762.677856445312,760.757141113281,767.668273925781,15554030.375,890027.4375,1,1754,1
346.259496249968,346.259185791016,346.260192871094,281.029296875,276.682525634766,287.554016113281,12454186.737793,889446.375,1,1755,1
291.195962149806,291.195159912109,291.196075439453,344.930450439453,343.440307617188,351.364562988281,8617585.33203125,875835.5625,1,1756,1
284.331739297885,284.331665039062,284.331817626953,448.143005371094,439.732879638672,453.619750976562,24396247.953125,874395.5625,1,1757,1
288.921362148392,288.919921875,288.922149658203,27.4527912139893,23.7167797088623,30.6666698455811,6114951.73828125,864180.3125,1,1758,1
200.040941149857,200.040664672852,200.04118347168,27.4527912139893,26.3659076690674,30.3197917938232,3620081.03320312,601544,1,1759,1
356.908343968992,356.907562255859,356.910919189453,27.4527912139893,17.1405353546143,30.3197917938232,2718573.76708984,416084.09375,1,1760,1
424.895507156826,424.894866943359,424.896270751953,27.4527912139893,26.7282886505127,29.9651641845703,1885464.36328125,319256.125,1,1761,1
197.920169737089,197.919845581055,197.920562744141,27.4527912139893,23.7167797088623,30.6666698455811,1873029.5546875,213040.515625,1,1762,1
424.364021924397,424.363952636719,424.364532470703,531.245544433594,527.611145019531,536.470764160156,12099513.34375,861747,1,1763,1
141.958926341083,141.958740234375,141.958984375,13.3126611709595,13.0126657485962,29.6095314025879,31776634.953125,855212.375,1,1764,1
125.986694513668,125.986602783203,125.986755371094,358.685455322266,344.930450439453,376.196563720703,56078016.4375,841685.875,1,1765,1
638.392488826712,638.391052246094,638.394409179688,292.625305175781,288.184539794922,297.057312011719,5382300.52441406,833378.5625,1,1766,1
436.257168976882,436.254943847656,436.259399414062,292.625305175781,279.174072265625,303.890686035156,4608698.69824219,362454.21875,1,1767,1
639.395008293141,639.392700195312,639.397521972656,292.625305175781,287.865417480469,297.057312011719,2180628.93310547,347832.875,1,1768,1
141.958926773364,141.958877563477,141.958969116211,47.8642997741699,39.6707878112793,58.5838012695312,29816773.71875,832313.3125,1,1769,1
224.128541258527,224.128280639648,224.128616333008,47.8642997741699,44.1299285888672,52.3109169006348,2667792.07421875,191413.859375,1,1770,1
694.403222934033,694.401916503906,694.403869628906,404.712829589844,402.149353027344,409.657958984375,5659963.77441406,830244.625,1,1771,1
699.358454029442,699.35693359375,699.359130859375,404.712829589844,402.877716064453,406.646850585938,2091542.265625,368682.375,1,1772,1
695.406689101432,695.4052734375,695.407653808594,404.712829589844,402.512725830078,408.100952148438,2133974.90722656,342080.03125,1,1773,1
214.089976495033,214.089721679688,214.090362548828,33.1984176635742,0.524400889873505,36.4276695251465,71112842.75,826131.0625,1,1774,1
367.188759579277,367.18798828125,367.189575195312,488.949127197266,484.474151611328,493.794250488281,8865236.36523438,825913.375,1,1775,1
371.316140115329,371.315399169922,371.316589355469,677.330993652344,673.569702148438,682.699279785156,8400528.80126953,823234.1875,1,1776,1
393.296670687046,393.295501708984,393.297302246094,677.330993652344,676.964233398438,680.161254882812,2199062.9765625,336344.90625,1,1777,1
453.264442423412,453.263427734375,453.264739990234,285.301788330078,282.391540527344,289.945922851562,5881288.13867188,817957.875,1,1778,1
454.268139762429,454.267456054688,454.270080566406,285.301788330078,281.33642578125,288.96142578125,1700637.59326172,240588.65625,1,1779,1
130.159349592874,130.159301757812,130.159378051758,616.833984375,612.26171875,624.820068359375,25482529.4375,814806.5,1,1780,1
225.914972975916,225.914688110352,225.915313720703,27.0906639099121,23.7167797088623,30.6666698455811,7498033.984375,808784.5625,1,1781,1
220.934866673062,220.9345703125,220.935180664062,27.0906639099121,23.7167797088623,30.6666698455811,4929906.9296875,553363.3125,1,1782,1
272.944703382249,272.943572998047,272.944885253906,27.0906639099121,26.3659076690674,29.9651641845703,2579470.2578125,511974.1875,1,1783,1
521.328431749861,521.326538085938,521.330139160156,484.107757568359,476.387390136719,497.193267822266,10133619.7788086,807072,1,1784,1
171.99324181678,171.993133544922,171.993515014648,31.1105403900146,28.8800392150879,39.3074226379395,12429293.4882812,802875.875,1,1785,1
116.071157651224,116.071105957031,116.071212768555,74.4964294433594,69.2863082885742,80.2979431152344,9704477.640625,798050.25,1,1786,1
425.178918423062,425.178253173828,425.179016113281,113.738067626953,111.562705993652,118.654449462891,4522741.82128906,791560.375,1,1787,1
420.223621165464,420.222686767578,420.224884033203,113.738067626953,111.926071166992,118.654449462891,3397326.42578125,549584.5625,1,1788,1
223.133267861532,223.133102416992,223.133316040039,113.738067626953,112.289451599121,116.424324035645,2850687.99609375,463597.84375,1,1789,1
385.186355890622,385.185943603516,385.186431884766,113.738067626953,112.652694702148,115.202209472656,773964.44921875,145657.4375,1,1790,1
350.327011498515,350.326751708984,350.327331542969,564.696044921875,554.612060546875,575.177062988281,19940116.7890625,790865.375,1,1791,1
395.356849522634,395.356597900391,395.357269287109,564.696044921875,558.748779296875,569.780212402344,5617323.0625,297008.0625,1,1792,1
333.300363758741,333.299896240234,333.301361083984,564.696044921875,557.717407226562,569.110290527344,3046027.3359375,168476.9375,1,1793,1
214.09002178672,214.089950561523,214.090148925781,48.5920524597168,39.6707878112793,54.1241683959961,26304191.625,790141.875,1,1794,1
121.966555352056,121.966522216797,121.966598510742,710.003112792969,703.394775390625,718.15087890625,20043984.359375,784192.25,1,1795,1
301.141507870267,301.141143798828,301.141784667969,499.010772705078,494.158508300781,504.574523925781,8013575.10107422,782947.625,1,1796,1
209.15406627987,209.153961181641,209.154693603516,168.175979614258,165.038864135742,173.859741210938,5195316.03320312,779578.9375,1,1797,1
126.091809788415,126.091514587402,126.091995239258,168.175979614258,167.046249389648,178.261978149414,2302764.52294922,300821.8125,1,1798,1
170.118012576506,170.11784362793,170.118194580078,168.175979614258,160.178237915039,174.557632446289,2159363.58007812,157835.96875,1,1799,1
344.299573513903,344.299346923828,344.299743652344,337.857055664062,336.032196044922,342.329467773438,5819924.87109375,779084.75,1,1800,1
240.232552672815,240.232452392578,240.232940673828,337.857055664062,335.559051513672,342.700317382812,2454102.90039062,338343.96875,1,1801,1
381.251951003845,381.250213623047,381.252380371094,337.857055664062,336.032196044922,342.329467773438,1846275.75878906,266464.96875,1,1802,1
564.361102067707,564.36083984375,564.362609863281,179.744369506836,178.261978149414,184.968383789062,4943190.31835938,774438.375,1,1803,1
565.364381468474,565.362976074219,565.364562988281,179.744369506836,178.624237060547,182.405364990234,1275753.47070312,217979.390625,1,1804,1
142.097777525194,142.097564697266,142.097854614258,694.350341796875,683.338745117188,701.953247070312,31271207.359375,773931.5625,1,1805,1
465.103888198289,465.103790283203,465.104675292969,185.357879638672,183.488754272461,188.499984741211,3959050.65234375,769867.4375,1,1806,1
487.085785591918,487.085662841797,487.086883544922,185.357879638672,183.881362915039,188.499984741211,1451292.20703125,290371.375,1,1807,1
535.237573812239,535.236328125,535.237976074219,273.135772705078,270.288146972656,281.641540527344,9752339.1015625,751742.0625,1,1808,1
552.263868670794,552.262390136719,552.265075683594,273.135772705078,271.426422119141,278.025543212891,2579311.12890625,307162.75,1,1809,1
536.240807244958,536.240478515625,536.241271972656,273.135772705078,270.666046142578,278.791412353516,2845353.64257812,258120.203125,1,1810,1
199.075879033607,199.075759887695,199.075942993164,305.474426269531,303.513458251953,308.228302001953,4436676.03125,748838.0625,1,1811,1
351.215042430139,351.214416503906,351.216339111328,302.01806640625,298.197326660156,309.035186767578,6167367.99804688,746333.3125,1,1812,1
109.101797963791,109.101631164551,109.101852416992,302.01806640625,299.30517578125,307.417175292969,2241299.140625,272833.59375,1,1813,1
173.117704976286,173.117324829102,173.117965698242,302.01806640625,293.707305908203,312.798553466797,2111760.80810547,268255.375,1,1814,1
275.201168885278,275.200866699219,275.201416015625,302.01806640625,300.411285400391,307.417175292969,1542008.93359375,201263.203125,1,1815,1
155.107000782409,155.10676574707,155.10710144043,302.01806640625,298.574035644531,304.727569580078,1314104.2265625,171168.921875,1,1816,1
311.222236189053,311.220947265625,311.222625732422,302.01806640625,294.797180175781,307.781555175781,1398529.66601562,159186.515625,1,1817,1
352.218299144072,352.217803955078,352.218505859375,302.01806640625,300.784057617188,304.270935058594,928568.58984375,150787.265625,1,1818,1
195.123016079913,195.122604370117,195.123107910156,95.4919357299805,91.2270660400391,100.682075500488,7457979.5703125,741808.875,1,1819,1
796.200504260093,796.197143554688,796.20166015625,129.886840820312,128.072952270508,134.015716552734,4153145.42871094,738690.4375,1,1820,1
303.050211264274,303.050048828125,303.050689697266,129.886840820312,126.974349975586,133.289215087891,3825533.15625,700518.8125,1,1821,1
417.137309610717,417.136932373047,417.137725830078,129.886840820312,128.435211181641,132.180328369141,2058446.47363281,447551.90625,1,1822,1
365.105836610811,365.104461669922,365.106292724609,129.886840820312,125.825340270996,135.472702026367,2002252.77929688,231320.890625,1,1823,1
113.964197083842,113.964149475098,113.964233398438,43.0431709289551,39.6707878112793,51.5930480957031,20656750.4375,733725.375,1,1824,1
468.390449648708,468.389312744141,468.391265869141,530.768798828125,523.588500976562,536.836303710938,11540764.6914062,733429.1875,1,1825,1
661.413271020188,661.411743164062,661.41357421875,530.768798828125,528.269165039062,537.203552246094,5384843.4296875,408329.6875,1,1826,1
276.897005220353,276.896575927734,276.897308349609,726.557373046875,706.379760742188,756.73974609375,63472861.4804688,730933.5625,1,1827,1
379.188762421561,379.188446044922,379.190216064453,501.301391601562,491.248626708984,513.063659667969,14040095.9785156,723001.0625,1,1828,1
380.191921257504,380.190277099609,380.193176269531,501.301391601562,493.430999755859,512.326293945312,3069607.20019531,180855.046875,1,1829,1
408.368911823073,408.367828369141,408.369537353516,590.495056152344,579.613464355469,612.625915527344,22821853.5273438,721347.8125,1,1830,1
452.395134567402,452.39453125,452.395629882812,590.495056152344,586.843688964844,611.532043457031,19300148.7695312,601152.75,1,1831,1
364.342473768789,364.341491699219,364.343078613281,590.495056152344,582.170654296875,612.26171875,17207150.1328125,477954.1875,1,1832,1
409.372198370774,409.370147705078,409.372833251953,590.495056152344,581.490539550781,608.511291503906,5257048.82177734,169093.6875,1,1833,1
412.219701386684,412.218200683594,412.221923828125,167.800979614258,164.33723449707,172.407623291016,4185592.10205078,714213.75,1,1834,1
490.286827971644,490.285186767578,490.287536621094,167.800979614258,166.295364379883,172.02897644043,1104684.15625,194520.828125,1,1835,1
177.055037675715,177.054885864258,177.055130004883,161.802474975586,156.425231933594,167.046249389648,6195312.64453125,714108.6875,1,1836,1
526.432450547651,526.431945800781,526.432983398438,561.40966796875,552.15283203125,570.873657226562,16682113.9023438,710545.6875,1,1837,1
380.337800117674,380.337097167969,380.338562011719,532.341186523438,526.878173828125,537.203552246094,10634295.1152344,705970.875,1,1838,1
409.113086902559,409.111236572266,409.113861083984,33.8922920227051,32.1576652526855,39.3074226379395,4926760.796875,702579.3125,1,1839,1
411.099153571973,411.098205566406,411.100738525391,33.8922920227051,32.1576652526855,38.5981674194336,3519892.71484375,416339.15625,1,1840,1
245.149867740615,245.149429321289,245.150634765625,33.8922920227051,32.8515396118164,35.2972946166992,1594071.9140625,398186.03125,1,1841,1
253.070973803734,253.070053100586,253.071502685547,33.8922920227051,32.5046577453613,35.2972946166992,1071827.0234375,230319.171875,1,1842,1
148.114200727817,148.113708496094,148.114364624023,33.8922920227051,32.1576652526855,38.9605445861816,1645414.45703125,188863.0625,1,1843,1
178.123016960534,178.12287902832,178.123138427734,85.1338043212891,62.3364295959473,98.4675674438477,36620532.2695312,691251.5625,1,1844,1
535.401141871533,535.400817871094,535.402770996094,642.015075683594,638.871215820312,647.099365234375,5975110.59814453,686051.1875,1,1845,1
535.902766591996,535.901550292969,535.904541015625,642.015075683594,637.773620605469,647.46337890625,3617026.48974609,400494.40625,1,1846,1
536.404278002019,536.403869628906,536.404602050781,642.015075683594,641.059326171875,643.774108886719,1007129.36328125,147523.8125,1,1847,1
530.312691872702,530.311889648438,530.312927246094,381.363586425781,376.512847900391,385.807098388672,6148745.578125,678112.9375,1,1848,1
513.28622788846,513.285034179688,513.287902832031,381.363586425781,368.694946289062,393.29248046875,8011146.94238281,579009.3125,1,1849,1
297.076625685646,297.076538085938,297.076904296875,381.363586425781,379.665191650391,387.49169921875,2167316.75,251104.671875,1,1850,1
531.316141934622,531.315490722656,531.317565917969,381.363586425781,376.512847900391,385.807098388672,2035504.13671875,228212.875,1,1851,1
150.014015848623,150.013610839844,150.014343261719,30.3197917938232,26.7282886505127,32.1576652526855,2644228.95898438,676214.0625,1,1852,1
208.972903431817,208.972686767578,208.973114013672,30.3197917938232,29.9651641845703,31.8042831420898,1705471.8984375,508640.625,1,1853,1
162.112740352219,162.112182617188,162.113159179688,30.3197917938232,26.3659076690674,36.7900352478027,4044171.04003906,454957.375,1,1854,1
165.987910458002,165.987823486328,165.98811340332,30.3197917938232,29.9651641845703,31.457405090332,1178415.8671875,315852.21875,1,1855,1
203.150611317136,203.149627685547,203.151031494141,29.9651641845703,28.8800392150879,41.9542846679688,3666797.45703125,675077.25,1,1856,1
143.081764819864,143.081390380859,143.082015991211,29.9651641845703,26.0027885437012,38.9605445861816,3061117.09570312,304213.59375,1,1857,1
456.311762601562,456.309844970703,456.313232421875,488.586761474609,486.401519775391,493.430999755859,4849307.0078125,674144.8125,1,1858,1
457.315028340274,457.314361572266,457.316162109375,488.586761474609,486.767364501953,492.704376220703,1458259.13085938,216735.5625,1,1859,1
477.241620738006,477.239166259766,477.243774414062,488.586761474609,487.130767822266,493.067626953125,1241760.08984375,186097.078125,1,1860,1
461.266680553456,461.264282226562,461.267120361328,488.586761474609,486.401519775391,490.777374267578,1024275.921875,158715.5625,1,1861,1
848.51692283905,848.513244628906,848.520324707031,488.586761474609,484.474151611328,493.430999755859,1636571.36914062,140919.671875,1,1862,1
214.089809538758,214.089736938477,214.089889526367,735.778381347656,730.200927734375,767.668273925781,62983675.4375,673824.6875,1,1863,1
336.165726740198,336.165466308594,336.166168212891,416.639617919922,411.578979492188,421.945465087891,7305455.1953125,673664.75,1,1864,1
129.070292715726,129.070220947266,129.070343017578,416.639617919922,411.953338623047,425.254730224609,9390940.06640625,667020.375,1,1865,1
295.169763715513,295.169097900391,295.169982910156,416.639617919922,412.648620605469,425.561248779297,5521661.74414062,439293.21875,1,1866,1
263.143624959047,263.143157958984,263.143951416016,416.639617919922,412.648620605469,421.945465087891,1928610.76757812,189672.15625,1,1867,1
351.136550982451,351.135711669922,351.137573242188,416.639617919922,411.953338623047,419.568115234375,1582504.03466797,185011.09375,1,1868,1
103.955977123255,103.955764770508,103.956092834473,697.963623046875,695.337341308594,703.394775390625,5897041.05859375,672739.625,1,1869,1
513.387851653114,513.387084960938,513.388305664062,643.40869140625,639.857604980469,650.191223144531,6249873.01464844,672441.625,1,1870,1
472.306948465336,472.306579589844,472.308074951172,388.224090576172,384.226593017578,394.695739746094,9224700.515625,667747.125,1,1871,1
374.327260457588,374.327087402344,374.327514648438,388.224090576172,385.807098388672,397.640106201172,7139640.59375,366665.4375,1,1872,1
609.382118368957,609.379577636719,609.383361816406,480.356628417969,473.906005859375,484.838500976562,7156442.33007812,666654.3125,1,1873,1
267.172495456925,267.171966552734,267.172790527344,456.377258300781,451.335357666016,460.700622558594,6894320.30078125,665309.125,1,1874,1
143.997123869329,143.996994018555,143.997177124023,54.1241683959961,32.8515396118164,81.1404342651367,66845710.546875,660202.875,1,1875,1
569.241200818645,569.239501953125,569.244079589844,223.731384277344,221.795761108398,234.545623779297,3974068.81982422,659089.3125,1,1876,1
300.202160093428,300.201873779297,300.202301025391,127.33984375,123.210083007812,132.546340942383,8022246.046875,655077.0625,1,1877,1
283.17566822813,283.175415039062,283.176086425781,127.33984375,123.583969116211,131.817581176758,3581877.71484375,338930.4375,1,1878,1
295.129312655602,295.127990722656,295.129669189453,127.33984375,126.231712341309,131.088958740234,1967470.69824219,294720.65625,1,1879,1
120.081207950809,120.081062316895,120.081352233887,127.33984375,123.210083007812,132.919967651367,1811630.06347656,176509.59375,1,1880,1
115.095170868754,115.095039367676,115.095314025879,127.33984375,123.583969116211,130.61784362793,1139933.25585938,173208.71875,1,1881,1
160.181011095882,160.180801391602,160.181106567383,707.466491699219,701.606323242188,712.986694335938,10809290.6914062,654951.0625,1,1882,1
180.990037121323,180.98974609375,180.990158081055,707.466491699219,700.773620605469,721.081970214844,18143796.6640625,508767.34375,1,1883,1
247.166861240448,247.16633605957,247.166976928711,83.6826858520508,79.6219635009766,89.6356887817383,9088928.9453125,654088.6875,1,1884,1
491.374693428098,491.373626708984,491.376098632812,644.868347167969,641.3564453125,649.531188964844,5840657.88964844,650180.1875,1,1885,1
172.115584116729,172.115417480469,172.115905761719,644.868347167969,641.3564453125,649.895568847656,2549124.48828125,235425.421875,1,1886,1
551.231963035685,551.230407714844,551.233032226562,242.929901123047,240.638381958008,248.925384521484,5853612.28515625,641948.375,1,1887,1
568.260070309223,568.259704589844,568.26123046875,242.929901123047,240.638381958008,247.595153808594,2823331.40136719,367664.0625,1,1888,1
552.235686467635,552.235107421875,552.236389160156,242.929901123047,241.429794311523,246.195404052734,1602481.31640625,205753.984375,1,1889,1
143.997010032967,143.996963500977,143.997039794922,765.452026367188,743.837280273438,768.030517578125,36231519.125,640715.375,1,1890,1
124.076236169725,124.076141357422,124.076736450195,162.557876586914,157.571365356445,164.656478881836,3990724.72143555,640266.625,1,1891,1
511.267783787375,511.265350341797,511.268249511719,269.527160644531,267.811279296875,276.047180175781,4571575.71875,639007.125,1,1892,1
527.242048573263,527.239685058594,527.243347167969,269.527160644531,265.147766113281,274.214813232422,1909384.10351562,278685,1,1893,1
567.227797522887,567.225341796875,567.228637695312,269.527160644531,267.073760986328,274.599395751953,2126049.93945312,256246.578125,1,1894,1
584.254423666238,584.252319335938,584.256530761719,269.527160644531,265.512145996094,271.426422119141,1751093.328125,212402.375,1,1895,1
512.271305917069,512.27001953125,512.271789550781,269.527160644531,268.457794189453,272.378021240234,1054874.85546875,195051.90625,1,1896,1
383.131858488143,383.130523681641,383.132751464844,120.990211486816,117.538581848145,127.33984375,3666891.12841797,638934.8125,1,1897,1
378.17655586036,378.17578125,378.176818847656,120.990211486816,117.538581848145,125.825340270996,3033575.08203125,495492.34375,1,1898,1
283.175711703299,283.175109863281,283.176574707031,120.990211486816,116.053588867188,123.583969116211,2190870.02636719,186104.40625,1,1899,1
287.110586057855,287.110382080078,287.110870361328,85.1338043212891,80.2979431152344,90.3753204345703,5526040.86132812,637450.875,1,1900,1
303.084605256454,303.084136962891,303.085021972656,85.1338043212891,80.6654434204102,90.0049362182617,2240880.60742188,268070,1,1901,1
146.081451788338,146.081405639648,146.081497192383,66.0011825561523,60.7685775756836,70.7364349365234,12439030.84375,635659.25,1,1902,1
383.145516379132,383.145385742188,383.145690917969,66.0011825561523,63.7788124084473,69.2863082885742,2536436.015625,255025.8125,1,1903,1
388.124425356771,388.124084472656,388.124847412109,66.0011825561523,60.4059295654297,74.1985626220703,3714297.96875,203476.59375,1,1904,1
249.061310001867,249.061157226562,249.061630249023,108.926567077637,107.102821350098,114.101943969727,3843333.33007812,631873,1,1905,1
237.087239273797,237.086837768555,237.087478637695,108.926567077637,107.473945617676,113.738067626953,2013772.14355469,358284,1,1906,1
532.349498673627,532.34814453125,532.351135253906,446.112976074219,444.322631835938,450.970367431641,4210655.37597656,629360,1,1907,1
533.352936120314,533.352172851562,533.353271484375,446.112976074219,444.013763427734,449.461151123047,1313760.01757812,214016.5625,1,1908,1
499.314979288891,499.314300537109,499.315582275391,485.201751708984,478.902008056641,490.414154052734,7507180.80371094,627849.4375,1,1909,1
113.964194961404,113.964096069336,113.964378356934,20.5071697235107,13.6851568222046,29.6095314025879,23393527.1875,627361.1875,1,1910,1
140.107271097194,140.107162475586,140.107330322266,129.165573120117,104.82445526123,139.945220947266,37943963.453125,625478,1,1911,1
650.302319518725,650.30078125,650.302612304688,239.95051574707,238.019393920898,244.378158569336,3579562.59179688,623281.625,1,1912,1
251.162397751039,251.162292480469,251.162841796875,239.95051574707,238.019393920898,242.55339050293,3585121.4765625,535211.375,1,1913,1
651.305519241234,651.3046875,651.307373046875,239.95051574707,238.830642700195,241.801773071289,1231995.09375,220424.875,1,1914,1
207.124560020881,207.12434387207,207.124740600586,229.717895507812,226.40251159668,235.295639038086,6492179.94921875,622015.4375,1,1915,1
279.232492037262,279.232147216797,279.233001708984,462.138732910156,459.499389648438,466.151641845703,4559875.7578125,620663.8125,1,1916,1
341.207364577187,341.206970214844,341.207885742188,462.138732910156,461.097991943359,464.166381835938,943660.23828125,132002.25,1,1917,1
172.956650718242,172.956497192383,172.95671081543,704.120971679688,701.953247070312,710.003112792969,4951008.65625,617753.625,1,1918,1
131.930051958651,131.929946899414,131.930206298828,704.120971679688,703.032470703125,708.916625976562,2106746.015625,255591.625,1,1919,1
413.266743372038,413.266571044922,413.268463134766,676.342163085938,671.646850585938,681.289367675781,6383832.71972656,616945.5,1,1920,1
414.269957299637,414.269073486328,414.270324707031,676.342163085938,674.325500488281,679.107238769531,1412984.79296875,154237.46875,1,1921,1
429.240845679746,429.239776611328,429.241912841797,676.342163085938,674.325500488281,680.48876953125,1167260.484375,123548.4609375,1,1922,1
493.235705202342,493.232391357422,493.237396240234,401.050476074219,391.535339355469,417.375213623047,14930417.46875,613938.3125,1,1923,1
185.990294917469,185.989227294922,185.991149902344,700.046997070312,699.698120117188,707.828857421875,3715991.48828125,613355.6875,1,1924,1
192.976536303998,192.976226806641,192.97688293457,700.046997070312,699.351257324219,705.570739746094,1879006.20507812,277243.6875,1,1925,1
338.161598792147,338.161376953125,338.162048339844,135.836959838867,131.454345703125,141.153594970703,5167928.4453125,613005.75,1,1926,1
486.286239881145,486.285400390625,486.286590576172,364.640075683594,361.669189453125,369.429809570312,4502165.84570312,612705.125,1,1927,1
553.247958524007,553.245727539062,553.248474121094,285.674163818359,277.313140869141,288.569549560547,7279881.39453125,612594.0625,1,1928,1
142.991582211003,142.991470336914,142.991744995117,700.046997070312,697.963623046875,704.84619140625,4399013.6171875,612547.5,1,1929,1
256.916286467182,256.915069580078,256.917205810547,700.046997070312,699.351257324219,713.34912109375,1988608.51171875,333477.875,1,1930,1
304.921322462036,304.920196533203,304.922271728516,700.046997070312,699.351257324219,701.244140625,1294580.4609375,332153.15625,1,1931,1
333.145284006354,333.145050048828,333.146636962891,238.830642700195,237.269012451172,243.304885864258,3461527.51074219,599488.3125,1,1932,1
301.118913455196,301.118591308594,301.119598388672,238.830642700195,237.269012451172,243.677658081055,3199244.92724609,530907.125,1,1933,1
365.173183536489,365.172393798828,365.173950195312,416.275360107422,399.119842529297,440.100494384766,26370394.4228516,599303.0625,1,1934,1
228.196152623944,228.195663452148,228.196319580078,609.603271484375,593.158447265625,624.456848144531,11980814.1679688,597615.5,1,1935,1
226.180482526941,226.180282592773,226.180572509766,609.603271484375,605.963195800781,614.987365722656,5878200.6953125,533647.375,1,1936,1
408.309260947717,408.308624267578,408.309875488281,609.603271484375,606.325439453125,614.987365722656,3785332.41015625,386574.84375,1,1937,1
209.153973778548,209.153717041016,209.154174804688,609.603271484375,606.691589355469,614.330017089844,1672787.8515625,143611.765625,1,1938,1
351.214867590953,351.214630126953,351.215301513672,282.7587890625,278.403930664062,287.865417480469,6047716.34179688,596801.9375,1,1939,1
293.211580243004,293.211456298828,293.212127685547,282.7587890625,277.313140869141,287.865417480469,3170237.9921875,238881.28125,1,1940,1
364.16078457526,364.160369873047,364.161407470703,87.0589370727539,84.0449371337891,90.7484512329102,5031927.671875,593967,1,1941,1
385.090195922436,385.089019775391,385.090850830078,87.0589370727539,84.4071884155273,91.5970611572266,2520592.07128906,295048.3125,1,1942,1
370.119722245208,370.118194580078,370.120483398438,87.0589370727539,85.1338043212891,91.2270660400391,1290352.83984375,157808.46875,1,1943,1
490.229533596478,490.228851318359,490.231781005859,170.796615600586,165.804611206055,180.437255859375,3504009.87207031,593281.6875,1,1944,1
189.127758432016,189.127212524414,189.127822875977,170.796615600586,169.291091918945,174.244354248047,2043698.80664062,374208.375,1,1945,1
238.10785587107,238.107604980469,238.107925415039,170.796615600586,169.6669921875,173.167236328125,1520099.1953125,323437,1,1946,1
207.138380303727,207.138076782227,207.138671875,170.796615600586,166.671508789062,175.640975952148,1537411.72851562,169046.515625,1,1947,1
595.373258249972,595.372680664062,595.373962402344,536.836303710938,532.341186523438,541.326904296875,7559554.109375,593043.0625,1,1948,1
595.875001208177,595.873840332031,595.878173828125,536.836303710938,530.403564453125,540.851806640625,5368330.55566406,404552.78125,1,1949,1
596.376515059187,596.376159667969,596.377258300781,536.836303710938,532.709289550781,538.297302246094,1863710.0546875,178342.828125,1,1950,1
275.888967839744,275.888275146484,275.889282226562,739.436645507812,714.438232421875,762.677856445312,49493174.1171875,591068.625,1,1951,1
431.393418614142,431.393157958984,431.394378662109,469.981506347656,465.430389404297,476.387390136719,9661509.55273438,590125.125,1,1952,1
125.071410931777,125.071334838867,125.07145690918,284.573272705078,279.561920166016,292.256774902344,18794328.28125,589637.125,1,1953,1
239.149303633649,239.149124145508,239.149505615234,113.371459960938,108.926567077637,119.400581359863,7715469.859375,589448.1875,1,1954,1
441.153152248734,441.152130126953,441.154144287109,113.371459960938,112.289451599121,117.538581848145,1827940.6328125,336987.625,1,1955,1
256.175894618797,256.175659179688,256.175994873047,113.371459960938,111.926071166992,119.024696350098,2061840.95898438,206337.859375,1,1956,1
821.376120821277,821.374633789062,821.380737304688,227.502136230469,222.998504638672,228.593002319336,3564684.62792969,589140.375,1,1957,1
807.406924288026,807.404541015625,807.410339355469,227.502136230469,224.466262817383,230.477386474609,1755740.49462891,300265.0625,1,1958,1
629.202414798862,629.200622558594,629.203491210938,227.502136230469,222.623001098633,230.860885620117,1853096.17480469,196467.359375,1,1959,1
258.243349163508,258.2431640625,258.243469238281,428.233489990234,426.039733886719,433.250854492188,5075244.19921875,587251.0625,1,1960,1
365.064240574581,365.063293457031,365.065826416016,134.380096435547,130.251205444336,139.216842651367,3895577.30761719,582858.6875,1,1961,1
350.093409487717,350.092803955078,350.094146728516,134.380096435547,132.919967651367,139.945220947266,1637972.10351562,194045.671875,1,1962,1
337.144209789497,337.143859863281,337.145172119141,539.757934570312,537.203552246094,544.813171386719,4544359.01953125,582696.5625,1,1963,1
469.393673542626,469.392761230469,469.394287109375,539.757934570312,536.105651855469,544.813171386719,2168330.17578125,162403.484375,1,1964,1
128.951153048188,128.950973510742,128.95133972168,16.1072845458984,0.524400889873505,29.6095314025879,39015931.375,579999.9375,1,1965,1
226.180467193703,226.180282592773,226.180603027344,601.618469238281,597.20654296875,605.963195800781,5193440.640625,576877.375,1,1966,1
408.309298583565,408.309051513672,408.311218261719,601.618469238281,599.682434082031,606.325439453125,3569545.33203125,414558.25,1,1967,1
512.416910579961,512.415893554688,512.417236328125,529.734680175781,524.501647949219,534.538024902344,8850947.1015625,573873,1,1968,1
469.393752589968,469.393463134766,469.394073486328,529.734680175781,527.611145019531,534.903686523438,2721646.2890625,201722.703125,1,1969,1
513.420415589528,513.419616699219,513.420837402344,529.734680175781,527.243530273438,534.903686523438,2411123.6875,166777.265625,1,1970,1
244.227638326879,244.227478027344,244.22770690918,410.411346435547,407.375366210938,414.013977050781,4384702.35839844,573559.75,1,1971,1
518.325423058356,518.324462890625,518.325866699219,410.411346435547,408.100952148438,415.438110351562,3860835.25488281,547752.6875,1,1972,1
304.300412741558,304.300170898438,304.300537109375,410.411346435547,405.078735351562,417.011596679688,6305125.6875,263173.4375,1,1973,1
519.328891128435,519.328002929688,519.329528808594,410.411346435547,408.837097167969,414.013977050781,1053055.45507812,147873.796875,1,1974,1
573.360049420147,573.358154296875,573.361389160156,537.934997558594,531.608764648438,542.778930664062,7198446.02929688,571564.0625,1,1975,1
573.861884880129,573.861083984375,573.863098144531,537.934997558594,533.072509765625,543.143188476562,5133318.671875,356386,1,1976,1
328.139610030445,328.139373779297,328.139739990234,85.4961929321289,82.9561767578125,93.8197021484375,7459119.74609375,567087.6875,1,1977,1
181.086206936881,181.086151123047,181.08625793457,120.513458251953,119.400581359863,124.325325012207,3156393.671875,561404.3125,1,1978,1
300.202200844893,300.201995849609,300.202453613281,120.513458251953,116.424324035645,123.210083007812,4159481.421875,347049.125,1,1979,1
399.105968447178,399.105834960938,399.106567382812,120.513458251953,119.024696350098,122.469718933105,1414847.99414062,298444.96875,1,1980,1
282.155221680539,282.155059814453,282.155517578125,72.2960510253906,67.0958099365234,78.5739364624023,8246856.8046875,559902.8125,1,1981,1
521.829775620385,521.829345703125,521.830749511719,483.744384765625,477.807769775391,489.322387695312,5801970.27734375,554982.6875,1,1982,1
522.331078077197,522.329467773438,522.332580566406,483.744384765625,481.557006835938,487.493011474609,1475559.11621094,182833.625,1,1983,1
409.183728502969,409.182952880859,409.183929443359,645.232543945312,643.40869140625,650.563293457031,4705299.6015625,549912,1,1984,1
491.876370290386,491.876159667969,491.876586914062,645.232543945312,643.40869140625,647.759582519531,2816644.6953125,369149.53125,1,1985,1
428.374549968017,428.374450683594,428.374694824219,447.149841308594,443.323883056641,452.071472167969,10767918.46875,548621.5,1,1986,1
143.99699375773,143.996948242188,143.997039794922,739.073547363281,730.564636230469,739.798950195312,12899776.5,547363.5,1,1987,1
628.280830847166,628.277893066406,628.282531738281,315.0078125,309.760803222656,319.849426269531,4158442.40771484,546305.125,1,1988,1
629.28453945747,629.283325195312,629.285278320312,315.0078125,312.432678222656,316.943054199219,1386827.07617188,206662.234375,1,1989,1
612.257881760346,612.256652832031,612.259216308594,315.0078125,312.432678222656,318.028564453125,1147443.59277344,162435.75,1,1990,1
307.190895340613,307.189422607422,307.191040039062,365.765472412109,360.943572998047,368.327575683594,3876827.34277344,543285.625,1,1991,1
289.180324948572,289.179931640625,289.180480957031,365.765472412109,363.502716064453,368.694946289062,1973480.45117188,290933.0625,1,1992,1
367.150604527333,367.149932861328,367.151397705078,110.007705688477,105.51033782959,113.007331848145,5635846.8828125,540050.875,1,1993,1
158.117849551294,158.117584228516,158.118469238281,110.007705688477,96.2580642700195,122.097465515137,3225040.91259766,330759.75,1,1994,1
146.117772406223,146.117660522461,146.117935180664,110.007705688477,103.765586853027,113.738067626953,2168376.02099609,199080.453125,1,1995,1
148.034628318471,148.03450012207,148.034729003906,29.9651641845703,28.8800392150879,30.6666698455811,1636601.578125,536522.6875,1,1996,1
557.414572379409,557.411682128906,557.414855957031,640.5869140625,637.406799316406,644.868347167969,4633297.35644531,534322.0625,1,1997,1
557.916626073946,557.916259765625,557.917114257812,640.5869140625,637.773620605469,644.138549804688,2753538.87988281,376436.5625,1,1998,1
178.993019935922,178.992782592773,178.993118286133,38.9605445861816,34.594783782959,50.0354270935059,14599773.1953125,534286.875,1,1999,1
319.099938511437,319.099273681641,319.100799560547,35.644172668457,34.2391700744629,38.9605445861816,2986831.72851562,533362.4375,1,2000,1
321.962210137219,321.961822509766,321.962493896484,35.644172668457,34.9504165649414,38.9605445861816,2082427.48828125,399222.46875,1,2001,1
277.068822801189,277.068237304688,277.069488525391,35.644172668457,34.2391700744629,41.9542846679688,2506268.62792969,389120.625,1,2002,1
330.058998251739,330.058502197266,330.059661865234,35.644172668457,34.594783782959,41.5920486450195,1929621.59570312,270064,1,2003,1
288.11964090358,288.119049072266,288.120391845703,35.644172668457,34.594783782959,42.3165397644043,1247417.41015625,240811.453125,1,2004,1
211.069855737481,211.069320678711,211.070281982422,35.644172668457,34.594783782959,42.3165397644043,1876517.40429688,227875.125,1,2005,1
639.400276735179,639.39892578125,639.40087890625,533.804626464844,527.611145019531,537.203552246094,6606784.01953125,530475.125,1,2006,1
570.459377211826,570.458557128906,570.460876464844,560.573791503906,551.174560546875,572.006652832031,11297210.9179688,528020.8125,1,2007,1
339.164313951833,339.163513183594,339.165130615234,699.698120117188,697.963623046875,704.120971679688,3276122.09375,527894.625,1,2008,1
111.522527558783,111.522331237793,111.522727966309,699.698120117188,698.657348632812,710.729736328125,1750167.04003906,347780.21875,1,2009,1
280.263967288238,280.263702392578,280.264373779297,538.661560058594,537.203552246094,544.813171386719,3568133.00585938,525218.1875,1,2010,1
512.416838222964,512.416381835938,512.417358398438,538.661560058594,534.538024902344,543.873901367188,6090675.25,475590.15625,1,2011,1
193.142209937975,193.141998291016,193.143112182617,322.510559082031,319.849426269531,327.348449707031,4192235.41308594,524232.40625,1,2012,1
357.147497324841,357.147308349609,357.147918701172,546.6591796875,533.804626464844,556.690002441406,23944780.0703125,523021.75,1,2013,1
311.164695892246,311.164489746094,311.165008544922,469.320983886719,467.458740234375,475.172882080078,5753871.5859375,520510.625,1,2014,1
163.075683200805,163.075454711914,163.075927734375,469.320983886719,465.112030029297,475.172882080078,1675357.30566406,206365.0625,1,2015,1
497.290922041837,497.290374755859,497.291107177734,453.619750976562,451.701995849609,456.091613769531,3336067.4453125,518338.9375,1,2016,1
504.296708894817,504.294677734375,504.298858642578,272.378021240234,265.147766113281,276.369049072266,6194257.22460938,518028.75,1,2017,1
604.280804235073,604.278930664062,604.281982421875,272.378021240234,270.666046142578,276.047180175781,1493096.57226562,202133.1875,1,2018,1
403.362059876906,403.361938476562,403.362243652344,437.209228515625,434.660491943359,443.008880615234,8083179.484375,517885.75,1,2019,1
293.211608724765,293.210693359375,293.211822509766,302.391326904297,297.821166992188,307.781555175781,3895048.92626953,515635.46875,1,2020,1
617.387058071675,617.38525390625,617.3876953125,534.903686523438,529.734680175781,540.1220703125,7316878.27734375,514241.46875,1,2021,1
322.295770017087,322.29541015625,322.296173095703,507.231750488281,502.394012451172,512.691162109375,5420206.1171875,513550.0625,1,2022,1
305.269110183887,305.268676757812,305.269592285156,507.231750488281,502.394012451172,512.326293945312,3652635.46191406,346508.625,1,2023,1
570.276482476982,570.275573730469,570.280090332031,279.174072265625,275.058776855469,282.391540527344,4412139.87890625,509719.6875,1,2024,1
602.264970031829,602.262268066406,602.267700195312,279.174072265625,268.457794189453,288.96142578125,3764354.85742188,338879.0625,1,2025,1
567.22815778084,567.227233886719,567.228820800781,279.174072265625,277.004028320312,282.017547607422,2020935.68554688,271899.8125,1,2026,1
571.279945636654,571.27880859375,571.282958984375,279.174072265625,275.381286621094,284.208892822266,1440184.07617188,167911.90625,1,2027,1
229.144046629932,229.143905639648,229.144195556641,279.174072265625,275.381286621094,284.208892822266,1798033.36328125,129827.5390625,1,2028,1
140.951461254305,140.951370239258,140.951522827148,713.34912109375,704.120971679688,723.257507324219,16698096.703125,507472.59375,1,2029,1
126.972298717083,126.97208404541,126.972427368164,713.34912109375,703.032470703125,725.725646972656,9630392.1875,321906.8125,1,2030,1
143.039801549452,143.039672851562,143.040023803711,713.34912109375,704.84619140625,720.3271484375,5227503.22460938,187224.984375,1,2031,1
106.111196453763,106.111053466797,106.111747741699,28.8800392150879,28.163028717041,31.457405090332,2680884.828125,507085.4375,1,2032,1
159.96956416737,159.969253540039,159.969818115234,47.5007934570312,30.6666698455811,56.4011764526367,20743926.5078125,503414.40625,1,2033,1
263.143549995951,263.142791748047,263.143798828125,503.120513916016,497.9208984375,507.958160400391,4417926.81152344,501793.59375,1,2034,1
327.196314936248,327.195709228516,327.197509765625,503.120513916016,498.286010742188,506.503021240234,1430613.78125,179735.84375,1,2035,1
534.283685593962,534.282958984375,534.284912109375,358.319213867188,355.640686035156,360.499694824219,3279029.75292969,501411.375,1,2036,1
532.309594240656,532.308776855469,532.312316894531,358.319213867188,355.640686035156,359.051055908203,1423889.83691406,249078.34375,1,2037,1
592.269312283276,592.266967773438,592.270080566406,608.143676757812,605.491088867188,613.296508789062,4074623.28320312,500923.625,1,2038,1
595.283682606133,595.283081054688,595.284484863281,608.143676757812,605.491088867188,610.334594726562,2242072.6484375,336176.4375,1,2039,1
615.260008025378,615.25830078125,615.261779785156,608.143676757812,606.325439453125,612.988342285156,2583974.07421875,317581.46875,1,2040,1
425.215228729951,425.214691162109,425.215942382812,537.203552246094,535.634887695312,542.052429199219,3569596.14453125,500565.875,1,2041,1
403.233190768742,403.232635498047,403.233612060547,537.203552246094,535.634887695312,541.326904296875,1970845.60351562,267848.6875,1,2042,1
535.268029256599,535.266052246094,535.268310546875,378.104949951172,375.78759765625,383.227966308594,4449823.75683594,500463.6875,1,2043,1
329.005855312982,329.005737304688,329.005950927734,378.104949951172,373.974945068359,384.598571777344,9477974.875,466523.8125,1,2044,1
495.275363553982,495.275115966797,495.277038574219,378.104949951172,376.196563720703,380.356079101562,1903567.95898438,316645.84375,1,2045,1
613.207692069424,613.206970214844,613.210083007812,263.3115234375,260.326293945312,270.666046142578,6210713.00878906,493610.59375,1,2046,1
211.169612144573,211.16911315918,211.170028686523,263.3115234375,248.342010498047,275.058776855469,2545243.38085938,190241.796875,1,2047,1
614.210987296381,614.209411621094,614.21484375,263.3115234375,259.616149902344,270.288146972656,1953106.48828125,155416.5,1,2048,1
816.4400314826,816.439392089844,816.440307617188,268.837280273438,267.073760986328,271.048400878906,3084427.30273438,493599.0625,1,2049,1
357.236513283211,357.236358642578,357.237060546875,196.439651489258,194.933502197266,200.264007568359,2902200.99414062,491772.09375,1,2050,1
251.185905962418,251.185745239258,251.186096191406,196.439651489258,191.012268066406,203.225128173828,5952647.96484375,350661.28125,1,2051,1
314.144909155436,314.142639160156,314.146667480469,35.2972946166992,34.2391700744629,62.6909332275391,3299214.06494141,490003.03125,1,2052,1
100.076360487891,100.076324462891,100.076385498047,89.6356887817383,85.1338043212891,94.8194580078125,8987271.390625,486478.90625,1,2053,1
327.008851427498,327.0087890625,327.008941650391,378.474212646484,373.974945068359,384.226593017578,9604254.65625,485653.71875,1,2054,1
536.271401816769,536.270751953125,536.272094726562,378.474212646484,376.512847900391,383.227966308594,1446234.13671875,169005.984375,1,2055,1
327.00835888442,327.006683349609,327.008819580078,33.1984176635742,31.457405090332,40.758544921875,10645443.3125,482886.03125,1,2056,1
409.163090441619,409.162353515625,409.163330078125,385.436096191406,381.057220458984,388.901458740234,3947683.5234375,481722.78125,1,2057,1
425.136965960712,425.136077880859,425.137359619141,385.436096191406,382.484710693359,388.901458740234,3551991.58789062,407349.46875,1,2058,1
267.123253884852,267.123016357422,267.12353515625,385.436096191406,383.540344238281,389.947723388672,2012704.90820312,233508.34375,1,2059,1
504.296669987631,504.29541015625,504.297027587891,342.329467773438,340.063201904297,345.293823242188,3184231.5390625,481690.40625,1,2060,1
353.139122549504,353.138061523438,353.139282226562,509.644287109375,506.867279052734,515.135009765625,4195333.76269531,480531.71875,1,2061,1
254.248285412667,254.247817993164,254.248504638672,519.735778808594,517.291137695312,523.88720703125,3047181.53027344,478676.28125,1,2062,1
458.348765162326,458.348388671875,458.350311279297,519.735778808594,514.836120605469,525.162902832031,3771607.72070312,286523.96875,1,2063,1
414.322346560027,414.322021484375,414.322662353516,519.735778808594,516.262634277344,525.526123046875,3692849.33398438,275791.0625,1,2064,1
370.296296180078,370.295959472656,370.297241210938,519.735778808594,517.291137695312,525.162902832031,3294599.15234375,232503.15625,1,2065,1
293.211567800159,293.211242675781,293.211669921875,449.461151123047,447.149841308594,458.107238769531,7015879.7890625,477890.5625,1,2066,1
275.201147174235,275.200561523438,275.201477050781,449.461151123047,446.478118896484,457.05712890625,2192185.78027344,153007.765625,1,2067,1
315.193980784578,315.193725585938,315.194396972656,449.461151123047,448.143005371094,453.25537109375,1353615.34765625,150187.828125,1,2068,1
609.272689709861,609.271789550781,609.274963378906,595.640197753906,593.522705078125,600.410034179688,2989541.66601562,476337.84375,1,2069,1
610.276009775627,610.275512695312,610.2763671875,595.640197753906,594.251220703125,597.20654296875,991467.515625,183929.546875,1,2070,1
435.254111339097,435.252319335938,435.254943847656,345.658203125,342.329467773438,350.993957519531,3821208.265625,474517.375,1,2071,1
436.257229328026,436.255432128906,436.257690429688,345.658203125,342.329467773438,349.801330566406,1154132.59619141,143532.265625,1,2072,1
229.155024457904,229.154861450195,229.155364990234,56.0368003845215,52.3109169006348,61.6108016967773,4609927.75195312,473926.40625,1,2073,1
300.105888883198,300.105438232422,300.107360839844,56.0368003845215,51.9553031921387,59.6770515441895,2094458.17285156,266894.875,1,2074,1
284.295239966931,284.295104980469,284.295623779297,635.838012695312,634.117065429688,641.71875,4329538.6484375,472378.71875,1,2075,1
623.454939339432,623.451965332031,623.456848144531,635.838012695312,634.117065429688,641.059326171875,1412468.25341797,204368.640625,1,2076,1
146.06042989942,146.060333251953,146.060485839844,213.734878540039,212.291641235352,218.655517578125,2935386.24511719,471092,1,2077,1
445.289434651449,445.289184570312,445.290313720703,213.734878540039,212.291641235352,218.655517578125,1482394.55566406,239037.640625,1,2078,1
469.361811422595,469.360656738281,469.363342285156,647.46337890625,642.752075195312,652.243957519531,4654277.12011719,471079.34375,1,2079,1
608.387172138102,608.385864257812,608.389343261719,185.733367919922,183.029632568359,189.583389282227,2681126.17626953,468735.15625,1,2080,1
348.23871315564,348.238403320312,348.2392578125,185.733367919922,181.319366455078,190.540603637695,2867145.69140625,340791.75,1,2081,1
379.325590776601,379.325347900391,379.327209472656,483.381134033203,479.264251708984,488.586761474609,5342214.06298828,468569.5625,1,2082,1
544.344781008565,544.343627929688,544.346984863281,483.381134033203,478.539764404297,488.224639892578,2355043.81445312,241814.71875,1,2083,1
327.008358457197,327.007507324219,327.009002685547,716.33642578125,693.404663085938,743.474975585938,49332746.0405273,468430.96875,1,2084,1
105.954245189733,105.954193115234,105.954299926758,708.916625976562,703.757446289062,717.424377441406,11114291.6875,464172.625,1,2085,1
609.883753994359,609.88134765625,609.884216308594,479.993377685547,474.203002929688,484.838500976562,4976186.671875,463238.46875,1,2086,1
610.385422512134,610.383911132812,610.385925292969,479.993377685547,477.434631347656,482.651245117188,1536659.9296875,186164.203125,1,2087,1
611.254236052391,611.252075195312,611.255126953125,314.637786865234,310.125427246094,319.487182617188,3637425.9453125,460241.96875,1,2088,1
631.395289391942,631.393188476562,631.397521972656,479.264251708984,473.906005859375,483.744384765625,5016922.96484375,458825.8125,1,2089,1
314.092269998664,314.092163085938,314.092926025391,60.7685775756836,57.8522987365723,66.7278060913086,5191572.69140625,456763.5,1,2090,1
379.24971651015,379.249053955078,379.250671386719,201.129867553711,198.080764770508,213.03776550293,2856969.15185547,456608.8125,1,2091,1
335.161009318065,335.160858154297,335.161499023438,201.129867553711,200.264007568359,202.603866577148,1016081.390625,234637.46875,1,2092,1
129.07025693262,129.070190429688,129.070327758789,493.794250488281,489.322387695312,497.556518554688,5122205.7890625,453139.59375,1,2093,1
374.233473508504,374.233337402344,374.233795166016,493.794250488281,492.338653564453,496.098999023438,2533642.6640625,404077.3125,1,2094,1
325.180461885058,325.179931640625,325.180755615234,493.794250488281,490.049896240234,498.286010742188,1617463.45068359,179526.890625,1,2095,1
329.005348599289,329.005157470703,329.006195068359,734.681884765625,693.789123535156,740.163146972656,43176253.4257812,451842.34375,1,2096,1
411.199910685471,411.199279785156,411.201049804688,168.544738769531,165.804611206055,175.640975952148,3145561.49023438,450950.65625,1,2097,1
336.193552593447,336.193084716797,336.194366455078,168.544738769531,163.634735107422,173.859741210938,4244924.09960938,410896.71875,1,2098,1
389.217789889589,389.217529296875,389.218322753906,168.544738769531,165.038864135742,170.419235229492,2120781.55322266,363984.65625,1,2099,1
496.421433768189,496.420715332031,496.423553466797,593.522705078125,579.613464355469,611.532043457031,15512249.5087891,450800.25,1,2100,1
478.265396160379,478.264556884766,478.266052246094,401.050476074219,396.893981933594,405.078735351562,5105756.75,449907.75,1,2101,1
494.239467240368,494.238037109375,494.240234375,401.050476074219,398.014953613281,403.983337402344,2066156.13671875,196812.359375,1,2102,1
374.145288558192,374.145141601562,374.146148681641,143.019622802734,141.887969970703,147.653594970703,2511628.296875,445107.21875,1,2103,1
183.078571611265,183.078140258789,183.078689575195,227.86637878418,223.367141723633,233.383392333984,5474451.17382812,443525.09375,1,2104,1
220.133698256087,220.132598876953,220.1337890625,318.756195068359,316.943054199219,323.237182617188,2869808.23730469,437744.8125,1,2105,1
176.092106890279,176.091857910156,176.092239379883,52.6731758117676,50.0354270935059,58.5838012695312,3743344.484375,437657.625,1,2106,1
146.081454600064,146.081314086914,146.081726074219,25.5312976837158,0.524400889873505,30.6666698455811,31287031.40625,435753.5,1,2107,1
212.16477319145,212.164459228516,212.165054321289,263.3115234375,258.903289794922,268.193023681641,2632817.39111328,434894.125,1,2108,1
230.175430096901,230.175094604492,230.175979614258,263.3115234375,258.903289794922,268.193023681641,1785065.64746094,254822.453125,1,2109,1
287.110577904747,287.110412597656,287.110748291016,71.5689392089844,66.3645553588867,79.9276962280273,8040528.29101562,434666.03125,1,2110,1
435.254306750494,435.25390625,435.255706787109,243.304885864258,241.429794311523,250.76188659668,4896451.09277344,427795.6875,1,2111,1
533.22183153106,533.220825195312,533.222290039062,243.304885864258,240.638381958008,249.655639648438,3363896.26855469,384982.625,1,2112,1
295.227273648791,295.226287841797,295.227416992188,475.908874511719,471.711639404297,478.902008056641,3685742.15625,427604.5,1,2113,1
317.209498825893,317.209381103516,317.209869384766,475.908874511719,473.536376953125,477.807769775391,1091035.57910156,158520.609375,1,2114,1
602.265216075155,602.263732910156,602.267578125,232.69026184082,221.036376953125,243.304885864258,9467567.0625,427576.40625,1,2115,1
537.304779018874,537.303466796875,537.305480957031,446.478118896484,444.322631835938,450.195251464844,2884210.55078125,427514.03125,1,2116,1
399.251421471741,399.251129150391,399.251739501953,552.15283203125,543.873901367188,560.206176757812,17306794.8125,425147.65625,1,2117,1
218.211942910227,218.211761474609,218.212295532227,211.559875488281,206.693267822266,217.276748657227,4820363.7421875,424150.03125,1,2118,1
620.366706208654,620.365661621094,620.368225097656,427.484100341797,423.398590087891,432.160095214844,2851713.67773438,423009.96875,1,2119,1
582.241162556082,582.240051269531,582.242309570312,135.836959838867,131.088958740234,137.76383972168,3651287.14257812,422609.28125,1,2120,1
551.346504916011,551.343933105469,551.347290039062,539.393676757812,533.439392089844,544.238159179688,6166440.53466797,422064.59375,1,2121,1
551.848158593966,551.847778320312,551.848693847656,539.393676757812,535.2705078125,544.238159179688,4148857.61328125,290275.84375,1,2122,1
668.349591710465,668.349365234375,668.352478027344,585.362915039062,583.5224609375,587.939270019531,2371681.24121094,421792.625,1,2123,1
669.353228293342,669.352966308594,669.353515625,585.362915039062,583.89892578125,586.196044921875,791970.50390625,170605.546875,1,2124,1
184.133651816086,184.133453369141,184.133865356445,78.2724304199219,72.6583023071289,84.4071884155273,6403141.02148438,418272.71875,1,2125,1
442.229300586405,442.228698730469,442.230590820312,159.058090209961,154.823471069336,161.037734985352,2442040.62988281,417989.09375,1,2126,1
446.260654253172,446.260314941406,446.262237548828,159.058090209961,156.425231933594,164.33723449707,1669220.50634766,237642.796875,1,2127,1
425.136676788974,425.135620117188,425.138061523438,405.441101074219,402.149353027344,409.205718994141,2558128.61083984,417339.375,1,2128,1
579.363161638305,579.360107421875,579.364868164062,405.441101074219,396.893981933594,410.411346435547,1909278.38134766,191408.421875,1,2129,1
267.123113250337,267.122436523438,267.123413085938,405.441101074219,403.612457275391,406.646850585938,1066177.96875,183370.78125,1,2130,1
105.034048530426,105.03377532959,105.034225463867,405.441101074219,400.212707519531,411.578979492188,1481298.04638672,140635.71875,1,2131,1
575.230684289978,575.229553222656,575.231323242188,319.118408203125,314.637786865234,324.326324462891,3503902.75585938,416959.53125,1,2132,1
363.126245391735,363.125640869141,363.128112792969,319.118408203125,317.309661865234,324.326324462891,1776866.89550781,230072.78125,1,2133,1
527.245734450099,527.243530273438,527.24658203125,319.118408203125,317.671905517578,321.414794921875,917915.033203125,160432.71875,1,2134,1
491.309955026633,491.309173583984,491.311920166016,405.805358886719,401.418609619141,411.267486572266,3153501.9140625,416742.34375,1,2135,1
513.323384793001,513.323181152344,513.324462890625,405.805358886719,402.149353027344,408.100952148438,2774718.54296875,395609.9375,1,2136,1
295.169705028111,295.169128417969,295.169952392578,405.805358886719,403.983337402344,411.578979492188,2728171.67578125,369605.75,1,2137,1
535.336203104103,535.335266113281,535.337097167969,405.805358886719,402.512725830078,408.469085693359,2512465.09179688,353973.40625,1,2138,1
131.085910510195,131.085784912109,131.086059570312,405.805358886719,401.418609619141,410.411346435547,2291063.47558594,269111.46875,1,2139,1
513.824910296669,513.823608398438,513.826477050781,405.805358886719,402.512725830078,410.783233642578,1611744.15039062,235508.03125,1,2140,1
281.153932126669,281.153686523438,281.154266357422,405.805358886719,403.245452880859,411.267486572266,1985839.7265625,222554.546875,1,2141,1
351.136501370327,351.135925292969,351.137359619141,405.805358886719,403.612457275391,411.578979492188,1545283.32128906,206476.5625,1,2142,1
491.811588331982,491.810180664062,491.812347412109,405.805358886719,401.783081054688,409.657958984375,1603861.7109375,186446.453125,1,2143,1
557.851627910617,557.850952148438,557.854675292969,405.805358886719,398.389221191406,408.837097167969,1597036.60546875,181935.375,1,2144,1
327.008578348765,327.007629394531,327.008728027344,25.5312976837158,2.47877883911133,29.9651641845703,28456947.53125,415486.875,1,2145,1
399.251312040684,399.251007080078,399.251586914062,610.334594726562,603.437927246094,617.561462402344,12148803.25,409742.96875,1,2146,1
244.191133714526,244.19075012207,244.191207885742,610.334594726562,606.691589355469,615.280944824219,3897144.7265625,384494.84375,1,2147,1
140.068397924536,140.068313598633,140.068450927734,610.334594726562,606.691589355469,616.116821289062,3415169.4921875,219830.65625,1,2148,1
139.050435379587,139.050384521484,139.050537109375,752.926147460938,715.165405273438,767.668273925781,36766785.484375,408065.53125,1,2149,1
195.08793003536,195.087860107422,195.087997436523,752.926147460938,746.855163574219,768.030517578125,14159273.375,279486.90625,1,2150,1
152.047470019524,152.047424316406,152.047515869141,752.926147460938,745.298767089844,767.668273925781,13569222.71875,252805.234375,1,2151,1
129.070280973663,129.070251464844,129.0703125,513.799621582031,507.594879150391,517.908935546875,8369993.890625,406367.84375,1,2152,1
556.443639514746,556.443176269531,556.444885253906,528.269165039062,523.88720703125,533.439392089844,6176429.03515625,402405.625,1,2153,1
575.275791469183,575.274780273438,575.276062011719,151.468978881836,150.228240966797,156.805114746094,2806344.40625,400460.65625,1,2154,1
235.169272143515,235.167892456055,235.170059204102,329.944061279297,325.781433105469,337.129455566406,4893758.05859375,400396.375,1,2155,1
617.888791854448,617.886535644531,617.889892578125,535.634887695312,528.9990234375,540.1220703125,5560186.37695312,400150.09375,1,2156,1
409.162776565978,409.161895751953,409.162994384766,405.078735351562,402.512725830078,407.375366210938,2408212.02001953,399831.125,1,2157,1
557.350089179173,557.3486328125,557.35205078125,405.078735351562,402.149353027344,410.411346435547,2126266.03515625,294129.09375,1,2158,1
387.180481683792,387.179077148438,387.181091308594,405.078735351562,403.245452880859,408.469085693359,961692.649414062,132867.078125,1,2159,1
136.076065690546,136.075988769531,136.076171875,158.317489624023,153.720748901367,160.553863525391,2481483.81054688,399479.4375,1,2160,1
359.170658097544,359.169921875,359.171264648438,158.317489624023,154.090713500977,161.037734985352,1122560.61523438,158787.5625,1,2161,1
197.117627902575,197.117141723633,197.117721557617,158.317489624023,156.805114746094,161.421997070312,1003666.61328125,150030.609375,1,2162,1
738.61104860566,738.609985351562,738.611572265625,661.502563476562,657.099365234375,669.815795898438,8131786.91210938,398155.75,1,2163,1
739.614458097634,739.61279296875,739.615661621094,661.502563476562,658.505310058594,668.139587402344,3313197.27734375,189472.234375,1,2164,1
131.974473829147,131.974349975586,131.974594116211,713.711364746094,700.410339355469,733.514770507812,23158551.75,398027.3125,1,2165,1
309.227736295329,309.226959228516,309.228454589844,232.300643920898,226.763259887695,238.019393920898,6100656.6953125,397832.40625,1,2166,1
216.159970743841,216.159591674805,216.160217285156,232.300643920898,228.228744506836,235.673400878906,1213715.32910156,128948.4765625,1,2167,1
167.154587310943,167.154479980469,167.154632568359,1.75415086746216,0.524400889873505,9.43239498138428,6257993.9453125,397788.59375,1,2168,1
100.112710935218,100.112655639648,100.112762451172,1.75415086746216,0.524400889873505,8.46551990509033,1958009.4921875,125803.484375,1,2169,1
640.319925864048,640.31689453125,640.321166992188,307.781555175781,306.718322753906,312.065063476562,1939345.08886719,397575.125,1,2170,1
437.269145439496,437.268218994141,437.271453857422,307.781555175781,306.336791992188,312.065063476562,1776584.46679688,291803.3125,1,2171,1
485.290855577808,485.28955078125,485.291778564453,343.070953369141,339.696807861328,347.582580566406,2559323.48681641,395624.75,1,2172,1
525.283701209575,525.283447265625,525.284484863281,343.070953369141,341.584442138672,344.556457519531,1842841.7890625,334009.5,1,2173,1
541.25755243413,541.255310058594,541.258605957031,343.070953369141,341.213195800781,345.293823242188,895869.217773438,138798.609375,1,2174,1
115.087031975397,115.08683013916,115.08740234375,698.310485839844,692.395751953125,702.307861328125,4924991.83691406,395143.78125,1,2175,1
470.29130216585,470.291015625,470.292266845703,402.512725830078,398.755584716797,405.078735351562,4239190.76757812,395010.65625,1,2176,1
121.039983296888,121.039909362793,121.040084838867,752.554626464844,744.199523925781,764.718017578125,16264336.4375,394498.9375,1,2177,1
139.963460534505,139.963363647461,139.963653564453,708.553405761719,700.410339355469,723.257507324219,15480985.1367188,393513.84375,1,2178,1
399.251361125525,399.251220703125,399.251556396484,582.532958984375,571.633178710938,584.26220703125,11780223.15625,393439.09375,1,2179,1
401.263036937058,401.262451171875,401.26318359375,205.736755371094,204.175247192383,208.531875610352,2449832.84375,392646.09375,1,2180,1
206.045200393951,206.04508972168,206.045349121094,97.3638229370117,95.1924362182617,102.27294921875,2866234.17382812,391881.75,1,2181,1
172.115714042493,172.115325927734,172.115905761719,616.833984375,613.967712402344,623.726806640625,3758358.30664062,391761,1,2182,1
789.405332074964,789.403686523438,789.405822753906,312.432678222656,310.491424560547,314.637786865234,2452134.66601562,390567.875,1,2183,1
190.987767548234,190.987503051758,190.987899780273,44.4921607971191,39.6707878112793,51.9553031921387,8876379.40625,390336.28125,1,2184,1
162.992922926001,162.992782592773,162.99299621582,44.4921607971191,38.9605445861816,53.3995513916016,8446240.3828125,356143.96875,1,2185,1
233.946175560281,233.945953369141,233.94645690918,44.4921607971191,38.2349166870117,54.1241683959961,6166563.4765625,226664.15625,1,2186,1
339.141953915964,339.141448974609,339.14208984375,157.571365356445,156.045486450195,159.431610107422,2198144.7109375,389907.59375,1,2187,1
355.116601193197,355.116394042969,355.117401123047,157.571365356445,156.425231933594,159.058090209961,866710.640625,160715.71875,1,2188,1
324.290274263058,324.289306640625,324.290344238281,517.291137695312,515.135009765625,520.098999023438,2675992.62890625,387253.03125,1,2189,1
609.272955047019,609.271850585938,609.274047851562,583.150085449219,581.190185546875,588.304565429688,2551601.97167969,385549.9375,1,2190,1
519.27294792066,519.271850585938,519.2734375,432.886596679688,431.432220458984,435.289245605469,2464263.484375,384495.65625,1,2191,1
535.247010489417,535.246459960938,535.247619628906,432.886596679688,431.796844482422,435.667388916016,1328431.93701172,218682.578125,1,2192,1
559.193466119222,559.192749023438,559.194152832031,110.007705688477,108.926567077637,111.208076477051,1523291.80078125,383571.90625,1,2193,1
449.040841412251,449.039916992188,449.041778564453,110.007705688477,108.926567077637,115.569580078125,1231516.68896484,189310.84375,1,2194,1
355.225201466304,355.224945068359,355.225891113281,473.173858642578,470.982116699219,475.540740966797,2744955.3984375,381252.34375,1,2195,1
352.306410663747,352.305725097656,352.307098388672,473.173858642578,467.078369140625,478.902008056641,2683306.74072266,297525.09375,1,2196,1
397.199509856499,397.199340820312,397.200225830078,473.173858642578,470.982116699219,476.387390136719,1785243.47167969,234585.671875,1,2197,1
231.084410843121,231.084014892578,231.08544921875,50.3976745605469,48.9465446472168,54.8496780395508,2134906.20214844,380675.75,1,2198,1
329.084500000079,329.083923339844,329.085113525391,50.3976745605469,48.5920524597168,55.2120513916016,1754538.49804688,215873.046875,1,2199,1
177.164253435986,177.163879394531,177.164291381836,329.573059082031,326.981170654297,334.833557128906,2715105.76953125,379094.1875,1,2200,1
195.174859353706,195.17463684082,195.17512512207,329.573059082031,327.348449707031,334.104797363281,1634979.73242188,230757.09375,1,2201,1
332.134551802323,332.133880615234,332.135314941406,104.453598022461,101.528312683105,109.28882598877,2453558.515625,379070.5625,1,2202,1
513.889650807873,513.889099121094,513.890014648438,643.774108886719,640.5869140625,648.4326171875,3548625.51660156,378559.1875,1,2203,1
360.129556653528,360.129241943359,360.130706787109,130.61784362793,129.532333374023,134.744338989258,1995197.09765625,378115.84375,1,2204,1
584.254646144018,584.25244140625,584.255920410156,304.727569580078,301.642303466797,309.035186767578,3087516.97851562,377477.1875,1,2205,1
220.118376988642,220.118240356445,220.118530273438,96.6285781860352,94.8194580078125,98.8349533081055,2340057.99609375,376946.4375,1,2206,1
593.298939580593,593.296142578125,593.29931640625,221.795761108398,220.553634643555,226.03938293457,2166894.50195312,376723.90625,1,2207,1
428.374552685518,428.374359130859,428.374816894531,455.085510253906,452.071472167969,461.468231201172,7475361.828125,374192.34375,1,2208,1
221.1541097414,221.153839111328,221.154174804688,455.085510253906,452.515502929688,458.835235595703,2644496.96875,310528.03125,1,2209,1
211.169773120998,211.169616699219,211.17008972168,239.577026367188,235.673400878906,244.764389038086,2804923.57080078,372980.34375,1,2210,1
639.901872289283,639.899963378906,639.903381347656,531.974182128906,527.611145019531,538.661560058594,5076960.84570312,372427.09375,1,2211,1
579.428119091474,579.427307128906,579.429321289062,638.871215820312,637.040222167969,643.774108886719,3325078.0859375,372362.125,1,2212,1
252.157303978728,252.156646728516,252.157867431641,262.935882568359,262.181671142578,273.135772705078,1858846.13232422,371718.53125,1,2213,1
682.382211683598,682.381713867188,682.38525390625,262.935882568359,261.197662353516,264.777404785156,1275548.12792969,212546.953125,1,2214,1
204.957210284655,204.956756591797,204.957778930664,27.0906639099121,22.684289932251,30.3197917938232,2707462.95019531,370493.34375,1,2215,1
169.977535272183,169.977447509766,169.977630615234,706.379760742188,700.046997070312,715.974243164062,9757662.6953125,370309.21875,1,2216,1
282.910911335275,282.910491943359,282.911407470703,706.379760742188,702.670288085938,712.986694335938,3036996.625,218599.09375,1,2217,1
335.223239078257,335.222686767578,335.223327636719,191.388366699219,189.965240478516,194.67887878418,2082016.80273438,369643.5625,1,2218,1
409.184351484792,409.183349609375,409.185119628906,191.388366699219,186.981735229492,194.28987121582,1668015.85546875,286925.5625,1,2219,1
652.414578263044,652.413146972656,652.417175292969,191.388366699219,189.965240478516,196.059005737305,1360566.56933594,252534.125,1,2220,1
357.189115488191,357.188751220703,357.189422607422,238.463012695312,236.900772094727,243.304885864258,2616218.6484375,369184.21875,1,2221,1
186.149278402102,186.149230957031,186.14990234375,116.053588867188,112.289451599121,119.400581359863,2403267.90966797,368321.5,1,2222,1
409.199299522895,409.198944091797,409.200225830078,492.704376220703,490.777374267578,497.193267822266,2548381.6171875,368054.78125,1,2223,1
330.26446106314,330.264190673828,330.265167236328,492.704376220703,486.401519775391,498.286010742188,2680230.5546875,144236.453125,1,2224,1
123.964722374675,123.964561462402,123.964782714844,708.191101074219,700.773620605469,717.78759765625,9976707.7109375,366938.28125,1,2225,1
152.047460917682,152.047241210938,152.047653198242,699.00439453125,695.724487304688,712.623474121094,8062630.94921875,365694.5,1,2226,1
431.142103180359,431.141937255859,431.142578125,452.515502929688,447.828643798828,455.085510253906,3888125.8203125,365521.65625,1,2227,1
117.070474087626,117.070434570312,117.070526123047,452.515502929688,447.149841308594,457.370513916016,3969834.984375,284193.09375,1,2228,1
145.065125634391,145.064865112305,145.065460205078,452.515502929688,446.112976074219,456.741363525391,1466761.89160156,133083.875,1,2229,1
100.076295481783,100.076225280762,100.076370239258,701.244140625,696.601623535156,706.017333984375,5816402.421875,365013.25,1,2230,1
525.225963606911,525.224365234375,525.2275390625,283.480407714844,278.403930664062,287.554016113281,2393105.22265625,364223.8125,1,2231,1
486.285986275051,486.284240722656,486.288116455078,283.480407714844,276.047180175781,289.945922851562,2177455.04296875,303281.03125,1,2232,1
263.143177060625,263.142700195312,263.144378662109,283.480407714844,279.174072265625,284.573272705078,1197821.48681641,199118.15625,1,2233,1
520.340970629657,520.338439941406,520.341247558594,439.071014404297,436.519104003906,442.383270263672,2755372.25195312,362329.53125,1,2234,1
499.816592991112,499.815673828125,499.817443847656,484.838500976562,479.264251708984,490.414154052734,4196140.31835938,361747.90625,1,2235,1
211.169697262686,211.169296264648,211.169998168945,209.26887512207,204.175247192383,215.134506225586,2244264.07861328,361123.75,1,2236,1
395.204951433697,395.204467773438,395.206085205078,209.26887512207,206.378005981445,213.41552734375,1971843.85449219,328211.5625,1,2237,1
406.171605892295,406.170867919922,406.173309326172,133.289215087891,131.454345703125,136.30859375,2032310.99267578,360747.625,1,2238,1
323.196748214066,323.196533203125,323.197021484375,552.515197753906,551.482055664062,553.622924804688,1367739,359267.65625,1,2239,1
391.184045442398,391.183746337891,391.184967041016,552.515197753906,551.174560546875,555.853942871094,1337390.93847656,200100.25,1,2240,1
506.312338724367,506.311859130859,506.312927246094,264.408416748047,262.56103515625,271.426422119141,4648655.3359375,358694.71875,1,2241,1
336.311239372455,336.310943603516,336.311767578125,531.608764648438,526.509155273438,536.470764160156,5128319.55761719,357908.65625,1,2242,1
425.36742148965,425.36572265625,425.368865966797,531.608764648438,526.509155273438,536.105651855469,3001273.63867188,212467.375,1,2243,1
640.403518747393,640.402160644531,640.4052734375,531.608764648438,530.034545898438,538.661560058594,2036849.58203125,164914.90625,1,2244,1
544.43668758305,544.435302734375,544.437133789062,651.324584960938,648.799072265625,658.505310058594,5281619.61328125,357581,1,2245,1
545.440306231989,545.437377929688,545.440856933594,651.324584960938,648.799072265625,657.410583496094,1937642.77539062,137480.421875,1,2246,1
119.089941787289,119.089904785156,119.089996337891,745.298767089844,739.436645507812,748.669738769531,8143970.40625,355545.84375,1,2247,1
436.182189499485,436.182098388672,436.182434082031,143.768981933594,142.641082763672,145.283111572266,1632445.9296875,354312.375,1,2248,1
666.554281607853,666.552917480469,666.555114746094,507.958160400391,499.010772705078,519.735778808594,12093211.5976562,353753.0625,1,2249,1
667.557589876996,667.556457519531,667.559448242188,507.958160400391,502.757263183594,516.92626953125,3948890.9765625,141734.734375,1,2250,1
271.916699843179,271.916229248047,271.917541503906,699.698120117188,699.00439453125,726.195129394531,14650902.5,352927.1875,1,2251,1
404.24393450264,404.243469238281,404.245025634766,497.9208984375,490.414154052734,504.212280273438,5486956.28515625,352866.28125,1,2252,1
420.187179909702,420.185913085938,420.187896728516,147.653594970703,140.314224243164,151.095977783203,3442972.65771484,350371.53125,1,2253,1
138.995507261359,138.995407104492,138.995590209961,706.017333984375,700.046997070312,718.15087890625,10153146.2695312,349964.46875,1,2254,1
147.044271239185,147.044174194336,147.044448852539,128.802337646484,126.602210998535,134.015716552734,3822000.58984375,349090.09375,1,2255,1
135.044304523611,135.043899536133,135.044464111328,110.734199523926,105.990707397461,115.569580078125,2311714.71679688,347198.875,1,2256,1
391.042886688395,391.042297363281,391.043731689453,110.734199523926,108.926567077637,114.101943969727,1520220.81005859,317909.28125,1,2257,1
289.126143954003,289.125823974609,289.126892089844,110.734199523926,106.360694885254,113.371459960938,1206392.64746094,143508.515625,1,2258,1
119.089940119566,119.089897155762,119.089996337891,734.681884765625,728.010681152344,739.436645507812,9898318.4375,346181.28125,1,2259,1
471.275122625211,471.273681640625,471.275695800781,256.469543457031,254.529418945312,261.528778076172,2561786.05859375,345553.65625,1,2260,1
366.322163454484,366.321899414062,366.322387695312,507.958160400391,504.937774658203,513.427917480469,3749303.40234375,344315.21875,1,2261,1
540.448054846462,540.44677734375,540.450134277344,592.064147949219,579.313659667969,610.334594726562,11611734.9013672,344122.9375,1,2262,1
453.264525139597,453.263671875,453.266021728516,243.304885864258,240.638381958008,246.195404052734,2543146.97265625,341994.1875,1,2263,1
569.240108835645,569.239379882812,569.241333007812,243.304885864258,241.801773071289,244.764389038086,1266999.25,193071.84375,1,2264,1
119.089949796749,119.089912414551,119.089988708496,752.926147460938,748.669738769531,756.73974609375,7203267.4375,340955.875,1,2265,1
128.019660518607,128.019592285156,128.019714355469,17.1405353546143,0.524400889873505,20.5071697235107,17912358.90625,340890.0625,1,2266,1
302.233240139617,302.233062744141,302.233459472656,433.614471435547,426.358245849609,438.113098144531,7025385,340378.25,1,2267,1
307.188590938885,307.188201904297,307.189056396484,433.614471435547,419.568115234375,438.113098144531,7798702.7890625,225356.8125,1,2268,1
436.327396676651,436.325775146484,436.328033447266,543.509643554688,540.851806640625,548.290771484375,3187165.62695312,339803.34375,1,2269,1
569.243716148996,569.24267578125,569.246704101562,211.922119140625,210.361129760742,216.083877563477,2201660.51464844,339065.46875,1,2270,1
320.170956768256,320.170440673828,320.171173095703,100.682075500488,96.2580642700195,103.392074584961,2444750.91015625,338713.8125,1,2271,1
311.126807770635,311.126586914062,311.127410888672,482.651245117188,475.908874511719,488.949127197266,6344617.55859375,338026.3125,1,2272,1
397.11115336393,397.109893798828,397.112091064453,108.564193725586,105.199714660645,111.562705993652,1682815.91699219,337588.3125,1,2273,1
339.1079429281,339.107452392578,339.108215332031,236.531646728516,229.717895507812,241.429794311523,4269125.46875,337574.28125,1,2274,1
455.279626093808,455.277465820312,455.280426025391,418.103088378906,413.632476806641,423.036346435547,2816952.76660156,336987.71875,1,2275,1
491.241936879426,491.241485595703,491.243988037109,418.103088378906,416.639617919922,419.568115234375,1410234.55078125,248068.140625,1,2276,1
433.238653612783,433.237030029297,433.240386962891,418.103088378906,413.32421875,422.671966552734,1229302.015625,143109.859375,1,2277,1
535.270930002151,535.269958496094,535.272521972656,635.106079101562,632.803833007812,639.558166503906,2389091.27734375,335285.21875,1,2278,1
303.883510252672,303.883331298828,303.883728027344,734.681884765625,730.564636230469,739.436645507812,7136225.921875,333681.09375,1,2279,1
339.191768968646,339.19140625,339.193206787109,433.250854492188,431.432220458984,437.209228515625,2830949.875,333208.125,1,2280,1
514.317705172114,514.317260742188,514.317810058594,433.250854492188,431.796844482422,434.351104736328,1189547.8984375,200264.84375,1,2281,1
285.206463370941,285.206207275391,285.206787109375,433.250854492188,431.796844482422,437.822479248047,1479663.69921875,133525.46875,1,2282,1
683.42624443427,683.4248046875,683.428039550781,531.608764648438,526.509155273438,535.634887695312,3969709.30664062,331851.03125,1,2283,1
683.927849939259,683.926208496094,683.928833007812,531.608764648438,526.509155273438,535.634887695312,3232550.55566406,239773.046875,1,2284,1
194.117832863063,194.117706298828,194.117904663086,756.014282226562,747.94189453125,761.953369140625,9610052.09375,330429.4375,1,2285,1
221.092492091542,221.092056274414,221.092681884766,53.3995513916016,51.2308006286621,57.4899291992188,2445597.78710938,330303.96875,1,2286,1
156.138638837236,156.138381958008,156.138748168945,53.3995513916016,50.7599220275879,58.9460525512695,2522749.71386719,232851.109375,1,2287,1
287.23723664425,287.236480712891,287.237762451172,596.113830566406,593.158447265625,600.410034179688,2845009.84375,330163.71875,1,2288,1
459.223420484594,459.222259521484,459.224731445312,228.963882446289,224.466262817383,232.300643920898,2025641.42382812,330028.21875,1,2289,1
529.333250997002,529.332092285156,529.334350585938,538.661560058594,536.105651855469,546.6591796875,4556493.796875,329996.375,1,2290,1
855.33178210857,855.330078125,855.333068847656,173.859741210938,172.407623291016,178.624237060547,2474912.28515625,329366.75,1,2291,1
856.334669221057,856.332275390625,856.3359375,173.859741210938,172.78498840332,178.261978149414,1142553.5625,154500.734375,1,2292,1
119.089961176911,119.089935302734,119.089988708496,765.814392089844,764.131774902344,768.030517578125,3661028.78125,326649.375,1,2293,1
301.212031866331,301.21142578125,301.212158203125,610.69677734375,609.240051269531,612.26171875,1622093.19726562,326415.9375,1,2294,1
554.177593862196,554.177429199219,554.178344726562,610.69677734375,609.240051269531,612.988342285156,1452520.9296875,287694.75,1,2295,1
602.265111965583,602.263732910156,602.265563964844,251.919784545898,247.595153808594,254.85417175293,3666224.28320312,325806.1875,1,2296,1
308.280106124329,308.279907226562,308.280426025391,471.347381591797,468.955749511719,476.387390136719,2860588.04296875,324933.5,1,2297,1
291.253456688405,291.253112792969,291.254028320312,471.347381591797,468.215637207031,476.387390136719,2461964.83496094,285466.21875,1,2298,1
307.169956455394,307.169464111328,307.171020507812,511.590026855469,508.323516845703,516.262634277344,3817619.90917969,324188.46875,1,2299,1
367.209948177414,367.209594726562,367.211090087891,224.466262817383,219.598266601562,230.860885620117,3115311.5625,324169.65625,1,2300,1
151.075674328234,151.075546264648,151.075805664062,70.3741836547852,64.5070495605469,76.0674362182617,4517086.65625,322932.625,1,2301,1
219.047868640444,219.047592163086,219.048141479492,34.594783782959,31.8042831420898,43.7675476074219,4686009.01171875,322606.15625,1,2302,1
217.08226492961,217.081314086914,217.082763671875,34.594783782959,32.8515396118164,38.9605445861816,1431827.85546875,180760.234375,1,2303,1
399.251325859311,399.251068115234,399.251556396484,679.107238769531,671.351318359375,697.963623046875,20353803.96875,322466.25,1,2304,1
327.078734140045,327.078369140625,327.078887939453,456.091613769531,453.983367919922,460.094848632812,2848748.484375,321683.5625,1,2305,1
330.139836196984,330.138519287109,330.140838623047,34.594783782959,31.8042831420898,38.5981674194336,3004914.90234375,321365.75,1,2306,1
168.065850187558,168.065292358398,168.066207885742,34.594783782959,32.1576652526855,38.9605445861816,2273148.33789062,275224.84375,1,2307,1
224.128486994054,224.128128051758,224.128890991211,34.594783782959,30.6666698455811,41.5920486450195,1450482.17675781,212055.15625,1,2308,1
121.065283104696,121.065101623535,121.065422058105,51.9553031921387,46.4136619567871,58.2181701660156,2832514.45507812,321200.15625,1,2309,1
180.063431130928,180.063339233398,180.063491821289,51.9553031921387,50.3976745605469,53.7619171142578,1881494.1953125,316128.4375,1,2310,1
124.059064587282,124.058959960938,124.059211730957,54.8496780395508,53.3995513916016,60.0402946472168,2275183.87792969,321074.03125,1,2311,1
631.897031442883,631.895751953125,631.897766113281,478.539764404297,474.501983642578,482.651245117188,3495771.42871094,320472,1,2312,1
661.915004397514,661.912780761719,661.916320800781,533.072509765625,526.509155273438,537.568786621094,4439477.07519531,320101.25,1,2313,1
265.158922305488,265.158264160156,265.159729003906,398.755584716797,396.523834228516,404.348480224609,2735290.25878906,319658.875,1,2314,1
304.30039881983,304.300170898438,304.300842285156,398.755584716797,394.430969238281,405.078735351562,4903506.11328125,296590.3125,1,2315,1
421.265184751526,421.263458251953,421.266387939453,398.755584716797,396.893981933594,403.245452880859,1350094.32421875,195379.453125,1,2316,1
433.242071878709,433.241363525391,433.242401123047,398.755584716797,397.640106201172,401.050476074219,1302676.08203125,191955.296875,1,2317,1
416.215472955361,416.213439941406,416.216766357422,398.755584716797,396.893981933594,403.983337402344,1157248.76757812,137366.15625,1,2318,1
235.144453125315,235.144058227539,235.144577026367,112.289451599121,111.208076477051,117.162826538086,1870030.58349609,319362.28125,1,2319,1
253.128667177426,253.128082275391,253.129241943359,112.289451599121,110.36994934082,116.792831420898,1584510.58398438,220496.09375,1,2320,1
270.155234331174,270.154907226562,270.156036376953,112.289451599121,107.83869934082,117.538581848145,1516721.73339844,182397.1875,1,2321,1
556.443397991027,556.442932128906,556.444091796875,536.836303710938,533.439392089844,542.778930664062,4024322.578125,318799.21875,1,2322,1
477.301536658534,477.300323486328,477.302093505859,486.401519775391,480.356628417969,491.248626708984,4060285.03515625,317606.84375,1,2323,1
477.803389741939,477.802062988281,477.804107666016,486.401519775391,483.381134033203,490.414154052734,1770882.75195312,159555.8125,1,2324,1
353.121152280775,353.120544433594,353.121398925781,566.19580078125,563.969421386719,570.873657226562,2680419.1171875,317578.5,1,2325,1
172.115728311504,172.115631103516,172.11589050293,566.19580078125,563.237426757812,570.873657226562,2184730.05859375,226312.796875,1,2326,1
214.089850856804,214.08952331543,214.090423583984,713.711364746094,697.963623046875,714.074768066406,7632338.02148438,316637.9375,1,2327,1
167.013036403564,167.012969970703,167.013092041016,765.452026367188,749.033142089844,768.030517578125,13582238.234375,315478.78125,1,2328,1
151.03543668933,151.035385131836,151.03547668457,765.452026367188,759.297790527344,768.030517578125,5189220.59375,247504.359375,1,2329,1
609.294815870059,609.293884277344,609.295288085938,216.831497192383,214.749755859375,222.168518066406,3172524.00244141,314484.5625,1,2330,1
241.888926067728,241.888397216797,241.889450073242,29.2452812194824,26.3659076690674,30.6666698455811,2462316.80566406,314085.5625,1,2331,1
291.865656685742,291.865417480469,291.867034912109,29.2452812194824,26.7282886505127,30.3197917938232,2229931.03125,288030.4375,1,2332,1
508.858005472487,508.857086181641,508.858551025391,29.2452812194824,26.7282886505127,29.9651641845703,1665014.64648438,266606.6875,1,2333,1
236.907538239497,236.906173706055,236.908264160156,29.2452812194824,23.7167797088623,30.3197917938232,1608500.07421875,182099,1,2334,1
277.180261869047,277.179931640625,277.180328369141,420.010833740234,418.832214355469,422.308715820312,2020796.5234375,314026.875,1,2335,1
303.883346742634,303.882873535156,303.883666992188,743.474975585938,741.721984863281,767.374389648438,16100819.171875,312522.78125,1,2336,1
504.296152795349,504.293365478516,504.297973632812,312.798553466797,307.417175292969,317.309661865234,2084784.95800781,310817,1,2337,1
653.408351536569,653.407165527344,653.40966796875,477.807769775391,473.173858642578,481.557006835938,3028338.7421875,310074.75,1,2338,1
654.387641556147,654.384399414062,654.388549804688,233.383392333984,231.664031982422,243.677658081055,2839511.50341797,308764.53125,1,2339,1
439.285309670652,439.285064697266,439.285888671875,233.383392333984,231.981033325195,234.922637939453,1607015.421875,302192.21875,1,2340,1
130.159434181821,130.159286499023,130.159530639648,263.3115234375,256.469543457031,268.457794189453,8918240.84375,308341.34375,1,2341,1
128.019582323702,128.019546508789,128.019607543945,757.466369628906,754.015930175781,761.590393066406,5677710.8125,307603.65625,1,2342,1
521.258199221871,521.255737304688,521.260498046875,341.213195800781,329.573059082031,349.055328369141,3688222.98193359,306438.84375,1,2343,1
128.019574108388,128.01953125,128.019622802734,765.452026367188,761.590393066406,767.668273925781,4860519.90625,305215.34375,1,2344,1
152.047581989168,152.047439575195,152.047668457031,47.8642997741699,40.0340347290039,53.0364189147949,7415063.8515625,301122.59375,1,2345,1
388.342728232703,388.341491699219,388.343383789062,677.989868164062,673.268981933594,682.368835449219,2973114.64941406,300678.875,1,2346,1
372.319616940676,372.319000244141,372.3203125,677.989868164062,675.574340820312,682.368835449219,1955744.53320312,205499.609375,1,2347,1
614.486359269201,614.485717773438,614.486938476562,558.748779296875,553.988647460938,564.332641601562,5574481.7421875,300594.96875,1,2348,1
371.163215387061,371.162902832031,371.163513183594,610.69677734375,605.491088867188,617.859069824219,6317531,300486,1,2349,1
153.076006838938,153.075408935547,153.076934814453,33.1984176635742,31.457405090332,40.0340347290039,1673897.72070312,300335.40625,1,2350,1
339.157820890423,339.157135009766,339.159759521484,328.084564208984,323.237182617188,336.032196044922,3643062.4921875,300238.9375,1,2351,1
347.162537735894,347.162261962891,347.162811279297,439.732879638672,436.896362304688,443.705841064453,3187381.125,299758.25,1,2352,1
241.141761631329,241.141586303711,241.142333984375,323.599426269531,322.144287109375,326.254547119141,2239984.15234375,299642.46875,1,2353,1
258.279708868248,258.279602050781,258.279846191406,407.012084960938,403.245452880859,414.393737792969,7137564.09375,298582.5625,1,2354,1
541.278491960962,541.276977539062,541.279907226562,258.903289794922,257.1455078125,262.56103515625,2009740.88525391,297444.78125,1,2355,1
396.332849295155,396.332244873047,396.333770751953,472.804382324219,468.215637207031,476.690002441406,2624426.81591797,297341.0625,1,2356,1
277.180615493769,277.179718017578,277.182769775391,431.796844482422,429.697235107422,434.660491943359,2075271.01953125,295461.3125,1,2357,1
295.190783301608,295.190155029297,295.191009521484,431.796844482422,430.665985107422,433.987854003906,948062.56640625,162661.734375,1,2358,1
427.137513481995,427.137023925781,427.138092041016,256.469543457031,253.320907592773,259.942901611328,2944395.81640625,295086.84375,1,2359,1
224.113113703499,224.112808227539,224.113845825195,29.2452812194824,26.7282886505127,37.5082817077637,4033527.54785156,295042.5,1,2360,1
191.14344738724,191.143325805664,191.143569946289,168.919250488281,167.418731689453,173.479354858398,1894915.13085938,294914.4375,1,2361,1
259.206068877183,259.205505371094,259.20654296875,566.922302246094,565.359069824219,570.873657226562,1880487.28857422,294343.5,1,2362,1
207.099742139318,207.099258422852,207.100280761719,230.09489440918,225.561141967773,235.673400878906,3124210.23046875,293506.96875,1,2363,1
167.107137749423,167.107070922852,167.107223510742,230.09489440918,225.561141967773,236.900772094727,3856772.96875,256198.703125,1,2364,1
374.233614374531,374.233367919922,374.234832763672,500.102020263672,497.9208984375,506.503021240234,3226102.484375,293223.71875,1,2365,1
132.065779313178,132.06559753418,132.066162109375,723.257507324219,693.02783203125,760.757141113281,38213044.8969727,291679.6875,1,2366,1
302.289013221302,302.287750244141,302.289398193359,326.617919921875,321.052429199219,337.857055664062,4691597.60351562,289073.34375,1,2367,1
163.133229664077,163.133041381836,163.133438110352,213.03776550293,206.693267822266,218.281005859375,4253385.53173828,289049.25,1,2368,1
364.137184232757,364.13623046875,364.137481689453,107.83869934082,105.51033782959,110.007705688477,2037741.56152344,288783.78125,1,2369,1
180.102245395718,180.101593017578,180.102600097656,128.072952270508,123.210083007812,132.546340942383,2725133.50927734,284974.0625,1,2370,1
209.946615255893,209.946166992188,209.947525024414,699.351257324219,698.657348632812,703.394775390625,2181507.71875,284969.71875,1,2371,1
157.122713353507,157.122543334961,157.122848510742,329.202056884766,319.118408203125,333.742553710938,3935949.02636719,284907.4375,1,2372,1
280.212508854823,280.212249755859,280.212768554688,329.202056884766,328.084564208984,333.742553710938,1141358.66992188,145816.671875,1,2373,1
521.337646602814,521.337524414062,521.33837890625,173.479354858398,171.653137207031,174.943740844727,1511176.94921875,284711.15625,1,2374,1
519.198787582704,519.197692871094,519.200561523438,187.358764648438,185.733367919922,192.502243041992,1936159.06152344,281836.40625,1,2375,1
365.172021131346,365.171813964844,365.17333984375,194.67887878418,193.270629882812,197.851257324219,1614147.35888672,281386.78125,1,2376,1
832.435238633857,832.431823730469,832.436218261719,194.67887878418,193.270629882812,198.996276855469,1308136.24121094,226121.390625,1,2377,1
128.019560532773,128.01953125,128.019592285156,742.813842773438,739.073547363281,749.320251464844,7433500.6875,280674.9375,1,2378,1
601.440642443267,601.438232421875,601.442016601562,637.406799316406,635.468322753906,641.71875,2149432.74511719,278569.65625,1,2379,1
601.94292417681,601.941711425781,601.943786621094,637.406799316406,635.838012695312,640.5869140625,1321366.35351562,194731.75,1,2380,1
565.568321590951,565.568115234375,565.568542480469,690.826110839844,690.186584472656,697.963623046875,5462920.1015625,278546.9375,1,2381,1
402.234199349849,402.233154296875,402.235717773438,149.851593017578,144.909622192383,154.823471069336,2377190.7421875,278175.59375,1,2382,1
535.276277407172,535.276000976562,535.27734375,186.221893310547,184.583618164062,191.012268066406,1497229.83837891,277874.0625,1,2383,1
211.169662920853,211.169570922852,211.169830322266,186.221893310547,184.968383789062,190.231262207031,1120558.66601562,198922.078125,1,2384,1
275.258581575249,275.258117675781,275.258758544922,540.1220703125,538.661560058594,545.538635253906,2630306.44921875,277832.84375,1,2385,1
129.0703063153,129.070266723633,129.070343017578,429.333984375,425.254730224609,435.667388916016,4710183.8203125,276817.5625,1,2386,1
145.069098984366,145.068939208984,145.069213867188,63.0532989501953,60.7685775756836,68.5525588989258,2730926.77929688,276528.15625,1,2387,1
166.047797086308,166.047668457031,166.04817199707,63.0532989501953,60.7685775756836,66.0011825561523,1651225.10058594,192748.609375,1,2388,1
253.128800730428,253.128524780273,253.130004882812,63.0532989501953,59.6770515441895,67.4589233398438,2127397.37304688,186044.1875,1,2389,1
276.114064100627,276.113800048828,276.115142822266,63.0532989501953,58.9460525512695,69.2863082885742,1612006.24023438,129306.765625,1,2390,1
356.106289802513,356.105407714844,356.107086181641,130.251205444336,129.532333374023,138.490463256836,3163013.87451172,276200.84375,1,2391,1
562.27250816395,562.271606445312,562.273071289062,144.147125244141,139.945220947266,149.851593017578,3228337.2734375,274629,1,2392,1
556.295989383237,556.295227050781,556.296569824219,338.587188720703,334.833557128906,344.930450439453,3457287.09375,274527.25,1,2393,1
622.397855593791,622.397644042969,622.398193359375,338.587188720703,337.493682861328,340.063201904297,1368979.046875,249088.109375,1,2394,1
451.248750995931,451.247253417969,451.249725341797,316.580810546875,312.432678222656,322.144287109375,2050684.3125,273933.53125,1,2395,1
149.023744604677,149.023559570312,149.023818969727,363.128448486328,361.305816650391,368.694946289062,2687270.19921875,273100.71875,1,2396,1
451.249082477652,451.247650146484,451.249664306641,342.700317382812,340.803955078125,347.220306396484,2291272.39453125,273005.90625,1,2397,1
433.238467202567,433.236846923828,433.239166259766,342.700317382812,338.221557617188,344.930450439453,1473530.02734375,233914.609375,1,2398,1
469.259331342791,469.256896972656,469.260925292969,342.700317382812,331.910827636719,347.220306396484,1642926.83203125,198005.09375,1,2399,1
520.328703321857,520.328430175781,520.329345703125,342.700317382812,341.584442138672,344.556457519531,1175912.1640625,197548.953125,1,2400,1
696.382896065678,696.380981445312,696.384521484375,200.646881103516,199.626739501953,204.636138916016,1418970.28613281,272407.28125,1,2401,1
393.206684957187,393.205871582031,393.206970214844,626.021789550781,623.726806640625,630.573364257812,2392175.1640625,271694.125,1,2402,1
501.285957858296,501.285827636719,501.286437988281,258.518524169922,257.1455078125,261.855407714844,1734370.12792969,271358.53125,1,2403,1
317.20947299778,317.209228515625,317.210388183594,481.922515869141,480.720001220703,486.767364501953,1923430.953125,271229.1875,1,2404,1
199.975588287416,199.97526550293,199.975875854492,705.570739746094,704.120971679688,713.711364746094,2451429.28320312,270613.46875,1,2405,1
178.122981206676,178.122863769531,178.123062133789,5.92064380645752,0.524400889873505,15.3346796035767,10153507.890625,270389.09375,1,2406,1
128.019560163488,128.01953125,128.019607543945,735.051879882812,731.399536132812,738.710144042969,4900605.546875,269740.8125,1,2407,1
369.166960789782,369.166717529297,369.167724609375,126.974349975586,125.445983886719,128.435211181641,1287119.85839844,269530.5625,1,2408,1
158.154329372662,158.154159545898,158.154434204102,415.072845458984,378.841094970703,418.103088378906,12708549.65625,269428.28125,1,2409,1
186.076467953003,186.076232910156,186.076583862305,57.8522987365723,53.3995513916016,63.0532989501953,2961217.08007812,268920.03125,1,2410,1
353.173292619312,353.171264648438,353.174133300781,354.150085449219,340.43505859375,360.943572998047,5341198.703125,268727.53125,1,2411,1
277.180397232376,277.179840087891,277.180572509766,354.150085449219,352.047821044922,356.844573974609,1400988.40039062,218746.265625,1,2412,1
329.316918336464,329.31640625,329.317291259766,374.726959228516,367.234588623047,384.226593017578,6710983.15820312,268627.78125,1,2413,1
430.148422071435,430.148071289062,430.149536132812,452.889984130859,447.455383300781,456.377258300781,3025635.93261719,267354.25,1,2414,1
115.075883463531,115.075828552246,115.076103210449,452.889984130859,448.143005371094,455.831604003906,2253098.80273438,257539.328125,1,2415,1
413.230869205112,413.22998046875,413.232879638672,452.889984130859,450.5634765625,457.370513916016,1847430.6640625,234249.859375,1,2416,1
336.251534100119,336.251281738281,336.251708984375,452.889984130859,450.970367431641,454.350982666016,1165914.33789062,190109.828125,1,2417,1
307.16988454876,307.169586181641,307.170196533203,518.635498046875,517.600036621094,527.905883789062,4265868.44921875,266149.53125,1,2418,1
237.127842686608,237.127059936523,237.128021240234,464.797271728516,461.097991943359,468.955749511719,2779608.36328125,265779.0625,1,2419,1
492.177770132637,492.177154541016,492.17822265625,260.704528808594,259.616149902344,263.67578125,1737404.72265625,265585.75,1,2420,1
186.008957611412,186.008697509766,186.009124755859,43.7675476074219,35.644172668457,52.6731758117676,7424492.82421875,264017.46875,1,2421,1
588.371641214977,588.370727539062,588.372741699219,480.720001220703,475.172882080078,484.107757568359,2381258.98339844,263648.90625,1,2422,1
167.01300945362,167.012924194336,167.013076782227,743.474975585938,739.073547363281,748.669738769531,5875231.234375,263194.65625,1,2423,1
354.28575771748,354.285552978516,354.286437988281,426.742095947266,424.50146484375,429.333984375,2026667.68164062,261638.84375,1,2424,1
422.2182495012,422.217437744141,422.218688964844,305.100189208984,302.765045166016,309.760803222656,1674142.51123047,260023.015625,1,2425,1
427.173739572066,427.173187255859,427.174621582031,305.100189208984,303.513458251953,307.781555175781,938619.712890625,147629.75,1,2426,1
339.107911049626,339.107696533203,339.108123779297,121.360824584961,115.569580078125,123.954452514648,2733764.91210938,259794.65625,1,2427,1
146.060377088414,146.06005859375,146.060577392578,124.325325012207,120.513458251953,128.435211181641,1660317.97949219,258561.640625,1,2428,1
372.331004595488,372.330841064453,372.331420898438,392.262969970703,390.689971923828,396.156463623047,1826019.28222656,258334.484375,1,2429,1
586.271005607409,586.269470214844,586.273986816406,244.378158569336,239.95051574707,252.234649658203,3085361.79638672,257814.71875,1,2430,1
378.321777915056,378.320556640625,378.323913574219,699.00439453125,690.826110839844,706.379760742188,3943529.33105469,257474.734375,1,2431,1
457.29598488718,457.29541015625,457.297180175781,291.15966796875,288.96142578125,292.981781005859,1296599.26171875,257181.546875,1,2432,1
190.987619338729,190.987396240234,190.988021850586,36.0644149780273,34.594783782959,39.6707878112793,2439227.02734375,256248.34375,1,2433,1
502.375079879348,502.374633789062,502.376892089844,518.635498046875,515.499633789062,524.138305664062,3317848.86914062,256215.4375,1,2434,1
343.132216108615,343.131225585938,343.132629394531,497.193267822266,491.613891601562,506.503021240234,6441142.00390625,255342.671875,1,2435,1
231.251831561485,231.251403808594,231.252288818359,356.113067626953,339.696807861328,369.061828613281,8598846.04296875,254941.421875,1,2436,1
330.204324512812,330.204071044922,330.204833984375,145.660598754883,141.518966674805,148.018341064453,1931260.82714844,254811.96875,1,2437,1
600.470172757422,600.469360351562,600.472290039062,526.878173828125,523.588500976562,532.341186523438,3568056.65429688,254758.546875,1,2438,1
656.402986122472,656.401123046875,656.405517578125,407.012084960938,402.512725830078,412.339385986328,2055778.51660156,254633.34375,1,2439,1
315.264862370411,315.264282226562,315.265533447266,282.391540527344,281.33642578125,287.231292724609,1677855.2890625,253758.484375,1,2440,1
796.41396963737,796.412414550781,796.415100097656,282.391540527344,281.33642578125,286.536437988281,1043331.58398438,179937.53125,1,2441,1
274.09000485219,274.08935546875,274.090515136719,32.1576652526855,30.6666698455811,32.5046577453613,1125087.5625,252258.6875,1,2442,1
259.092352959473,259.092102050781,259.092590332031,32.1576652526855,30.6666698455811,32.5046577453613,874992.4765625,194541.125,1,2443,1
232.191165188646,232.190673828125,232.191696166992,141.518966674805,134.380096435547,143.390090942383,1344276.25976562,251374.46875,1,2444,1
584.254682199498,584.254333496094,584.255493164062,278.791412353516,276.682525634766,281.641540527344,1828920.53515625,250902.671875,1,2445,1
389.17162638486,389.171508789062,389.172058105469,234.545623779297,233.383392333984,236.159042358398,1226172.53515625,249946.640625,1,2446,1
411.153676842379,411.1533203125,411.154846191406,234.545623779297,233.000381469727,237.577285766602,1182583.38671875,208779.6875,1,2447,1
778.360474684368,778.359191894531,778.361206054688,234.545623779297,233.383392333984,238.463012695312,1295690.421875,170768.625,1,2448,1
137.046090412691,137.045867919922,137.046249389648,58.5838012695312,54.8496780395508,64.1413116455078,2386216.62353516,249340.84375,1,2449,1
420.40532291147,420.404724121094,420.405578613281,577.046936035156,568.744567871094,586.196044921875,6346417.26953125,249008.71875,1,2450,1
348.070858218011,348.070281982422,348.071594238281,36.0644149780273,34.594783782959,42.6799278259277,2232299.10546875,248844.375,1,2451,1
275.008671344425,275.007690429688,275.010192871094,31.1105403900146,30.6666698455811,36.4276695251465,1895352.7734375,248810.890625,1,2452,1
625.267809933266,625.267456054688,625.268920898438,587.574035644531,585.72607421875,590.495056152344,1540469.08789062,248451.765625,1,2453,1
579.929692956777,579.92919921875,579.930236816406,639.558166503906,636.673095703125,641.059326171875,1957932.84960938,246879.890625,1,2454,1
128.01956081831,128.019500732422,128.019607543945,729.10546875,725.363403320312,731.399536132812,3710937.640625,246602.71875,1,2455,1
336.140667685908,336.139984130859,336.141357421875,31.457405090332,29.9651641845703,32.5046577453613,1129173.94140625,245946.15625,1,2456,1
491.241142249387,491.239593505859,491.242095947266,313.1650390625,310.855194091797,314.637786865234,1333855.85595703,245899.953125,1,2457,1
584.254366201685,584.253173828125,584.254943847656,313.1650390625,310.491424560547,315.377044677734,1480436.5625,175998.234375,1,2458,1
317.209638612608,317.209411621094,317.210296630859,433.614471435547,432.524353027344,441.322235107422,2961876.27148438,245791.21875,1,2459,1
110.020505793443,110.020416259766,110.020614624023,709.639526367188,701.244140625,720.689514160156,6908245.7734375,245780.875,1,2460,1
216.95107910956,216.950973510742,216.951309204102,25.5312976837158,21.5773086547852,27.0906639099121,1443135.21289062,243869.328125,1,2461,1
246.944226926181,246.943969726562,246.944808959961,25.5312976837158,23.7167797088623,26.3659076690674,1018739.5546875,185498.890625,1,2462,1
149.953127243354,149.952926635742,149.953338623047,25.5312976837158,20.9070377349854,27.8084163665771,1154994.54394531,177990.390625,1,2463,1
335.161233856117,335.161071777344,335.161407470703,217.65901184082,216.461029052734,219.913391113281,1351843.40820312,243329.328125,1,2464,1
469.86342127467,469.862030029297,469.863800048828,647.099365234375,644.868347167969,651.940307617188,2281470.91992188,243241.609375,1,2465,1
383.204425253062,383.203887939453,383.204925537109,497.9208984375,496.098999023438,503.484771728516,1869626.04589844,242752.078125,1,2466,1
464.213806578515,464.212768554688,464.214141845703,155.565475463867,150.228240966797,157.943603515625,1814852.24121094,242193.71875,1,2467,1
452.385989058667,452.3857421875,452.386596679688,545.538635253906,543.873901367188,548.598937988281,2317597.7421875,242190.671875,1,2468,1
152.04745890606,152.047393798828,152.047515869141,735.778381347656,717.78759765625,740.163146972656,11986336.046875,241722.53125,1,2469,1
362.254298794721,362.253936767578,362.255096435547,210.361129760742,205.736755371094,213.41552734375,2154013.31201172,241635.609375,1,2470,1
199.123144269516,199.122863769531,199.124008178711,210.361129760742,207.847747802734,213.03776550293,1400507.76025391,238814.625,1,2471,1
136.061941416341,136.061889648438,136.062103271484,69.6485595703125,66.0011825561523,74.4964294433594,3369965.6953125,241605.59375,1,2472,1
151.096766588413,151.096694946289,151.096969604492,69.6485595703125,64.8030548095703,75.5924377441406,2271328.4765625,172995.40625,1,2473,1
131.974361317664,131.974273681641,131.974456787109,734.681884765625,733.514770507812,767.668273925781,15126956.9609375,241276.015625,1,2474,1
290.269512052316,290.269073486328,290.269775390625,326.981170654297,324.326324462891,336.032196044922,4591056.97509766,241220.15625,1,2475,1
228.087003847302,228.086044311523,228.087219238281,158.688491821289,144.147125244141,162.179489135742,1432916.140625,240898.515625,1,2476,1
494.260637993499,494.259582519531,494.262176513672,284.573272705078,281.029296875,286.536437988281,1721530.19335938,240647.546875,1,2477,1
151.096750518188,151.0966796875,151.096908569336,561.40966796875,557.419799804688,569.47705078125,5460274.5,240452.671875,1,2478,1
311.256317024263,311.256042480469,311.256713867188,561.40966796875,560.206176757812,568.744567871094,2279693.42578125,138598.34375,1,2479,1
198.076547472212,198.076477050781,198.07666015625,123.954452514648,121.727828979492,126.602210998535,1413670.16992188,240381.59375,1,2480,1
121.040119136852,121.040046691895,121.040161132812,21.2747764587402,0.524400889873505,21.5773086547852,12309287.5625,240380.46875,1,2481,1
223.988585537729,223.987991333008,223.98893737793,700.410339355469,699.351257324219,707.828857421875,2823969.21484375,239846.640625,1,2482,1
415.137092589906,415.135559082031,415.137817382812,160.178237915039,158.317489624023,165.038864135742,1731756.96972656,239516.84375,1,2483,1
345.133828317593,345.133056640625,345.134063720703,160.178237915039,157.943603515625,163.254989624023,1570189.10302734,194303.421875,1,2484,1
384.144980769765,384.144500732422,384.1455078125,188.119888305664,184.265365600586,192.130752563477,2736177.2734375,238624.515625,1,2485,1
504.296189243723,504.294036865234,504.296600341797,251.240005493164,250.022262573242,255.587280273438,1646084.16894531,237969.234375,1,2486,1
639.283686809388,639.282836914062,639.285705566406,611.898315429688,610.334594726562,614.987365722656,1341846.38232422,236358.53125,1,2487,1
158.081546617476,158.081512451172,158.081588745117,117.910713195801,114.467079162598,119.400581359863,1418276.96972656,236342.9375,1,2488,1
440.359167473102,440.357940673828,440.359680175781,472.439361572266,469.683258056641,476.387390136719,1952775.86132812,236324.109375,1,2489,1
343.149903331578,343.149597167969,343.151153564453,504.574523925781,502.757263183594,506.13916015625,1571137.7890625,235134.96875,1,2490,1
184.985731187867,184.98567199707,184.985778808594,765.452026367188,760.757141113281,767.668273925781,3852082.796875,234014.625,1,2491,1
817.443486616262,817.441650390625,817.444946289062,269.140899658203,267.073760986328,272.756042480469,1435439.75976562,233018.40625,1,2492,1
204.159904923771,204.159698486328,204.160034179688,91.966682434082,90.0049362182617,94.5093231201172,1383434.54785156,232883.734375,1,2493,1
146.981519992862,146.981262207031,146.981658935547,735.778381347656,730.564636230469,742.087036132812,6688160.609375,232746.140625,1,2494,1
202.10776351155,202.107604980469,202.107894897461,61.6108016967773,57.1266708374023,67.4589233398438,3102288.0390625,232294.875,1,2495,1
573.206489927759,573.203186035156,573.207885742188,188.119888305664,186.596862792969,191.762359619141,1345271.10253906,232013.203125,1,2496,1
247.07941383443,247.079055786133,247.080551147461,47.5007934570312,41.2296676635742,52.3109169006348,2138625.11914062,231649.921875,1,2497,1
165.09151360092,165.091369628906,165.091720581055,455.085510253906,450.5634765625,459.793518066406,2242559.57421875,231379.078125,1,2498,1
243.136022402607,243.135147094727,243.136489868164,455.085510253906,452.889984130859,467.078369140625,1778722.30859375,156313.796875,1,2499,1
238.180514110256,238.179748535156,238.1806640625,455.085510253906,453.25537109375,459.207763671875,1175959.76269531,149570.21875,1,2500,1
326.37883273884,326.378540039062,326.379119873047,459.207763671875,454.717376708984,465.430389404297,4559735.19726562,231251.921875,1,2501,1
537.209266832786,537.207763671875,537.209899902344,167.046249389648,165.424499511719,170.043380737305,1252132.22216797,230689.4375,1,2502,1
507.236675736789,507.235870361328,507.238433837891,261.197662353516,259.296417236328,263.67578125,1468913.86230469,229726.125,1,2503,1
467.244257239788,467.243804931641,467.244750976562,261.197662353516,259.942901611328,262.181671142578,758564.375,144934.703125,1,2504,1
517.226523748891,517.225891113281,517.227355957031,266.709411621094,264.408416748047,268.457794189453,1388429.98730469,229417.28125,1,2505,1
451.248692948059,451.247497558594,451.249481201172,266.709411621094,264.777404785156,270.666046142578,1436597.40820312,177782.578125,1,2506,1
584.47493999602,584.474060058594,584.47705078125,590.495056152344,583.5224609375,608.143676757812,6741690.58203125,229406.5,1,2507,1
378.232641719461,378.231658935547,378.233520507812,600.410034179688,599.315673828125,605.491088867188,1554033.09375,229396.546875,1,2508,1
399.211919434578,399.211639404297,399.213073730469,600.410034179688,598.953063964844,602.711486816406,812365.749023438,137066.609375,1,2509,1
718.466422798563,718.465576171875,718.467956542969,553.622924804688,551.84619140625,557.056640625,2025709.06640625,229395.625,1,2510,1
317.15025259411,317.149963378906,317.150451660156,300.784057617188,298.938415527344,303.513458251953,1229728.48242188,228810.921875,1,2511,1
117.070413067388,117.070350646973,117.070472717285,500.465911865234,494.158508300781,508.323516845703,5568827.765625,228788.78125,1,2512,1
551.242075974949,551.240905761719,551.242858886719,377.654846191406,376.512847900391,383.227966308594,1981546.30664062,228704.90625,1,2513,1
272.258888135774,272.258361816406,272.259094238281,477.434631347656,472.804382324219,482.651245117188,2177024.29345703,227558.25,1,2514,1
146.981659605055,146.981597900391,146.981735229492,743.837280273438,742.813842773438,749.6904296875,3948000.234375,227393.140625,1,2515,1
553.247958613054,553.246826171875,553.249572753906,356.113067626953,352.047821044922,357.948822021484,1943023.59179688,226293,1,2516,1
570.275561985351,570.273803710938,570.277404785156,356.113067626953,351.673858642578,357.579681396484,1706676.57421875,187194.21875,1,2517,1
343.132129024023,343.131866455078,343.132659912109,486.767364501953,475.908874511719,491.613891601562,6060302.4140625,225908.0625,1,2518,1
190.003751894065,190.003646850586,190.004364013672,738.347900390625,711.173461914062,762.315673828125,21727524.1894531,225369.484375,1,2519,1
536.417092347399,536.41650390625,536.417846679688,557.056640625,554.612060546875,562.501525878906,2363945.49804688,224708.59375,1,2520,1
286.274496360826,286.274200439453,286.274688720703,494.522003173828,491.976135253906,500.102020263672,2127771.69042969,224643.109375,1,2521,1
369.166801088824,369.166198730469,369.168518066406,134.744338989258,133.652465820312,136.675079345703,980209.594726562,224388.125,1,2522,1
464.359018190016,464.358428955078,464.359313964844,506.867279052734,504.937774658203,511.962158203125,2356974.53515625,224172.390625,1,2523,1
283.225086839253,283.224975585938,283.225372314453,506.867279052734,504.574523925781,508.323516845703,1588991.8359375,203541.734375,1,2524,1
454.374777634453,454.374114990234,454.375762939453,506.867279052734,502.757263183594,511.590026855469,1562599.12207031,161425.96875,1,2525,1
384.296244741125,384.295318603516,384.296936035156,267.441528320312,261.528778076172,272.756042480469,3542137.00390625,223253.46875,1,2526,1
470.291612207629,470.289031982422,470.294006347656,284.935546875,280.624908447266,288.184539794922,1377857.43066406,223065.734375,1,2527,1
117.070452551128,117.070304870605,117.070556640625,405.441101074219,392.262969970703,412.648620605469,6180786.60742188,222457.390625,1,2528,1
332.331776252869,332.331298828125,332.332122802734,440.845855712891,434.660491943359,450.5634765625,6165054.47265625,222447.53125,1,2529,1
381.340967236484,381.340087890625,381.341857910156,541.326904296875,529.36328125,549.587707519531,5151119.0078125,222182.34375,1,2530,1
245.138940905038,245.138809204102,245.139205932617,201.889129638672,198.080764770508,204.636138916016,1683023.10742188,222174.21875,1,2531,1
451.248952509289,451.248565673828,451.249114990234,377.654846191406,376.512847900391,378.841094970703,1166651.0390625,220818.75,1,2532,1
198.149343049818,198.148956298828,198.1494140625,232.69026184082,228.228744506836,236.159042358398,1734165.73388672,219948.578125,1,2533,1
326.254344982968,326.253479003906,326.254608154297,232.69026184082,227.502136230469,237.577285766602,2225974.57714844,150913.484375,1,2534,1
171.149396396918,171.148971557617,171.14958190918,698.310485839844,690.186584472656,732.132019042969,17078313.7929688,218877.9375,1,2535,1
132.06590097457,132.065795898438,132.066009521484,47.8642997741699,43.0431709289551,61.6108016967773,8806085.4375,218174.859375,1,2536,1
347.16253458317,347.162414550781,347.162750244141,434.9736328125,431.059600830078,436.896362304688,2559577.92578125,218095.421875,1,2537,1
535.838152984233,535.837463378906,535.839416503906,406.280578613281,401.418609619141,408.100952148438,1667927.91796875,217623.265625,1,2538,1
469.798362814828,469.797424316406,469.799438476562,406.280578613281,403.983337402344,411.578979492188,1308795.2734375,171769.46875,1,2539,1
133.065132518009,133.064987182617,133.065277099609,406.280578613281,401.050476074219,411.267486572266,1413670.32519531,147776.4375,1,2540,1
445.147873916497,445.146026611328,445.1484375,183.488754272461,182.405364990234,188.879745483398,1621567.70703125,217217.109375,1,2541,1
608.290955557941,608.290710449219,608.291442871094,183.488754272461,182.019607543945,184.968383789062,953303.823730469,187548.375,1,2542,1
146.981690638338,146.981567382812,146.981750488281,750.712768554688,749.6904296875,757.104125976562,3804073.9375,217157.109375,1,2543,1
363.310830253633,363.309326171875,363.3115234375,540.851806640625,523.289794921875,551.174560546875,4445522.68896484,216713.25,1,2544,1
653.910144413817,653.908508300781,653.911193847656,478.171142578125,473.173858642578,481.194610595703,2144989.23242188,215604.734375,1,2545,1
598.381463916583,598.380798339844,598.382873535156,478.171142578125,476.387390136719,481.194610595703,1151673.04296875,171008.03125,1,2546,1
410.348559068509,410.347717285156,410.349578857422,507.594879150391,503.120513916016,512.326293945312,2261088.79589844,214996.921875,1,2547,1
527.436267633885,527.435546875,527.439086914062,562.137268066406,549.587707519531,575.177062988281,5598252.65771484,214691.75,1,2548,1
595.259210893367,595.257629394531,595.260498046875,333.377288818359,329.202056884766,336.032196044922,1982929.09960938,212703.5625,1,2549,1
275.889034576272,275.888793945312,275.889251708984,16.1072845458984,8.46551990509033,26.3659076690674,9091237.1015625,212614.828125,1,2550,1
151.035413791768,151.035354614258,151.03547668457,750.350402832031,746.492858886719,752.926147460938,3541343.234375,212336.34375,1,2551,1
261.242956480214,261.242462158203,261.243927001953,506.13916015625,502.03076171875,510.007537841797,1851912.32324219,210524.1875,1,2552,1
332.28011470084,332.279571533203,332.280548095703,424.50146484375,423.398590087891,430.068969726562,1612656.55761719,210282.828125,1,2553,1
337.235724875742,337.234710693359,337.236785888672,424.50146484375,417.375213623047,436.896362304688,1717679.72265625,136819.125,1,2554,1
197.053875834783,197.053497314453,197.054138183594,35.644172668457,34.9504165649414,42.6799278259277,2012524,209403.421875,1,2555,1
453.344630131352,453.344390869141,453.344970703125,184.583618164062,183.029632568359,186.981735229492,1170244.48339844,209326.890625,1,2556,1
151.03541058585,151.035369873047,151.035491943359,743.474975585938,738.710144042969,746.492858886719,3850806.390625,208585.984375,1,2557,1
276.143959523322,276.143432617188,276.144714355469,35.2972946166992,34.594783782959,41.9542846679688,1420673.03027344,208430.09375,1,2558,1
586.270498685814,586.27001953125,586.271545410156,212.291641235352,211.197631835938,213.41552734375,1028074.2734375,207931.140625,1,2559,1
126.074587232192,126.074531555176,126.074661254883,582.532958984375,575.943542480469,584.996948242188,4301967.71875,207242,1,2560,1
177.980133665929,177.97981262207,177.980575561523,714.074768066406,701.606323242188,732.863647460938,10387953.109375,206868.25,1,2561,1
251.047160783547,251.046905517578,251.047302246094,554.897827148438,552.515197753906,559.477416992188,1854543.99609375,205871.078125,1,2562,1
295.18876843562,295.188201904297,295.189056396484,517.908935546875,513.063659667969,521.94677734375,2264758.875,205586.953125,1,2563,1
397.199467794299,397.198852539062,397.200531005859,487.130767822266,482.285766601562,490.777374267578,2087758.46484375,205442.71875,1,2564,1
546.401308617726,546.400207519531,546.402587890625,518.272277832031,513.799621582031,522.980895996094,2844568.7109375,204189.140625,1,2565,1
700.315882287867,700.314392089844,700.316528320312,584.630920410156,583.150085449219,586.843688964844,1156550.625,204186.390625,1,2566,1
435.25419485389,435.253082275391,435.255249023438,383.540344238281,381.363586425781,388.901458740234,2237038.7578125,203793.9375,1,2567,1
158.154324910047,158.154067993164,158.154571533203,358.685455322266,357.948822021484,367.599822998047,3967401.4375,202813.671875,1,2568,1
721.339235487074,721.336975097656,721.342651367188,236.159042358398,234.545623779297,241.429794311523,1716033.73046875,202246.765625,1,2569,1
146.981700917184,146.981567382812,146.981750488281,765.081237792969,757.104125976562,767.668273925781,4880117.25,202131.640625,1,2570,1
358.207612430241,358.205841064453,358.208435058594,139.581588745117,126.974349975586,151.095977783203,3182725.36328125,201846.96875,1,2571,1
910.37692470805,910.374938964844,910.3798828125,206.378005981445,203.863250732422,208.229507446289,1311548.93652344,201786.515625,1,2572,1
175.119218901676,175.118927001953,175.11979675293,31.1105403900146,12.7220325469971,43.0431709289551,3031291.58886719,201219.859375,1,2573,1
275.201247320724,275.201049804688,275.201873779297,372.463592529297,371.353942871094,375.78759765625,1398101.58789062,201192.25,1,2574,1
336.251566404752,336.250793457031,336.252502441406,458.471618652344,455.085510253906,461.097991943359,1510430.49707031,200900.078125,1,2575,1
158.081557858112,158.081497192383,158.081802368164,91.966682434082,86.6945571899414,101.900344848633,5018411.9375,200753.46875,1,2576,1
464.431649721176,464.430999755859,464.432220458984,575.943542480469,570.873657226562,582.532958984375,4309631.0703125,200519.203125,1,2577,1
269.136863372667,269.136505126953,269.137542724609,224.466262817383,209.26887512207,231.349914550781,7323602.09375,200168.8125,1,2578,1
705.439354756457,705.436645507812,705.44091796875,530.034545898438,526.509155273438,534.903686523438,2579720.36621094,198789.640625,1,2579,1
143.154561036223,143.154510498047,143.154632568359,1.39190006256104,0.524400889873505,8.46551990509033,2748868.37890625,198484.078125,1,2580,1
151.035410614879,151.035369873047,151.035491943359,733.152465820312,730.200927734375,738.710144042969,4034138.6875,197760.546875,1,2581,1
229.975082176246,229.974807739258,229.975479125977,48.2276649475098,44.1299285888672,52.6731758117676,2056220.46875,197489.890625,1,2582,1
163.060218839358,163.060043334961,163.060440063477,48.2276649475098,44.1299285888672,51.2308006286621,1994006.09765625,190234.15625,1,2583,1
322.150189824591,322.149169921875,322.151062011719,333.742553710938,329.573059082031,344.556457519531,2492644.16748047,197452.828125,1,2584,1
365.171117523742,365.170776367188,365.171875,333.742553710938,333.015045166016,335.559051513672,961934.859375,169807.4375,1,2585,1
303.084604723416,303.084350585938,303.084808349609,70.7364349365234,66.7278060913086,79.3168258666992,3536153.28320312,196959.3125,1,2586,1
214.180563551609,214.180114746094,214.180648803711,175.260238647461,173.479354858398,177.533981323242,1344311.39453125,196956.15625,1,2587,1
132.065892854668,132.065795898438,132.065963745117,82.5928115844727,78.2724304199219,91.2270660400391,5433399.0625,196654.96875,1,2588,1
321.09532012565,321.094940185547,321.095825195312,48.9465446472168,47.8642997741699,55.2120513916016,2074749.7890625,195780.953125,1,2589,1
291.951582156884,291.951263427734,291.952026367188,48.9465446472168,44.8555450439453,59.6770515441895,3958529.62890625,178403.015625,1,2590,1
208.058329807647,208.058059692383,208.059005737305,111.208076477051,109.652069091797,115.202209472656,1169499.35449219,195375.796875,1,2591,1
469.259502793878,469.257873535156,469.26025390625,316.943054199219,309.760803222656,322.144287109375,2659470.71386719,195333.4375,1,2592,1
438.379687815023,438.379425048828,438.380035400391,592.064147949219,586.196044921875,594.251220703125,3748356.765625,195231.78125,1,2593,1
131.974476245635,131.974380493164,131.974533081055,3.56540298461914,0.524400889873505,9.13165187835693,3438652.890625,195043.015625,1,2594,1
420.223757009213,420.223480224609,420.223937988281,174.943740844727,172.02897644043,178.624237060547,1178717.11572266,194463.078125,1,2595,1
110.009177685453,110.009140014648,110.009216308594,766.28466796875,765.452026367188,767.374389648438,1024947.78125,194461.8125,1,2596,1
617.345998226235,617.344848632812,617.346496582031,219.217376708984,218.281005859375,222.168518066406,1160263.23632812,194441.59375,1,2597,1
257.128527399169,257.127899169922,257.128753662109,294.434906005859,291.892547607422,298.197326660156,1719903.85644531,194197.28125,1,2598,1
110.009164723113,110.00910949707,110.009246826172,706.379760742188,704.48388671875,719.237731933594,6542666.1796875,194143.671875,1,2599,1
386.14519421057,386.144897460938,386.145935058594,139.581588745117,137.038345336914,141.518966674805,1167577.82324219,193762.96875,1,2600,1
568.259555592249,568.257751464844,568.260131835938,331.910827636719,326.617919921875,336.761688232422,2260028.17382812,193534.140625,1,2601,1
572.235771058842,572.2353515625,572.238098144531,148.018341064453,142.641082763672,151.468978881836,1939014.4921875,193352.359375,1,2602,1
171.138393706161,171.138305664062,171.138549804688,354.520202636719,352.967956542969,358.319213867188,1414843.88671875,193304.734375,1,2603,1
388.124389035997,388.123840332031,388.124786376953,81.1404342651367,74.1985626220703,87.788818359375,4333846.00585938,193221.203125,1,2604,1
318.22823311828,318.227630615234,318.228515625,170.796615600586,160.178237915039,178.261978149414,5243116.06640625,192124.90625,1,2605,1
505.390582819325,505.389404296875,505.391296386719,508.980804443359,496.465637207031,520.462524414062,7349342.06054688,192054.21875,1,2606,1
351.157644469246,351.157440185547,351.158203125,350.540832519531,342.700317382812,352.419464111328,3012819.82421875,190079.921875,1,2607,1
467.302708157509,467.302093505859,467.3046875,217.276748657227,215.595504760742,221.423156738281,1226919.47851562,190049.171875,1,2608,1
161.969483114288,161.969223022461,161.969619750977,708.916625976562,705.20849609375,722.170715332031,7216429.328125,190016.859375,1,2609,1
130.073634076142,130.073501586914,130.073806762695,502.03076171875,493.430999755859,508.323516845703,2506367.52734375,189967.8125,1,2610,1
151.075732047082,151.075500488281,151.075836181641,325.052673339844,318.756195068359,328.829193115234,2443692.73828125,189797.5,1,2611,1
149.023499671175,149.023406982422,149.02360534668,696.037475585938,689.189453125,697.963623046875,4402901.5,189665.5,1,2612,1
514.289558935422,514.289001464844,514.289978027344,378.104949951172,376.512847900391,383.540344238281,2276761.3046875,189271,1,2613,1
497.290762583445,497.290496826172,497.291168212891,432.524353027344,431.796844482422,434.660491943359,1079119.24609375,189068.640625,1,2614,1
275.147103844759,275.14697265625,275.147613525391,141.887969970703,138.853729248047,147.653594970703,2992515.0546875,188687.375,1,2615,1
110.009168629926,110.009124755859,110.009216308594,749.320251464844,747.579650878906,754.378601074219,3202933.921875,188390.84375,1,2616,1
251.162527389553,251.162399291992,251.162857055664,289.582916259766,286.153900146484,292.625305175781,2267689.265625,188345.734375,1,2617,1
529.834943546236,529.832885742188,529.835571289062,540.486389160156,535.634887695312,544.813171386719,2671932.87597656,188318.125,1,2618,1
110.009176644927,110.009140014648,110.009223937988,756.73974609375,754.378601074219,763.040161132812,4017253.671875,188265.84375,1,2619,1
487.289656224597,487.287811279297,487.289886474609,364.256072998047,362.394714355469,369.061828613281,1306807.47851562,188147.359375,1,2620,1
302.305914386654,302.305084228516,302.306274414062,373.599853515625,364.640075683594,385.436096191406,5153571.25683594,187504.78125,1,2621,1
368.191923901363,368.191162109375,368.192443847656,489.322387695312,486.401519775391,493.430999755859,1881748.70507812,187220.375,1,2622,1
625.179276345791,625.178894042969,625.180603027344,194.933502197266,193.270629882812,196.059005737305,1045977.15625,186333.265625,1,2623,1
506.312556973661,506.312316894531,506.312774658203,311.700927734375,310.855194091797,313.1650390625,938994.953125,186280.5,1,2624,1
169.050403572363,169.049713134766,169.050704956055,138.853729248047,137.401596069336,140.676849365234,973127.2890625,185628.15625,1,2625,1
396.129815576673,396.129516601562,396.129974365234,420.741973876953,420.010833740234,422.671966552734,947548.609375,185407.890625,1,2626,1
418.246379274122,418.245452880859,418.24658203125,401.418609619141,399.119842529297,404.348480224609,1336877.12402344,185407.046875,1,2627,1
267.174698704812,267.174468994141,267.175811767578,401.418609619141,398.389221191406,405.078735351562,1366154.16455078,183223.671875,1,2628,1
486.286200975087,486.284637451172,486.288208007812,431.796844482422,411.953338623047,443.008880615234,2969085.01074219,184876.59375,1,2629,1
359.327392960618,359.326690673828,359.327697753906,308.591430664062,305.100189208984,313.534820556641,1983572.69433594,183513.296875,1,2630,1
177.008536743574,177.008377075195,177.008758544922,35.644172668457,35.2972946166992,47.8642997741699,3724655.796875,183485.609375,1,2631,1
646.409021193645,646.408264160156,646.409790039062,511.225372314453,509.344146728516,515.862426757812,1642224.859375,183469.84375,1,2632,1
691.31142696783,691.311157226562,691.312316894531,223.367141723633,221.795761108398,224.831634521484,999825.4296875,182002.859375,1,2633,1
239.095266828691,239.095138549805,239.095321655273,104.82445526123,104.135581970215,106.360694885254,957307.5625,181618.859375,1,2634,1
454.29469631687,454.292907714844,454.296539306641,455.453247070312,449.461151123047,461.097991943359,2161643.11767578,181414.46875,1,2635,1
279.195848758396,279.194488525391,279.196014404297,402.877716064453,398.755584716797,405.078735351562,1302451.65820312,180290.171875,1,2636,1
219.026985913986,219.02668762207,219.02751159668,37.8716697692871,36.7900352478027,49.3089141845703,4307989.96484375,179141.140625,1,2637,1
532.441605477319,532.440734863281,532.4443359375,691.452941894531,686.014770507812,693.404663085938,2828549.6171875,178858.90625,1,2638,1
347.262969304294,347.262542724609,347.263214111328,281.641540527344,278.791412353516,286.913787841797,2412178.01074219,178851.171875,1,2639,1
120.023955354346,120.02367401123,120.02409362793,714.803100585938,704.84619140625,728.736145019531,7562380.76464844,178712.9375,1,2640,1
608.475011598139,608.473815917969,608.477416992188,605.491088867188,601.983825683594,610.334594726562,1675262.79785156,178619.921875,1,2641,1
378.358391392652,378.357879638672,378.358581542969,631.408081054688,630.2724609375,633.466796875,1364609.5859375,178259.078125,1,2642,1
436.343394976202,436.342834472656,436.344940185547,675.574340820312,674.325500488281,680.48876953125,1781651.77734375,177998.9375,1,2643,1
498.294236614799,498.293914794922,498.294799804688,453.25537109375,452.071472167969,456.377258300781,1096387.53808594,177930.421875,1,2644,1
810.668344383198,810.666809082031,810.669799804688,655.582885742188,647.46337890625,662.540893554688,4602425.0234375,177844.3125,1,2645,1
380.111227308942,380.110656738281,380.111480712891,107.473945617676,105.51033782959,109.652069091797,1158421.13085938,177417.890625,1,2646,1
110.009156380442,110.009094238281,110.009208679199,734.681884765625,727.646240234375,741.721984863281,5524740.1015625,176434.265625,1,2647,1
422.384447871864,422.383941650391,422.385162353516,631.770324707031,627.111572265625,635.468322753906,1786741.85742188,176197.828125,1,2648,1
249.123763154885,249.123580932617,249.123931884766,98.4675674438477,96.2580642700195,101.528312683105,1528363.72070312,175661.375,1,2649,1
271.167056543572,271.16650390625,271.167449951172,188.879745483398,183.881362915039,193.270629882812,2125852.74414062,175626.953125,1,2650,1
247.24679216631,247.246231079102,247.247100830078,272.378021240234,268.457794189453,277.313140869141,1912759.25390625,175254.796875,1,2651,1
658.512544199775,658.510375976562,658.51318359375,557.717407226562,550.8818359375,560.206176757812,3099196.82421875,174937.421875,1,2652,1
126.07462787529,126.074562072754,126.074676513672,558.748779296875,552.887939453125,563.237426757812,4499643.6171875,174213.671875,1,2653,1
438.379603842018,438.379150390625,438.379974365234,599.315673828125,595.640197753906,601.983825683594,2569176.6328125,173723.765625,1,2654,1
280.162915419207,280.162445068359,280.163452148438,499.737274169922,496.465637207031,504.212280273438,2003322.515625,173306.828125,1,2655,1
272.258943195925,272.258514404297,272.259338378906,333.377288818359,328.084564208984,341.584442138672,3788947.48193359,173070.328125,1,2656,1
134.117807050374,134.117446899414,134.117935180664,35.2972946166992,27.0906639099121,36.4276695251465,1457828.82519531,173011.375,1,2657,1
409.111270061439,409.110534667969,409.1123046875,149.116104125977,146.150726318359,152.971725463867,1039406.93798828,172903.921875,1,2658,1
628.196947307839,628.195373535156,628.198852539062,660.283508300781,657.410583496094,662.540893554688,1166571.70556641,172886.984375,1,2659,1
126.074623667097,126.074569702148,126.074668884277,565.359069824219,563.237426757812,575.943542480469,5521569.734375,172833.828125,1,2660,1
486.286476437455,486.284698486328,486.288818359375,345.293823242188,340.803955078125,350.169555664062,1847761.83203125,172260.21875,1,2661,1
220.935028653779,220.934844970703,220.935195922852,416.275360107422,405.078735351562,433.614471435547,10364951.90625,171715.90625,1,2662,1
399.177121421115,399.1767578125,399.177520751953,132.180328369141,131.088958740234,133.289215087891,801940.71484375,171595.359375,1,2663,1
377.326678273389,377.326263427734,377.328491210938,563.969421386719,558.016784667969,570.144409179688,3031983.00488281,171541.328125,1,2664,1
202.14404541177,202.143783569336,202.14436340332,84.4071884155273,79.6219635009766,89.6356887817383,2086547.55273438,171285.953125,1,2665,1
549.216763166478,549.215393066406,549.217590332031,286.536437988281,282.391540527344,289.945922851562,1601028.04980469,171113.875,1,2666,1
248.170799720021,248.170593261719,248.170974731445,767.374389648438,761.227111816406,768.030517578125,2159369.59765625,170892.578125,1,2667,1
416.374394984712,416.374114990234,416.374877929688,453.25537109375,446.779998779297,457.370513916016,3975020.9375,170182.90625,1,2668,1
571.463372561233,571.462463378906,571.465759277344,560.206176757812,553.250183105469,569.780212402344,3242566.55078125,170011.21875,1,2669,1
346.11366377283,346.112976074219,346.114379882812,63.7788124084473,61.2485466003418,69.2863082885742,2002358.00976562,169605.171875,1,2670,1
596.312054499546,596.311340332031,596.313842773438,472.077117919922,466.459625244141,475.540740966797,2738777.37109375,168563.484375,1,2671,1
353.173530179302,353.173278808594,353.174652099609,385.054718017578,383.540344238281,389.947723388672,1247808.9453125,168350.6875,1,2672,1
320.256864406562,320.256683349609,320.257476806641,443.008880615234,438.415008544922,446.478118896484,2024469.39160156,167462.1875,1,2673,1
132.065888422662,132.065795898438,132.065963745117,129.165573120117,120.990211486816,147.653594970703,10033168.0703125,167038.09375,1,2674,1
172.133646335176,172.133514404297,172.133850097656,183.488754272461,175.260238647461,191.388366699219,4493086.96289062,166475.265625,1,2675,1
216.196326613014,216.196136474609,216.196578979492,270.288146972656,268.837280273438,274.599395751953,1164183.56933594,166455.046875,1,2676,1
238.178242139775,238.178009033203,238.178588867188,270.288146972656,268.193023681641,275.704284667969,1125295.56738281,157666.84375,1,2677,1
212.164849887164,212.164611816406,212.165100097656,539.029296875,535.2705078125,543.143188476562,1205925.25927734,166071.8125,1,2678,1
391.246222052735,391.245086669922,391.247039794922,402.149353027344,397.262725830078,408.837097167969,2551970.95996094,165976.765625,1,2679,1
597.212447054523,597.210693359375,597.213256835938,319.849426269531,316.943054199219,323.599426269531,1466511.47900391,165840.40625,1,2680,1
157.080253743443,157.080017089844,157.080505371094,27.4527912139893,26.7282886505127,32.5046577453613,1395990.109375,165603.328125,1,2681,1
209.102316674186,209.10188293457,209.102554321289,93.445556640625,88.8931884765625,98.1026916503906,1296864.85644531,165370.03125,1,2682,1
231.084444235007,231.084182739258,231.084945678711,93.445556640625,92.3340606689453,99.9365768432617,1110873.95361328,137252.671875,1,2683,1
694.36736370202,694.365295410156,694.368896484375,207.331161499023,205.736755371094,212.291641235352,1207503.11035156,165346.328125,1,2684,1
590.42824955483,590.426818847656,590.429321289062,516.92626953125,512.691162109375,521.58251953125,2174761.9296875,164842.921875,1,2685,1
596.501791289323,596.500854492188,596.503051757812,656.428344726562,654.7001953125,659.968994140625,1675605.953125,164829.234375,1,2686,1
209.15410204669,209.153793334961,209.154754638672,253.320907592773,248.925384521484,257.760803222656,1706738.97265625,164789.984375,1,2687,1
305.209344373817,305.209075927734,305.209503173828,372.093719482422,366.870330810547,376.512847900391,3062028.375,164645.390625,1,2688,1
180.102268712661,180.101898193359,180.102523803711,107.102821350098,105.990707397461,108.926567077637,1076716.11328125,164307.78125,1,2689,1
184.060800639146,184.060302734375,184.060928344727,68.1865539550781,65.1653060913086,73.7564315795898,1784808.93652344,164146.75,1,2690,1
141.983702042108,141.983642578125,141.983779907227,473.173858642578,466.769104003906,476.690002441406,3854699.828125,163419.515625,1,2691,1
587.239869264403,587.237548828125,587.242309570312,227.132369995117,222.623001098633,228.228744506836,1577022.51171875,163238.328125,1,2692,1
256.263833322953,256.263732910156,256.264526367188,564.332641601562,561.77392578125,568.016052246094,1047391.38916016,162838.25,1,2693,1
618.390377752127,618.387145996094,618.39208984375,532.709289550781,530.768798828125,539.029296875,2255430.18945312,162682.359375,1,2694,1
126.074643860822,126.074531555176,126.074714660645,541.689147949219,523.588500976562,542.416625976562,7300518.0546875,162253.921875,1,2695,1
157.083843080723,157.08381652832,157.083984375,105.199714660645,103.392074584961,106.360694885254,1063400.59375,162253.359375,1,2696,1
291.070360831927,291.070098876953,291.070434570312,58.9460525512695,56.4011764526367,60.4059295654297,1288125.2890625,161555.59375,1,2697,1
307.044378646079,307.044158935547,307.044555664062,58.9460525512695,57.1266708374023,61.6108016967773,995732.2109375,107145.28125,1,2698,1
141.983658446546,141.983581542969,141.983734130859,483.744384765625,476.690002441406,484.474151611328,2998618.4609375,161410.046875,1,2699,1
769.270516702829,769.269897460938,769.273681640625,213.41552734375,212.664001464844,216.461029052734,1128086.62695312,160575.140625,1,2700,1
295.190612652188,295.190124511719,295.190856933594,420.377716064453,419.196472167969,422.308715820312,916411.3984375,160362.28125,1,2701,1
285.131514715176,285.131408691406,285.131744384766,201.508255004883,200.646881103516,202.908111572266,810377.4140625,160177.75,1,2702,1
155.974407039774,155.974258422852,155.974533081055,711.535766601562,703.757446289062,717.424377441406,4282107.24609375,160152.40625,1,2703,1
247.943466258028,247.943084716797,247.94416809082,712.623474121094,703.757446289062,724.345397949219,4885310.4375,160145.59375,1,2704,1
265.159149714671,265.158416748047,265.159637451172,388.224090576172,385.054718017578,391.170715332031,1032716.08837891,160057.671875,1,2705,1
471.274329824498,471.27294921875,471.276153564453,325.417175292969,324.6904296875,331.167572021484,1488534.4921875,159558.515625,1,2706,1
141.983711303554,141.983657836914,141.983764648438,432.524353027344,430.068969726562,435.667388916016,2290467.5234375,159499.796875,1,2707,1
331.1369548955,331.136169433594,331.137725830078,221.423156738281,216.083877563477,228.228744506836,2248286.12304688,159332.109375,1,2708,1
287.233540580466,287.232818603516,287.234008789062,221.423156738281,219.913391113281,224.831634521484,1021727.92773438,138026.109375,1,2709,1
339.158625782603,339.158264160156,339.159545898438,497.193267822266,494.522003173828,500.830139160156,1151361.2578125,158781.96875,1,2710,1
644.497144907724,644.495666503906,644.498413085938,525.839294433594,522.617492675781,530.034545898438,2060520.25976562,158659.765625,1,2711,1
261.144945592218,261.14453125,261.145629882812,117.538581848145,116.053588867188,121.360824584961,984495.966796875,158526.890625,1,2712,1
234.097616642143,234.097381591797,234.098220825195,117.538581848145,115.202209472656,122.097465515137,1003279.68847656,155733.296875,1,2713,1
141.983731405274,141.983673095703,141.983779907227,456.377258300781,447.828643798828,457.370513916016,3706763.1484375,158510.15625,1,2714,1
490.317633217623,490.3173828125,490.318359375,307.417175292969,306.336791992188,309.035186767578,809843.53125,158175.9375,1,2715,1
147.053130176339,147.053039550781,147.053237915039,610.334594726562,606.325439453125,616.4794921875,3223096.265625,157554.90625,1,2716,1
126.07456577541,126.074501037598,126.074645996094,630.573364257812,625.182495117188,637.773620605469,4891348.59375,157488.140625,1,2717,1
141.983736375865,141.983688354492,141.983810424805,460.700622558594,457.370513916016,466.459625244141,3752030.7890625,156805.1875,1,2718,1
199.988323667837,199.987533569336,199.988906860352,17.4008045196533,9.43239498138428,31.457405090332,7729547.57421875,156401.921875,1,2719,1
185.117692442339,185.117279052734,185.117980957031,230.477386474609,214.040161132812,244.378158569336,4864117.29296875,155697.6875,1,2720,1
705.940944252638,705.939086914062,705.942016601562,527.611145019531,526.208679199219,534.538024902344,2184390.27832031,155510.265625,1,2721,1
373.272342425446,373.271514892578,373.273315429688,496.098999023438,491.613891601562,501.301391601562,1782151.77148438,155270.953125,1,2722,1
367.150680765214,367.150421142578,367.151916503906,208.905624389648,206.693267822266,211.559875488281,1205532.65136719,154917.140625,1,2723,1
119.085969402811,119.085914611816,119.086059570312,499.737274169922,489.322387695312,507.958160400391,4062064.75195312,154679.421875,1,2724,1
373.272123011412,373.271514892578,373.272918701172,488.949127197266,479.627502441406,491.613891601562,3063384.50976562,154442.296875,1,2725,1
628.387032874291,628.385375976562,628.388366699219,494.158508300781,489.686614990234,498.648376464844,1837346.66210938,154281.203125,1,2726,1
453.398572840187,453.396759033203,453.399566650391,593.886779785156,583.89892578125,607.417053222656,4813110.55957031,154231.125,1,2727,1
429.377868320731,429.377563476562,429.378295898438,447.828643798828,438.415008544922,452.889984130859,4158955.93164062,154077.046875,1,2728,1
214.003321278319,214.003051757812,214.003601074219,42.3165397644043,40.758544921875,47.8642997741699,2339584.09375,153911.421875,1,2729,1
141.983702521314,141.983612060547,141.983764648438,425.254730224609,417.375213623047,430.068969726562,4563596.3046875,153811.6875,1,2730,1
1074.54811268707,1074.54235839844,1074.55102539062,264.038269042969,263.3115234375,265.512145996094,857071.44140625,152731.46875,1,2731,1
675.421386448791,675.420043945312,675.423034667969,477.055114746094,473.906005859375,479.993377685547,1414422.95898438,152461.828125,1,2732,1
627.249839143802,627.248596191406,627.252197265625,282.017547607422,280.624908447266,286.153900146484,1078201.63183594,152306.828125,1,2733,1
454.268072417456,454.267425537109,454.269378662109,298.574035644531,295.159423828125,301.642303466797,1152382.76660156,152120.359375,1,2734,1
270.279466916657,270.278869628906,270.280517578125,585.72607421875,582.532958984375,590.967041015625,1476163.96386719,152071.46875,1,2735,1
126.074542418981,126.074478149414,126.074607849121,647.759582519531,643.120849609375,652.621887207031,3766750.8671875,151787.546875,1,2736,1
324.326402901258,324.325469970703,324.326507568359,696.601623535156,693.789123535156,697.963623046875,1100620.63867188,151628.125,1,2737,1
294.264507500919,294.264221191406,294.264862060547,435.289245605469,432.160095214844,439.732879638672,1439969.26074219,151482.046875,1,2738,1
277.237879016935,277.237609863281,277.238159179688,435.289245605469,434.351104736328,436.896362304688,897646.953125,144556.140625,1,2739,1
267.159482742381,267.15869140625,267.159881591797,222.168518066406,215.134506225586,232.69026184082,3470161.47851562,151455.578125,1,2740,1
166.08692612181,166.086730957031,166.087112426758,218.655517578125,217.969635009766,219.913391113281,810736.3125,150715.921875,1,2741,1
227.201024932844,227.200790405273,227.201278686523,428.601745605469,424.132598876953,432.886596679688,1826460.34765625,150540.09375,1,2742,1
220.935048708132,220.934951782227,220.935134887695,442.383270263672,434.660491943359,444.639526367188,3785522.015625,150177.5,1,2743,1
224.011857003441,224.011627197266,224.012191772461,705.20849609375,700.773620605469,717.78759765625,4028715.68945312,150027.84375,1,2744,1
228.196148617283,228.195983886719,228.196273803711,684.599731445312,681.289367675781,690.186584472656,2386815.76953125,149327.578125,1,2745,1
401.764783423172,401.764587402344,401.765686035156,205.353012084961,204.175247192383,209.631118774414,993850.504882812,148702.375,1,2746,1
554.251619629893,554.249450683594,554.252258300781,278.403930664062,273.135772705078,280.624908447266,1425827.11914062,148576.6875,1,2747,1
303.105443925855,303.104858398438,303.105834960938,49.3089141845703,47.5007934570312,54.1241683959961,1132549.50683594,148435.859375,1,2748,1
132.065954793274,132.06591796875,132.066024780273,159.431610107422,156.045486450195,166.295364379883,3592663.3359375,148418.890625,1,2749,1
220.935083064147,220.934951782227,220.935195922852,388.587585449219,382.85595703125,393.29248046875,3515908.5390625,148064.96875,1,2750,1
220.935057665182,220.934951782227,220.935195922852,455.085510253906,451.701995849609,462.138732910156,3746997.921875,148035.25,1,2751,1
331.002295164135,331.002014160156,331.002563476562,767.668273925781,747.217407226562,768.030517578125,7289632.046875,147941.671875,1,2752,1
892.543185231651,892.53955078125,892.544799804688,487.493011474609,483.016510009766,492.338653564453,1568958.41796875,147784.921875,1,2753,1
126.074654430262,126.074615478516,126.07470703125,513.799621582031,513.063659667969,523.289794921875,3838252.7265625,147667.96875,1,2754,1
157.011080261404,157.01091003418,157.011367797852,46.7759246826172,38.2349166870117,51.9553031921387,3253633.77539062,146693.515625,1,2755,1
272.25879424891,272.257934570312,272.259216308594,356.479309082031,351.673858642578,361.669189453125,1598745.6484375,146492.109375,1,2756,1
603.268912698771,603.267395019531,603.271301269531,232.300643920898,222.998504638672,244.062896728516,2874704.71289062,145851.578125,1,2757,1
269.209829268757,269.209655761719,269.210571289062,470.584777832031,468.591369628906,471.711639404297,1080171.4375,145431.71875,1,2758,1
232.013381315784,232.013137817383,232.014175415039,36.0644149780273,34.9504165649414,44.4921607971191,2757505.28125,145422.515625,1,2759,1
132.065975028417,132.065902709961,132.066024780273,191.762359619141,182.720108032227,202.348999023438,6754924.4921875,145217.96875,1,2760,1
484.385316800469,484.384033203125,484.386993408203,472.077117919922,469.981506347656,476.690002441406,1248615.63769531,145179.40625,1,2761,1
132.065949569905,132.065902709961,132.065994262695,170.043380737305,166.295364379883,173.167236328125,2406481.578125,145141.46875,1,2762,1
275.201208359338,275.200836181641,275.201934814453,332.648803710938,326.981170654297,336.396697998047,1762084.04296875,145135.296875,1,2763,1
612.286510236002,612.284118652344,612.287475585938,332.648803710938,329.944061279297,335.559051513672,1248550.4765625,144877.6875,1,2764,1
611.254950982783,611.254455566406,611.255554199219,257.760803222656,255.587280273438,259.296417236328,995409.756835938,144851.078125,1,2765,1
220.935077411093,220.934967041016,220.935180664062,448.143005371094,444.639526367188,451.701995849609,2630187.6328125,144641.25,1,2766,1
508.458045010194,508.457092285156,508.459045410156,574.145080566406,566.19580078125,581.490539550781,3327101.83984375,144622.59375,1,2767,1
662.416441514687,662.41552734375,662.417175292969,530.034545898438,529.36328125,534.173767089844,1578698.34375,144486.46875,1,2768,1
483.377705218644,483.377075195312,483.378265380859,517.291137695312,506.503021240234,524.501647949219,5145198.13671875,144428.5625,1,2769,1
454.295883170453,454.29541015625,454.297973632812,498.286010742188,496.828887939453,502.03076171875,994323.418945312,143720.078125,1,2770,1
158.964386076355,158.964279174805,158.964492797852,539.029296875,523.289794921875,550.622253417969,9522659.4609375,142954.328125,1,2771,1
247.129333450588,247.129241943359,247.129745483398,77.9044342041016,74.8586883544922,79.6219635009766,1194455.18554688,142867.109375,1,2772,1
131.085946121469,131.085876464844,131.086151123047,416.275360107422,411.953338623047,421.214721679688,1847170.25,142749.484375,1,2773,1
132.065959882381,132.065841674805,132.066055297852,209.631118774414,203.543991088867,211.197631835938,2808261.4765625,142580.109375,1,2774,1
423.2907127381,423.290405273438,423.291870117188,258.142913818359,256.469543457031,259.942901611328,925981.826171875,142327.296875,1,2775,1
132.065959659752,132.065872192383,132.066040039062,227.502136230469,216.831497192383,234.922637939453,6195502.4296875,142224.53125,1,2776,1
337.178348565287,337.177795410156,337.179443359375,380.356079101562,375.78759765625,384.598571777344,1793655.4453125,142127.90625,1,2777,1
131.974539388631,131.973937988281,131.97477722168,44.4921607971191,27.0906639099121,58.9460525512695,6200896.63867188,141762.875,1,2778,1
800.445033642009,800.442016601562,800.445922851562,288.96142578125,285.301788330078,290.679779052734,879579.301757812,141707.203125,1,2779,1
584.36007094007,584.358825683594,584.361633300781,495.261138916016,491.248626708984,500.830139160156,1606771.62792969,141321.671875,1,2780,1
115.087068827198,115.087028503418,115.087135314941,668.139587402344,664.532104492188,674.987854003906,4015895.71875,141297.71875,1,2781,1
452.280218730788,452.278259277344,452.280792236328,327.716186523438,321.414794921875,332.648803710938,1070479.70410156,141222.09375,1,2782,1
220.935018748206,220.934844970703,220.935134887695,396.156463623047,393.664459228516,404.348480224609,3745990.5390625,141031.078125,1,2783,1
804.491650774464,804.490356445312,804.4931640625,490.049896240234,487.493011474609,491.248626708984,1020176.90625,140909.875,1,2784,1
737.334230031329,737.33154296875,737.335327148438,216.831497192383,214.040161132812,219.217376708984,1279305.91699219,140705.765625,1,2785,1
257.190521365305,257.189453125,257.190795898438,372.093719482422,370.532440185547,375.411193847656,920554.134277344,140272.59375,1,2786,1
527.133102989693,527.131164550781,527.134216308594,438.415008544922,436.519104003906,443.008880615234,1236823.07421875,139368.796875,1,2787,1
456.273979001419,456.272644042969,456.276824951172,357.214447021484,355.640686035156,360.136322021484,933063.521972656,139258.34375,1,2788,1
329.211504605315,329.210723876953,329.212188720703,528.634521484375,526.208679199219,541.326904296875,1874731.62402344,139023.640625,1,2789,1
377.173231257086,377.172698974609,377.173706054688,475.172882080078,469.981506347656,477.055114746094,1753479.79931641,138377.265625,1,2790,1
199.169749439915,199.169281005859,199.170806884766,354.893981933594,350.540832519531,359.051055908203,1446626.57617188,138182.046875,1,2791,1
183.101815223902,183.1015625,183.102005004883,135.109085083008,125.445983886719,137.401596069336,3741174.359375,137783.59375,1,2792,1
132.065953914464,132.065887451172,132.065994262695,176.803970336914,173.167236328125,182.019607543945,3249722.3515625,137662.6875,1,2793,1
280.264035251577,280.263732910156,280.264343261719,441.322235107422,437.522003173828,447.149841308594,1721411.82421875,137508.78125,1,2794,1
237.164090484851,237.163208007812,237.165283203125,290.679779052734,289.582916259766,295.530548095703,1136953.68457031,137381.234375,1,2795,1
150.026798576563,150.02668762207,150.027099609375,675.971130371094,671.351318359375,683.65234375,1645503.95361328,136925.90625,1,2796,1
219.117209675873,219.116806030273,219.117523193359,464.482391357422,460.094848632812,468.955749511719,1609341.08789062,136666.3125,1,2797,1
126.074643765646,126.074569702148,126.07470703125,503.120513916016,496.465637207031,507.958160400391,3731936.328125,136559.8125,1,2798,1
251.162597831965,251.162307739258,251.163024902344,294.434906005859,292.625305175781,301.264556884766,2101364.6953125,136355.25,1,2799,1
161.969458390624,161.969253540039,161.969619750977,722.533020019531,722.170715332031,729.838134765625,2437653.9453125,136293.46875,1,2800,1
339.10738020374,339.106109619141,339.107879638672,186.596862792969,181.634368896484,190.231262207031,1738086.36132812,136012.703125,1,2801,1
188.12859966326,188.128540039062,188.128692626953,168.175979614258,164.018478393555,172.78498840332,1987179.84765625,135786.75,1,2802,1
634.455191251614,634.453979492188,634.455993652344,515.135009765625,511.225372314453,519.009155273438,1614404.85546875,135301.0625,1,2803,1
126.074579616793,126.074478149414,126.074638366699,663.163879394531,661.1357421875,696.037475585938,10220827.9414062,134801.5,1,2804,1
435.212857068489,435.211578369141,435.213775634766,452.889984130859,451.701995849609,456.741363525391,998085.313476562,134440.953125,1,2805,1
672.413030942839,672.411254882812,672.4150390625,493.430999755859,488.224639892578,498.286010742188,1748905.95605469,134404.375,1,2806,1
109.101797519213,109.101737976074,109.101890563965,325.052673339844,318.392822265625,332.648803710938,2504775.86328125,133880.546875,1,2807,1
219.174893190236,219.174682617188,219.175186157227,448.826751708984,444.639526367188,453.619750976562,1169055.74804688,133814.46875,1,2808,1
315.150014642725,315.149505615234,315.150451660156,491.613891601562,488.586761474609,493.794250488281,1046745.45117188,133522.296875,1,2809,1
213.185380256342,213.185195922852,213.185577392578,392.992584228516,388.587585449219,399.119842529297,1918489.57617188,133492.734375,1,2810,1
366.176287706683,366.175598144531,366.1767578125,407.738586425781,403.983337402344,411.267486572266,1002016.24707031,131203.21875,1,2811,1
286.855047828657,286.854400634766,286.855438232422,709.639526367188,703.032470703125,722.895263671875,3917135.734375,129337.203125,1,2812,1
269.15396887873,269.153350830078,269.154144287109,396.523834228516,393.664459228516,402.149353027344,1737012.99414062,128769.125,1,2813,1
209.115549398557,209.115417480469,209.115768432617,259.296417236328,257.1455078125,263.3115234375,1622875.23828125,126293.453125,1,2814,1
183.100075494461,183.099731445312,183.100936889648,119.772720336914,111.926071166992,121.360824584961,1970661.375,124484.28125,1,2815,1
333.204350343796,333.20361328125,333.205505371094,387.04296875,382.484710693359,395.37158203125,2096064.02050781,123206.4609375,1,2816,1
168.063438336135,168.063278198242,168.064208984375,65.1653060913086,63.4165573120117,68.5525588989258,1139796.66796875,123141.1171875,1,2817,1
143.034220591545,143.0341796875,143.034317016602,60.0402946472168,57.1266708374023,65.5279312133789,1470009.07910156,121637.6796875,1,2818,1
289.194996784896,289.194671630859,289.195983886719,459.499389648438,457.370513916016,463.786376953125,1087540.26074219,120723.0390625,1,2819,1
195.138331287263,195.138168334961,195.138397216797,302.765045166016,301.264556884766,305.100189208984,1066803.515625,120332.90625,1,2820,1
169.122642019682,169.122360229492,169.122787475586,266.345916748047,262.181671142578,271.426422119141,2320516.3046875,114980.328125,1,2821,1
163.086844932639,163.086578369141,163.087173461914,69.6485595703125,64.1413116455078,72.6583023071289,1533620.6640625,112077.359375,1,2822,1
307.169138843842,307.168731689453,307.169372558594,107.473945617676,104.135581970215,107.83869934082,834179.302734375,109341.328125,1,2823,1
394.351973817488,394.351348876953,394.352661132812,664.902221679688,663.163879394531,665.269592285156,723395.546875,109167.3984375,1,2824,1
