peak,id,name,inchi,formula,adduct,m/z,rt,top2ratio
208,peak_208_msfinder_1,"4-[(1-{[carboxy(hydroxy)methyl]carbamoyl}-2-[13'-(methylamino)-27'-oxo-15'-[(pyridin-4-yl)methyl]dispiro[cyclopentane-1,18'-[26]oxapentacyclo[15.10.1.0?,??.0?,??.0??,??]octacosane-23',1''-cyclopentane]-5',7',9',14',25'(28')-pentaen-2'-yn-24'-ylsulfanyl]ethyl)carbamoyl]-2-{[(methylamino)methyl]amino}butanoic acid","InChI=1S/C54H70N6O9S/c1-55-33-58-40(49(64)65)17-18-42(61)59-41(47(62)60-48(63)50(66)67)32-70-46-45-44-38(52(21-5-6-22-52)23-7-8-24-53(46)25-9-10-26-53)31-37(30-34-19-28-57-29-20-34)43-39(56-2)16-15-36-13-4-3-12-35(36)14-11-27-54(43,44)51(68)69-45/h3-4,12-13,19-20,28-29,38-41,46,48,55-56,58,63H,5-10,14-18,21-26,30-33H2,1-2H3,(H,59,61)(H,60,62)(H,64,65)(H,66,67)",C54H71N6O9S,M+H,979.4997750332101,5.959661356608066,0.7433546433378196
211,peak_211_msfinder_1,"6-acetyl-5-hydroxy-4-[10''''-(3-hydroxypropyl)tetraspiro[tetrakis(cyclopentane)-1,1':3',1'':2'',1''':3''',4''''-[8,20,27]trioxaheptacyclo[12.11.1.1?,?.1??,??.0??,??.0??,??.0??,??]octacosane]-11'''',14''''(26'''')-diene-18'''',22'''',23''''-trioloxy]-7-methylnaphthalene-2-carboxylic acid","InChI=1S/C58H74O12/c1-31-21-33-22-34(51(65)66)23-42(44(33)47(62)43(31)32(2)60)68-52-48(63)49(64)58-26-37-38-25-54(17-19-56(29-54)14-5-13-55(56)18-16-53(28-55)11-3-4-12-53)24-35-27-67-30-57(46(35)38,15-6-20-59)39-8-7-36(45(37)39)41(70-58)10-9-40(61)50(58)69-52/h8,21-23,35,37-38,40-41,46,48-50,52,59,61-64H,3-7,9-20,24-30H2,1-2H3,(H,65,66)",C58H75O12,M+H,963.52530381986,5.959661356608066,0.917685771818673
214,peak_214_metfrag_1,"17-ethyl-12-[1-[4-[2-(4-fluoro-3,5-dimethylphenyl)-2-hydroxyethoxy]-3-methoxycyclohexyl]prop-1-en-2-yl]-1,14-dihydroxy-23,25-dimethoxy-13,19,21,27-tetramethyl-11,28-dioxa-4-azatricyclo[22.3.1.04,9]octacos-18-ene-2,3,10,16-tetrone","InChI=1S/C53H80FNO13/c1-12-37-20-29(2)19-30(3)21-45(64-10)49-46(65-11)25-34(7)53(62,68-49)50(59)51(60)55-18-14-13-15-39(55)52(61)67-48(35(8)40(56)27-41(37)57)33(6)22-36-16-17-43(44(26-36)63-9)66-28-42(58)38-23-31(4)47(54)32(5)24-38/h20,22-24,30,34-37,39-40,42-46,48-49,56,58,62H,12-19,21,25-28H2,1-11H3",C53H81FNO13,M+H,958.56864579997,5.959661356608066,0.7842293906810036
215,C08841,Withaferin A,"InChI=1S/C28H38O6/c1-14-11-21(33-25(32)17(14)13-29)15(2)18-5-6-19-16-12-24-28(34-24)23(31)8-7-22(30)27(28,4)20(16)9-10-26(18,19)3/h7-8,15-16,18-21,23-24,29,31H,5-6,9-13H2,1-4H3",C56H77O12,2M+H,941.5409538843201,5.959661356608066,0.28109854604200324
218,peak_218_metfrag_2,"1-N-[4-[(cyclohexylsulfonylamino)-ethylamino]-1-(3,5-difluorocyclohexyl)-3-hydroxybutan-2-yl]-3-N,3-N-dipropyl-5-sulfamoylcyclohexane-1,3-dicarboxamide","InChI=1S/C32H59F2N5O7S2/c1-4-12-38(13-5-2)32(42)24-17-23(18-28(19-24)47(35,43)44)31(41)36-29(16-22-14-25(33)20-26(34)15-22)30(40)21-39(6-3)37-48(45,46)27-10-8-7-9-11-27/h22-30,37,40H,4-21H2,1-3H3,(H,36,41)(H2,35,43,44)",C32H60F2N5O7S2,M+H,728.38967393497,5.959661356608066,0.01743810548977398
222,C19898,Manzamine A,"InChI=1S/C36H44N4O/c41-36-18-10-4-1-2-5-11-20-39-22-17-30(35(25-39)23-26-13-7-3-6-12-21-40(26)34(35)36)29(24-36)32-33-28(16-19-37-32)27-14-8-9-15-31(27)38-33/h1,4,7-9,13-16,19,24,26,30,34,38,41H,2-3,5-6,10-12,17-18,20-23,25H2",C36H44N4NaO,M+Na,571.3407300554101,5.959661356608066,0.9852166716822148
223,NPA000836,N-demethylstreptomycin,"InChI=1S/C20H37N7O12/c1-4-20(35,3-29)15(39-16-6(21)10(31)9(30)5(2-28)37-16)17(36-4)38-14-8(27-19(24)25)11(32)7(26-18(22)23)12(33)13(14)34/h3-17,28,30-35H,2,21H2,1H3,(H4,22,23,26)(H4,24,25,27)",C20H38N7O12,M+H,568.25729565836,5.959661356608066,0.9838375307125307
224,NPA011478,Sterhirsutin G,"InChI=1S/C31H38O8/c1-14-22(32)25(18-8-16-9-28(2,26(35)36)11-19(16)30(14,18)4)39-27(37)29(3)10-15-7-17-23(33)24(34)21(13-38-6)31(17,5)20(15)12-29/h15-17,19-20,34H,1,7-13H2,2-6H3,(H,35,36)",C31H38NaO8,M+Na,561.2458861813001,5.959661356608066,0.7214648798521257
225,peak_225_sirius_1,"2,6-dibutyl-3-propyl-5-[[4-[2-(2H-tetrazol-5-yl)phenyl]phenyl]methyl]pyrimidin-4-one","InChI=1S/C29H36N6O/c1-4-7-13-26-25(29(36)35(19-6-3)27(30-26)14-8-5-2)20-21-15-17-22(18-16-21)23-11-9-10-12-24(23)28-31-33-34-32-28/h9-12,15-18H,4-8,13-14,19-20H2,1-3H3,(H,31,32,33,34)",C30H39N6O3,M+CH2O2+H,531.30781556643,5.959661356608066,0.34499845153298236
226,NPA018249,Delaminomycin B,"InChI=1S/C30H45NO6/c1-7-23(33)18(3)10-8-9-11-22(32)16-21-13-12-20-15-17(2)14-19(4)25(20)30(21,5)27(35)24-26(34)29(37-6)31-28(24)36/h8-13,17-23,25,29,32-33,35H,7,14-16H2,1-6H3,(H,31,36)",C30H46NO6,M+H,516.3319641722001,5.959661356608066,0.5184959844244341
228,peak_228_msfinder_1,"tert-butyl N-[(2S,3R)-3-hydroxy-4-[(4-methoxyphenyl)sulfonyl-propan-2-yloxyamino]-1-phenylbutan-2-yl]carbamate","InChI=1S/C25H36N2O7S/c1-18(2)34-27(35(30,31)21-14-12-20(32-6)13-15-21)17-23(28)22(16-19-10-8-7-9-11-19)26-24(29)33-25(3,4)5/h7-15,18,22-23,28H,16-17H2,1-6H3,(H,26,29)",C25H37N2O7S,M+H,509.23159868053,5.959661356608066,0.9739182452642073
230,NPA012639,Delaminomycin A,"InChI=1S/C29H43NO6/c1-6-22(32)17(3)9-7-8-10-21(31)15-20-12-11-19-14-16(2)13-18(4)24(19)29(20,5)26(34)23-25(33)28(36)30-27(23)35/h7-12,16-22,24,28,31-32,34,36H,6,13-15H2,1-5H3,(H,30,35)",C29H44NO6,M+H,502.31631410773997,5.959661356608066,0.5117613310384395
233,peak_233_sirius_1,Withanone,"InChI=1S/C28H38O6/c1-14-13-19(33-24(30)15(14)2)16(3)27(31)12-9-17-21-18(8-11-25(17,27)4)26(5)20(29)7-6-10-28(26,32)23-22(21)34-23/h6-7,16-19,21-23,31-32H,8-13H2,1-5H3",C28H38NaO6,M+Na,493.25605694216,5.959661356608066,0.48870788596815995
236,peak_236_sirius_1,Withanone,"InChI=1S/C28H38O6/c1-14-13-19(33-24(30)15(14)2)16(3)27(31)12-9-17-21-18(8-11-25(17,27)4)26(5)20(29)7-6-10-28(26,32)23-22(21)34-23/h6-7,16-19,21-23,31-32H,8-13H2,1-5H3",C28H42NO6,M+NH4,488.30066194216,5.959661356608066,0.27207162397413576
238,peak_238_msfinder_1,"6-[(4-{[1,1'-biphenyl]-4-yl}-1H-1,2,3-triazol-1-yl)methyl]-N-cyclohexyl-1-azabicyclo[2.2.2]octane-3-carboxamide","InChI=1S/C29H35N5O/c35-29(30-25-9-5-2-6-10-25)27-19-33-16-15-24(27)17-26(33)18-34-20-28(31-32-34)23-13-11-22(12-14-23)21-7-3-1-4-8-21/h1,3-4,7-8,11-14,20,24-27H,2,5-6,9-10,15-19H2,(H,30,35)",C29H36N5O,M+H,470.29143676977,5.959661356608066,0.6477776285752652
240,peak_240_msfinder_1,UNPD174657,"InChI=1S/C28H36O5/c1-15-14-23(33-25(31)16(15)2)17(3)28(32)13-11-19-18-6-7-21-22(29)8-9-24(30)27(21,5)20(18)10-12-26(19,28)4/h7-9,17,20,22-23,29,32H,6,10-14H2,1-5H3",C28H37O5,M+H,453.26355025813,5.959661356608066,0.6599569565767819
242,peak_242_msfinder_1,Balaenonol,"InChI=1S/C28H34O4/c1-14-11-21-27(5)10-9-26(4)18(8-7-17-16(3)24(31)20(29)12-19(17)26)22(27)15(2)13-28(21,6)25(32)23(14)30/h7-8,12,14,21,23,30-31H,9-11,13H2,1-6H3",C28H35O4,M+H,435.2529855741,5.959661356608066,0.6675854465270121
244,peak_244_sirius_1,"[2-[(8S,9R,10S,11S,13S,14S,16R,17S)-9-fluoro-11-hydroxy-10,13,16-trimethyl-3-methylidene-7,8,11,12,14,15,16,17-octahydro-6H-cyclopenta[a]phenanthren-17-yl]-2-oxoethyl] acetate","InChI=1S/C25H33FO4/c1-14-8-9-24(5)17(10-14)6-7-18-19-11-15(2)22(20(28)13-30-16(3)27)23(19,4)12-21(29)25(18,24)26/h8-10,15,18-19,21-22,29H,1,6-7,11-13H2,2-5H3",C25H34FO4,M+H,417.2435637046,5.959661356608066,0.3612976449446704
246,peak_246_sirius_1,"(E,E,E)-3-methyl-7-(5,6-dihydro-5,5-dimethyl-8-(4-methylphenyl)-2-naphthalenyl)-2,4,6-octatrienoic Acid","InChI=1S/C28H30O2/c1-19-9-11-22(12-10-19)24-15-16-28(4,5)26-14-13-23(18-25(24)26)21(3)8-6-7-20(2)17-27(29)30/h6-15,17-18H,16H2,1-5H3,(H,29,30)",C28H31O2,M+H,399.23185620604,5.959661356608066,0.7086520313896891
249,peak_249_msfinder_1,"7-Hydroxy-2,2-dimethyl-5-(2-phenylethyl)chromene","InChI=1S/C19H20O2/c1-19(2)11-10-17-15(12-16(20)13-18(17)21-19)9-8-14-6-4-3-5-7-14/h3-7,10-13,20H,8-9H2,1-2H3",C19H21O2,M+H,281.15360588374,5.959661356608066,0.015380604796663144
251,C14335,Pyrene,InChI=1S/C16H10/c1-3-11-7-9-13-5-2-6-14-10-8-12(4-1)15(11)16(13)14/h1-10H,C19H19O,M+IsoProp+H,263.1435903223,5.959661356608066,0.6039468039468039
293,peak_293_sirius_1,"2-[3-[2-[3-(N-methylanilino)propanoyloxy]ethoxy]-2,2-bis[2-[3-(N-methylanilino)propanoyloxy]ethoxymethyl]propoxy]ethyl 3-(N-methylanilino)propanoate","InChI=1S/C53H72N4O12/c1-54(45-17-9-5-10-18-45)29-25-49(58)66-37-33-62-41-53(42-63-34-38-67-50(59)26-30-55(2)46-19-11-6-12-20-46,43-64-35-39-68-51(60)27-31-56(3)47-21-13-7-14-22-47)44-65-36-40-69-52(61)28-32-57(4)48-23-15-8-16-24-48/h5-24H,25-44H2,1-4H3",C53H72N4NaO12,M+Na,979.50389177312,5.2623530069986995,0.44362873623492394
296,peak_296_msfinder_1,"6-acetyl-5-hydroxy-4-[10''''-(3-hydroxypropyl)tetraspiro[tetrakis(cyclopentane)-1,1':3',1'':2'',1''':3''',4''''-[8,20,27]trioxaheptacyclo[12.11.1.1?,?.1??,??.0??,??.0??,??.0??,??]octacosane]-11'''',14''''(26'''')-diene-18'''',22'''',23''''-trioloxy]-7-methylnaphthalene-2-carboxylic acid","InChI=1S/C58H74O12/c1-31-21-33-22-34(51(65)66)23-42(44(33)47(62)43(31)32(2)60)68-52-48(63)49(64)58-26-37-38-25-54(17-19-56(29-54)14-5-13-55(56)18-16-53(28-55)11-3-4-12-53)24-35-27-67-30-57(46(35)38,15-6-20-59)39-8-7-36(45(37)39)41(70-58)10-9-40(61)50(58)69-52/h8,21-23,35,37-38,40-41,46,48-50,52,59,61-64H,3-7,9-20,24-30H2,1-2H3,(H,65,66)",C58H75O12,M+H,963.52530381986,5.2623530069986995,0.9095293209876543
297,NPA011478,Sterhirsutin G,"InChI=1S/C31H38O8/c1-14-22(32)25(18-8-16-9-28(2,26(35)36)11-19(16)30(14,18)4)39-27(37)29(3)10-15-7-17-23(33)24(34)21(13-38-6)31(17,5)20(15)12-29/h15-17,19-20,34H,1,7-13H2,2-6H3,(H,35,36)",C31H38NaO8,M+Na,561.2458861813001,5.2623530069986995,0.8000957752474194
299,NPA000728,Cyclo(Pro-Phe-Pro-Phe),"InChI=1S/C28H32N4O4/c33-25-23-13-8-16-32(23)28(36)22(18-20-11-5-2-6-12-20)30-26(34)24-14-7-15-31(24)27(35)21(29-25)17-19-9-3-1-4-10-19/h1-6,9-12,21-24H,7-8,13-18H2,(H,29,33)(H,30,34)",C28H32N4NaO4,M+Na,511.23157352736,5.2623530069986995,0.029406522901443632
301,NPA012639,Delaminomycin A,"InChI=1S/C29H43NO6/c1-6-22(32)17(3)9-7-8-10-21(31)15-20-12-11-19-14-16(2)13-18(4)24(19)29(20,5)26(34)23-25(33)28(36)30-27(23)35/h7-12,16-22,24,28,31-32,34,36H,6,13-15H2,1-5H3,(H,30,35)",C29H44NO6,M+H,502.31631410773997,5.2623530069986995,0.5365640961754079
302,NPA023397,Cyanopeptolin CP990,"InChI=1S/C49H70N10O12/c1-6-7-10-21-37(60)53-34(27-39(62)63)43(65)57-41-29(4)71-48(70)40(28(2)3)56-44(66)35(25-30-16-11-8-12-17-30)58(5)47(69)36(26-31-18-13-9-14-19-31)59-38(61)23-22-33(46(59)68)55-42(64)32(54-45(41)67)20-15-24-52-49(50)51/h8-9,11-14,16-19,28-29,32-36,38,40-41,61H,6-7,10,15,20-27H2,1-5H3,(H,53,60)(H,54,67)(H,55,64)(H,56,66)(H,57,65)(H,62,63)(H4,50,51,52)",C49H72N10O12,M+2H,496.26600986761997,5.2623530069986995,0.222732181425486
305,peak_305_sirius_1,Withanone,"InChI=1S/C28H38O6/c1-14-13-19(33-24(30)15(14)2)16(3)27(31)12-9-17-21-18(8-11-25(17,27)4)26(5)20(29)7-6-10-28(26,32)23-22(21)34-23/h6-7,16-19,21-23,31-32H,8-13H2,1-5H3",C28H42NO6,M+NH4,488.30066194216,5.2623530069986995,0.2824387701928087
309,peak_309_sirius_1_msfinder_4,Tubocapsanolide F,"InChI=1S/C28H38O6/c1-14-12-20(33-24(31)15(14)2)16(3)27(32)11-9-18-17-13-23-28(34-23)22(30)7-6-21(29)26(28,5)19(17)8-10-25(18,27)4/h6-7,16-20,22-23,30,32H,8-13H2,1-5H3",C28H39O6,M+H,471.27411494216,5.2623530069986995,0.006881198138028788
310,NPA000083,Oxydifficidin,"InChI=1S/C31H45O7P/c1-6-16-24(2)21-22-28-18-15-14-17-25(3)30(38-39(34,35)36)20-13-11-9-7-8-10-12-19-29(32)27(5)26(4)23-31(33)37-28/h6-10,12,14-17,19,27-30,32H,1,4,11,13,18,20-23H2,2-3,5H3,(H2,34,35,36)",C31H47O7P,M+2H,281.15242139288,5.2623530069986995,0.8946627359528314
311,VF-NPL-QEHF005xxx_12,DAH-3-Keto-4-en,"InChI=1S/C19H20O/c20-19(16-15-18-11-5-2-6-12-18)14-8-7-13-17-9-3-1-4-10-17/h1-6,8-12,14H,7,13,15-16H2",C19H21O,M+H,265.15869126417,5.2623530069986995,0.9845748683220467
313,C00078,L-Tryptophan,"InChI=1S/C11H12N2O2/c12-9(11(14)15)5-7-6-13-10-4-2-1-3-8(7)10/h1-4,6,9,13H,5,12H2,(H,14,15)",C22H25N4O4,2M+H,409.18703126952,1.8214804331461667,0.9153991200502829
314,C01518,Nigerose,"InChI=1S/C12H22O11/c13-1-3-5(15)7(17)8(18)12(22-3)23-10-6(16)4(2-14)21-11(20)9(10)19/h3-20H,1-2H2",C12H22NaO11,M+Na,365.10542952432996,1.8214804331461667,0.00591715976331364
315,NPA005878,"(E)-Non-2-en-4,6,8-triynoic acid","InChI=1S/C9H4O2/c1-2-3-4-5-6-7-8-9(10)11/h1,7-8H,(H,10,11)",C18H9O4,2M+H,289.04953473612,1.8214804331461667,0.9745331069609507
317,C00078,L-Tryptophan,"InChI=1S/C11H12N2O2/c12-9(11(14)15)5-7-6-13-10-4-2-1-3-8(7)10/h1-4,6,9,13H,5,12H2,(H,14,15)",C11H12N2NaO2,M+Na,227.07909563476,1.8214804331461667,0.9686891312816517
320,C00078,L-Tryptophan,"InChI=1S/C11H12N2O2/c12-9(11(14)15)5-7-6-13-10-4-2-1-3-8(7)10/h1-4,6,9,13H,5,12H2,(H,14,15)",C11H13N2O2,M+H,205.09715363476,1.8214804331461667,0.9630740309730552
323,C21283,3-Indoleacrylate,"InChI=1S/C11H9NO2/c13-11(14)6-5-8-7-12-10-4-2-1-3-9(8)10/h1-7,12H,(H,13,14)",C11H10NO2,M+H,188.07060453364,1.8214804331461667,0.8954475069681016
324,C17245,5-Methylthiopentanaldoxime,"InChI=1S/C6H13NOS/c1-9-6-4-2-3-5-7-8/h5,8H,2-4,6H2,1H3",C6H13NNaOS,M+Na,170.06100321738998,1.8214804331461667,0.9143109895854277
325,NPA031625,Colletotryptin F,"InChI=1S/C20H18N2O2/c23-20(11-15-13-22-19-8-4-2-6-17(15)19)24-10-9-14-12-21-18-7-3-1-5-16(14)18/h1-8,12-13,21-22H,9-11H2",C20H20N2O2,M+2H,160.07568991406998,1.8214804331461667,0.030201342281879207
326,C19463,"1,5-Naphthalenediamine","InChI=1S/C10H10N2/c11-9-5-1-3-7-8(9)4-2-6-10(7)12/h1-6H,11-12H2",C10H11N2,M+H,159.09167433116,1.8214804331461667,0.5067123678948873
327,C08493,Indole-3-carboxaldehyde,"InChI=1S/C9H7NO/c11-6-7-5-10-9-4-2-1-3-8(7)9/h1-6,10H",C9H8NO,M+H,146.06003984961,1.8214804331461667,0.5216566005176877
328,C14790,1-Naphthylamine,"InChI=1S/C10H9N/c11-10-7-3-5-8-4-1-2-6-9(8)10/h1-7H,11H2",C10H10N,M+H,144.0807752945,1.8214804331461667,0.07874581139301107
329,C08313,Skatole,"InChI=1S/C9H9N/c1-7-6-10-9-5-3-2-4-8(7)9/h2-6,10H,1H3",C9H10N,M+H,132.0807752945,1.8214804331461667,0.0129999999999999
330,C06323,Isoquinoline,InChI=1S/C9H7N/c1-2-4-9-7-10-6-5-8(9)3-1/h1-7H,C9H8N,M+H,130.06512523004,1.8214804331461667,0.03240689882456327
331,C00463,Indole,"InChI=1S/C8H7N/c1-2-4-8-7(3-1)5-6-9-8/h1-6,9H",C8H8N,M+H,118.06512523004001,1.8214804331461667,0.41445064210662863
372,C20011,Homoyessotoxin,"InChI=1S/C56H84O21S2/c1-10-12-29(2)13-17-52(5,58)51-31(4)21-40-39(72-51)27-47-56(9,75-40)50(57)49-43(71-47)25-42-48(73-49)30(3)14-18-54(7)45(70-42)28-44-55(8,77-54)19-15-32-33(69-44)22-35-34(66-32)23-36-37(67-35)24-41-38(68-36)26-46(76-79(62,63)64)53(6,74-41)16-11-20-65-78(59,60)61/h10,13,17,30,32-51,57-58H,1-2,4,11-12,14-16,18-28H2,3,5-9H3,(H,59,60,61)(H,62,63,64)",C56H85O21S2,M+H,1157.5019280670901,4.8588195800781335,0.8812912952862401
374,peak_374_metfrag_6,"N-[5-[5-[5-[4-[2-fluoro-2-[2-methyl-3-[5-[5-[4-(2-propan-2-yloxyethyl)piperazin-1-yl]pyridin-3-yl]-1,2-dihydrotriazol-3-yl]-5-[[4-(trifluoromethyl)pyridine-2-carbonyl]amino]pyridin-1-ium-1-yl]ethyl]piperazin-1-yl]pyridin-3-yl]-1,2-dihydrotriazol-3-yl]-6-methylpyridin-3-yl]-4-(trifluoromethyl)pyridine-2-carboxamide","InChI=1S/C55H59F7N18O3/c1-34(2)83-18-17-74-9-13-76(14-10-74)43-20-38(26-64-28-43)48-32-80(73-71-48)50-24-42(69-53(82)46-22-40(6-8-66-46)55(60,61)62)30-78(36(50)4)51(56)33-75-11-15-77(16-12-75)44-19-37(25-63-29-44)47-31-79(72-70-47)49-23-41(27-67-35(49)3)68-52(81)45-21-39(5-7-65-45)54(57,58)59/h5-8,19-32,34,51H,9-18,33H2,1-4H3,(H5-,65,66,68,69,70,71,72,73,81,82)",C55H61F7N18O3,M+H,1154.50567601136,4.8588195800781335,0.4663520871143376
377,peak_377_metfrag_6,"6-[[3-[[4-[4-[(7S)-7-hydroxy-7-(5-hydroxy-3-oxo-4H-1,4-benzoxazin-8-yl)heptyl]phenyl]phenyl]carbamoyl]phenyl]methyl]-4-(3-methoxyanilino)-8-methylquinoline-3-carboxamide","InChI=1S/C53H51N5O7/c1-32-25-35(28-43-48(32)55-30-44(52(54)62)49(43)56-40-12-8-13-41(29-40)64-2)26-34-10-7-11-38(27-34)53(63)57-39-21-19-37(20-22-39)36-17-15-33(16-18-36)9-5-3-4-6-14-45(59)42-23-24-46(60)50-51(42)65-31-47(61)58-50/h7-8,10-13,15-25,27-30,45,59-60H,3-6,9,14,26,31H2,1-2H3,(H2,54,62)(H,55,56)(H,57,63)(H,58,61)",C53H52N5O7,M+H,870.38612500287,4.8588195800781335,0.3977994075327972
379,C08331,Gynocardin,"InChI=1S/C12H17NO8/c13-4-12(2-1-5(15)10(12)19)21-11-9(18)8(17)7(16)6(3-14)20-11/h1-2,5-11,14-19H,3H2",C24H35N2O16,2M+H,607.1981090178001,4.8588195800781335,0.7396908442330559
380,NPA013454,Nigribactin,"InChI=1S/C30H32N4O9/c35-22-10-2-1-7-18(22)29-33-21(17-43-29)30(42)34(15-5-13-31-27(40)19-8-3-11-23(36)25(19)38)16-6-14-32-28(41)20-9-4-12-24(37)26(20)39/h1-4,7-12,21,35-39H,5-6,13-17H2,(H,31,40)(H,32,41)",C30H33N4O9,M+H,593.2242046252101,4.8588195800781335,0.9527778869972083
384,peak_384_msfinder_1,"N-[(5S,6R,9R)-5-methoxy-8-[(3-methoxyphenyl)methyl]-3,6,9-trimethyl-2-oxo-11-oxa-3,8-diazabicyclo[10.4.0]hexadeca-1(12),13,15-trien-14-yl]-1-methyl-4-imidazolesulfonamide","InChI=1S/C29H39N5O6S/c1-20-14-34(15-22-8-7-9-24(12-22)38-5)21(2)18-40-26-13-23(31-41(36,37)28-17-32(3)19-30-28)10-11-25(26)29(35)33(4)16-27(20)39-6/h7-13,17,19-21,27,31H,14-16,18H2,1-6H3",C29H40N5O6S,M+H,586.26938117094,4.8588195800781335,0.64441819255759
385,C10597,Harringtonine,"InChI=1S/C28H37NO9/c1-26(2,32)8-9-28(33,15-22(30)35-4)25(31)38-24-21(34-3)14-27-7-5-10-29(27)11-6-17-12-19-20(37-16-36-19)13-18(17)23(24)27/h12-14,23-24,32-33H,5-11,15-16H2,1-4H3",C28H37NNaO9,M+Na,554.23604977307,4.8588195800781335,0.8280676947549821
387,peak_387_sirius_1,"[3-[3-[2,3-Bis(2-hydroxy-3-prop-2-enoyloxypropoxy)propoxy]-2-hydroxypropoxy]-2-hydroxypropyl] prop-2-enoate","InChI=1S/C24H38O14/c1-4-22(29)36-12-18(26)9-32-7-17(25)8-33-15-21(35-11-20(28)14-38-24(31)6-3)16-34-10-19(27)13-37-23(30)5-2/h4-6,17-21,25-28H,1-3,7-16H2",C24H39O14,M+H,551.23343189872,4.8588195800781335,0.46924661565626835
388,peak_388_msfinder_1,"5'-(4-acetylphenyl)-3'-(2-methylpropyl)-3',3'a,4',5',6',6'a-hexahydro-2'H,12H-spiro[indolo[2,1-b]quinazoline-6,1'-pyrrolo[3,4-c]pyrrole]-4',6',12-trione","InChI=1S/C32H28N4O4/c1-17(2)16-24-26-27(30(40)35(29(26)39)20-14-12-19(13-15-20)18(3)37)32(34-24)22-9-5-7-11-25(22)36-28(38)21-8-4-6-10-23(21)33-31(32)36/h4-15,17,24,26-27,34H,16H2,1-3H3",C32H29N4O4,M+H,533.2183313984401,4.8588195800781335,0.7050025350684468
389,NPA032699,α-Methylbiotin,"InChI=1S/C11H18N2O3S/c1-6(10(14)15)3-2-4-8-9-7(5-17-8)12-11(16)13-9/h6-9H,2-5H2,1H3,(H,14,15)(H2,12,13,16)",C22H37N4O6S2,2M+H,517.2149032442201,4.8588195800781335,0.022218038034268583
390,peak_390_sirius_1,"(5Z)-5-[[2,5-dimethyl-1-(4-methylphenyl)pyrrol-3-yl]methylidene]-3-[2-oxo-2-(4-phenylpiperazin-1-yl)ethyl]-1,3-thiazolidine-2,4-dione","InChI=1S/C29H30N4O3S/c1-20-9-11-25(12-10-20)33-21(2)17-23(22(33)3)18-26-28(35)32(29(36)37-26)19-27(34)31-15-13-30(14-16-31)24-7-5-4-6-8-24/h4-12,17-18H,13-16,19H2,1-3H3",C29H31N4O3S,M+H,515.21113801773,4.8588195800781335,0.29063905164191306
391,peak_391_metfrag_1_msfinder_1,1-hydroxy-1-(4-hydroxyphenyl)-7-(4-phenylmethoxyphenyl)non-2-ene-5-sulfonic acid,"InChI=1S/C28H32O6S/c1-2-22(23-13-17-26(18-14-23)34-20-21-7-4-3-5-8-21)19-27(35(31,32)33)9-6-10-28(30)24-11-15-25(29)16-12-24/h3-8,10-18,22,27-30H,2,9,19-20H2,1H3,(H,31,32,33)",C28H33O6S,M+H,497.19923592317997,4.8588195800781335,0.7232032004414402
392,peak_392_sirius_1,(4-Hydroxyphenyl) naphthalene-1-sulfonate,"InChI=1S/C16H12O4S/c17-13-8-10-14(11-9-13)20-21(18,19)16-7-3-5-12-4-1-2-6-15(12)16/h1-11,17H",C19H21O5S,M+IsoProp+H,361.11097003943996,4.8588195800781335,0.18942930281584103
393,NPA003532,Chinikomycin A,"InChI=1S/C31H37ClN2O6/c1-5-6-11-19(2)16-20(3)17-21(4)31(40)33-23-18-26(37)22(28(32)30(23)39)12-9-7-8-10-13-27(38)34-29-24(35)14-15-25(29)36/h7-10,12-13,16-19,35,37,39H,5-6,11,14-15H2,1-4H3,(H,33,40)(H,34,38)",C62H75Cl2N4O12,2M+H,1137.47530520158,4.406806945800783,0.9845057679258087
400,NPA013132,Gualamycin,"InChI=1S/C21H38N2O17/c22-7-11(29)10(28)5(2-25)37-20(7)39-17-6(3-26)38-21(16(34)15(17)33)40-18(19(35)36)14(32)13(31)8-12(30)9(27)4(1-24)23-8/h4-18,20-21,23-34H,1-3,22H2,(H,35,36)",C21H39N2O17,M+H,591.2243237662901,4.406806945800783,0.6117200674536256
401,C16872,Yessotoxin,"InChI=1S/C55H82O21S2/c1-10-11-28(2)12-15-51(5,57)50-30(4)20-39-38(71-50)26-46-55(9,74-39)49(56)48-42(70-46)24-41-47(72-48)29(3)13-16-53(7)44(69-41)27-43-54(8,76-53)17-14-31-32(68-43)21-34-33(65-31)22-35-36(66-34)23-40-37(67-35)25-45(75-78(61,62)63)52(6,73-40)18-19-64-77(58,59)60/h10,12,15,29,31-50,56-57H,1-2,4,11,13-14,16-27H2,3,5-9H3,(H,58,59,60)(H,61,62,63)",C55H84O21S2,M+2H,572.246777001315,4.406806945800783,0.9822458441705304
403,peak_403_msfinder_1,"1-[(2R,3R)-5-[(2S)-1-hydroxypropan-2-yl]-3-methyl-2-[[methyl(methylsulfonyl)amino]methyl]-6-oxo-2,3,4,7-tetrahydro-1,5-benzoxazonin-9-yl]-3-(1-naphthalenyl)urea","InChI=1S/C29H36N4O6S/c1-19-16-33(20(2)18-34)28(35)15-22-14-23(12-13-26(22)39-27(19)17-32(3)40(4,37)38)30-29(36)31-25-11-7-9-21-8-5-6-10-24(21)25/h5-14,19-20,27,34H,15-18H2,1-4H3,(H2,30,31,36)",C29H37N4O6S,M+H,569.24283206982,4.406806945800783,0.4500463965357253
405,C13358,Hydrocortisone butyrate propionate,"InChI=1S/C28H40O7/c1-5-7-24(33)35-28(22(31)16-34-23(32)6-2)13-11-20-19-9-8-17-14-18(29)10-12-26(17,3)25(19)21(30)15-27(20,28)4/h14,19-21,25,30H,5-13,15-16H2,1-4H3",C28H41O7,M+H,489.28467962619,4.406806945800783,0.5024883359253499
406,peak_406_sirius_1,"3-(4-{2-[4-(2,3-dihydroxypropoxy)phenyl]propan-2-yl}phenoxy)propane-1,2-diol","InChI=1S/C21H28O6/c1-21(2,15-3-7-19(8-4-15)26-13-17(24)11-22)16-5-9-20(10-6-16)27-14-18(25)12-23/h3-10,17-18,22-25H,11-14H2,1-2H3",C21H32NO6,M+NH4,394.22241161986,4.406806945800783,0.2506043513295729
487,C13849,Correolide,"InChI=1S/C40H52O16/c1-18-16-39(48)26-14-15-35(8)25-12-13-27(46)50-17-38(25,19(2)51-20(3)41)31(53-22(5)43)28(52-21(4)42)29(35)36(26,9)32(54-23(6)44)33(55-24(7)45)37(39,10)40(30(18)56-40)34(47)49-11/h12-13,19,25-26,28-33,48H,1,14-17H2,2-11H3",C40H52NaO16,M+Na,811.31475358908,5.9961680094401,0.9051591748640684
489,NPA018018,Myxopyronin B,"InChI=1S/C24H33NO6/c1-6-7-10-16(2)12-13-18(4)22(27)21-19(26)15-20(31-23(21)28)17(3)11-8-9-14-25-24(29)30-5/h9,12-15,17,26H,6-8,10-11H2,1-5H3,(H,25,29)",C24H34NO6,M+H,432.23806378544003,5.9961680094401,0.4981949458483754
491,C07427,Perphenazine,"InChI=1S/C21H26ClN3OS/c22-17-6-7-21-19(16-17)25(18-4-1-2-5-20(18)27-21)9-3-8-23-10-12-24(13-11-23)14-15-26/h1-2,4-7,16,26H,3,8-15H2",C21H26ClN3NaOS,M+Na,426.13772932724,5.9961680094401,0.3880413152658011
494,peak_494_sirius_1,N-[4-(4-benzoylpiperazin-1-yl)phenyl]pyridine-4-carboxamide,"InChI=1S/C23H22N4O2/c28-22(18-10-12-24-13-11-18)25-20-6-8-21(9-7-20)26-14-16-27(17-15-26)23(29)19-4-2-1-3-5-19/h1-13H,14-17H2,(H,25,28)",C23H22N4NaO2,M+Na,409.16349396592,5.9961680094401,0.6870331354146715
497,NPA023425,Jomthonic acid E,"InChI=1S/C22H29NO6/c1-14(12-13-24)10-11-19(25)23-20(16(3)18-8-6-5-7-9-18)22(28)29-17(4)15(2)21(26)27/h5-12,15-17,20,24H,13H2,1-4H3,(H,23,25)(H,26,27)",C22H30NO6,M+H,404.20676365651997,5.9961680094401,0.5330437072143234
499,peak_499_sirius_1,"(1R)-1-[(2R,4R,4aR,6R,8aS)-2,6-bis(4-methylphenyl)-4,4a,8,8a-tetrahydro-[1,3]dioxino[5,4-d][1,3]dioxin-4-yl]ethane-1,2-diol","InChI=1S/C22H26O6/c1-13-3-7-15(8-4-13)21-25-12-18-20(28-21)19(17(24)11-23)27-22(26-18)16-9-5-14(2)6-10-16/h3-10,17-24H,11-12H2,1-2H3",C22H27O6,M+H,387.1802145554,5.9961680094401,0.29571719918422856
500,peak_500_metfrag_1,"(2Z)-2-methylhepta-2,6-dien-4-ynal","InChI=1S/C8H8O/c1-3-4-5-6-8(2)7-9/h3,6-7H,1H2,2H3",C8H9O,M+H,121.06479087741,5.9961680094401,0.01449275362318836
501,peak_501_sirius_1,,"InChI=1S/C8H8/c1-3-5-7-8-6-4-2/h1H,7-8H2,2H3",C8H9,M+H,105.06987625784001,5.9961680094401,0.6850368471643704
521,C09445,Gigantine,"InChI=1S/C13H19NO3/c1-8-10-7-11(16-3)13(17-4)12(15)9(10)5-6-14(8)2/h7-8,15H,5-6H2,1-4H3",C13H19NNaO3,M+Na,260.12571147551,3.493851979573567,0.0035257005010206344
522,C20515,Pulcherriminic acid,"InChI=1S/C12H20N2O4/c1-7(2)5-9-11(15)14(18)10(6-8(3)4)12(16)13(9)17/h7-8,15,17H,5-6H2,1-4H3",C12H21N2O4,M+H,257.14958313174,3.493851979573567,0.9017951425554382
523,NPA021729,Asenjonamide A,"InChI=1S/C13H23NO3/c1-4-5-6-7-10(2)12(16)11(3)13(17)14-8-9-15/h7,11,15H,4-6,8-9H2,1-3H3,(H,14,17)",C13H24NO3,M+H,242.17506960443,3.493851979573567,0.0017857142857142794
524,NPA029990,Aspergone O,"InChI=1S/C10H15ClO4/c1-2-3-5-6(4-12)8(13)7(11)10(15)9(5)14/h2-3,7-10,12-15H,4H2,1H3",C10H16ClO4,M+H,235.07316264372997,3.493851979573567,0.3301081388730791
525,C21199,N-Octanoyl-L-homoserine lactone,"InChI=1S/C12H21NO3/c1-2-3-4-5-6-7-11(14)13-10-8-9-16-12(10)15/h10H,2-9H2,1H3,(H,13,14)",C12H22NO3,M+H,228.15941953996997,3.493851979573567,0.8330623306233063
527,NPA001559,Cancrolide B,"InChI=1S/C11H16O3/c1-3-4-5-9-7-14-11(13)10(9)6-8(2)12/h3-4,8,12H,5-7H2,1-2H3",C11H16NaO3,M+Na,219.09916237439,3.493851979573567,0.01036269430051806
528,peak_528_msfinder_1,UNPD15160,"InChI=1S/C11H19NO3/c1-3-9(13)6-8-4-7(2)5-10(12-8)11(14)15/h7-8,10,12H,3-6H2,1-2H3,(H,14,15)",C11H20NO3,M+H,214.14376947551,3.493851979573567,0.36170560365953286
530,peak_530_sirius_1,"2,8-Dimethylnona-3,6-diyne-2,5,8-triol","InChI=1S/C11H16O3/c1-10(2,13)7-5-9(12)6-8-11(3,4)14/h9,12-14H,1-4H3",C11H17O3,M+H,197.11722037439,3.493851979573567,0.03674392312040686
532,C06575,p-Cymene,"InChI=1S/C10H14/c1-8(2)10-6-4-9(3)5-7-10/h4-8H,1-3H3",C10H15,M+H,135.11682645122,3.493851979573567,0.47295641519341847
533,C14411,Dicyclopentadiene,"InChI=1S/C10H12/c1-2-9-7-4-5-8(6-7)10(9)3-1/h1-2,4-5,7-10H,3,6H2",C10H13,M+H,133.10117638676,3.493851979573567,0.01590172582711591
534,C07212,o-Xylene,"InChI=1S/C8H10/c1-7-5-3-4-6-8(7)2/h3-6H,1-2H3",C8H11,M+H,107.0855263223,3.493851979573567,0.043377865743031485
535,peak_535_msfinder_2,3-[(2E)-2-(Nitromethylidene)hydrazinyl]benzoic acid,"InChI=1S/C8H7N3O4/c12-8(13)6-2-1-3-7(4-6)10-9-5-11(14)15/h1-5,10H,(H,12,13)",C8H8N3O4,M+H,210.05093171718,1.3765468597412116,0.025423728813559254
536,C00079,L-Phenylalanine,"InChI=1S/C9H11NO2/c10-8(9(11)12)6-7-4-2-1-3-5-7/h1-5,8H,6,10H2,(H,11,12)",C9H11NNaO2,M+Na,188.06819659809997,1.3765468597412116,0.8508147136305981
537,C00079,L-Phenylalanine,"InChI=1S/C9H11NO2/c10-8(9(11)12)6-7-4-2-1-3-5-7/h1-5,8H,6,10H2,(H,11,12)",C9H12NO2,M+H,166.08625459809997,1.3765468597412116,0.9868745221306601
538,NPA016569,Trans-Non-2-en-(4.6.8)-triyn-1-ol,"InChI=1S/C9H6O/c1-2-3-4-5-6-7-8-9-10/h1,7-8,10H,9H2",C9H7O,M+H,131.04914081295,1.3765468597412116,0.9321210557991574
540,peak_540_sirius_1,,"InChI=1S/C8H7/c1-2-8-6-4-3-5-7-8/h3-7H,1H2",C8H10N,M+NH4,120.08077319338,1.3765468597412116,0.2800829875518671
588,NPA004137,Micropeptin SD979,"InChI=1S/C49H69N7O14/c1-8-10-11-12-37(59)50-35(25-39(61)62)44(64)54-41-28(6)70-49(69)40(26(3)4)53-45(65)36(24-30-15-19-32(58)20-16-30)55(7)48(68)42(27(5)9-2)56-38(60)22-21-33(47(56)67)51-43(63)34(52-46(41)66)23-29-13-17-31(57)18-14-29/h13-20,26-28,33-36,38,40-42,57-58,60H,8-12,21-25H2,1-7H3,(H,50,59)(H,51,63)(H,52,66)(H,53,65)(H,54,64)(H,61,62)",C49H70N7O14,M+H,980.4975259288601,5.270292663574216,0.014431097764431078
590,peak_590_msfinder_1,"methyl 1-{2-[({1-acetyl-1-hydroxy-9a,11a-dimethyl-1H,2H,3H,3aH,3bH,4H,5H,7H,8H,9H,9aH,9bH,10H,11H,11aH-cyclopenta[a]phenanthren-7-ylidene}amino)oxy]acetyl}-4-hydroxypyrrolidine-2-carboxylate","InChI=1S/C29H42N2O7/c1-17(32)29(36)12-9-23-21-6-5-18-13-19(7-10-27(18,2)22(21)8-11-28(23,29)3)30-38-16-25(34)31-15-20(33)14-24(31)26(35)37-4/h13,20-24,33,36H,5-12,14-16H2,1-4H3",C29H43N2O7,M+H,531.3064776995101,5.270292663574216,0.06662826420890944
592,peak_592_sirius_1,"1-[4-[1-[(Z)-[(Z)-but-2-enylidene]amino]ethenyl]piperazin-1-yl]-2-[5-(3-methylcyclohexa-2,4-dien-1-yl)-3-phenylpyrazol-1-yl]ethanone","InChI=1S/C28H33N5O/c1-4-5-14-29-23(3)31-15-17-32(18-16-31)28(34)21-33-27(25-13-9-10-22(2)19-25)20-26(30-33)24-11-7-6-8-12-24/h4-12,14,19-20,25H,3,13,15-18,21H2,1-2H3",C31H42N5O2,M+IsoProp+H,516.33385070531,5.270292663574216,0.05709188224799289
594,peak_594_msfinder_1,"tert-butyl N-[(2S,3R)-3-hydroxy-4-[(4-methoxyphenyl)sulfonyl-propan-2-yloxyamino]-1-phenylbutan-2-yl]carbamate","InChI=1S/C25H36N2O7S/c1-18(2)34-27(35(30,31)21-14-12-20(32-6)13-15-21)17-23(28)22(16-19-10-8-7-9-11-19)26-24(29)33-25(3,4)5/h7-15,18,22-23,28H,16-17H2,1-6H3,(H,26,29)",C25H37N2O7S,M+H,509.23159868053,5.270292663574216,0.6904137235116045
596,peak_596_msfinder_1,LSM-14591,"InChI=1S/C26H32N6O4/c1-2-5-16-8-9-21-22-19(13-31(21)25(16)35)20(14-33)23(24(34)28-12-18-10-11-27-15-29-18)32(22)26(36)30-17-6-3-4-7-17/h2,5,8-11,15,17,19-20,22-23,33H,3-4,6-7,12-14H2,1H3,(H,28,34)(H,30,36)",C26H33N6O4,M+H,493.25577953622,5.270292663574216,0.3184840425531915
597,NPA029104,Clonocoprogen C,"InChI=1S/C49H84N6O14/c1-5-6-7-8-9-10-11-12-13-14-15-16-17-24-43(59)50-41(23-20-29-54(67)44(60)32-36(2)25-30-56)49(65)69-31-26-37(3)33-45(61)53(66)27-18-21-39-47(63)52-40(48(64)51-39)22-19-28-55(68)46(62)34-38(4)42(58)35-57/h32-34,39-42,56-58,66-68H,5-31,35H2,1-4H3,(H,50,59)(H,51,64)(H,52,63)",C49H86N6O14,M+2H,491.30955170394003,5.270292663574216,0.3391369047619047
598,C09281,Ostruthin,"InChI=1S/C19H22O3/c1-13(2)5-4-6-14(3)7-8-15-11-16-9-10-19(21)22-18(16)12-17(15)20/h5,7,9-12,20H,4,6,8H2,1-3H3",C19H23O3,M+H,299.16417056777,5.270292663574216,0.6587768969422423
601,NPA023206,Tricholide B,"InChI=1S/C25H43NO4/c1-6-7-10-19(3)23-13-8-11-21(29-5)15-14-18(2)17-20(4)24(27)26-16-9-12-22(26)25(28)30-23/h17-19,21-23H,6-16H2,1-5H3",C25H43NNaO4,M+Na,444.3084268686,8.050275166829433,0.9816746974238343
602,NPA022415,9-deoxy-seco-PF1233 B carboxylic acid,"InChI=1S/C25H28N2O5/c1-4-24(2,3)25(17-12-8-9-13-18(17)27-23(25)32)15-19(22(30)31)26-21(29)20(28)14-16-10-6-5-7-11-16/h4-13,19-20,28H,1,14-15H2,2-3H3,(H,26,29)(H,27,32)(H,30,31)",C25H29N2O5,M+H,437.20709800915,8.050275166829433,0.8911555217481502
604,C14446,Tris(butoxyethyl)phosphate,"InChI=1S/C18H39O7P/c1-4-7-10-20-13-16-23-26(19,24-17-14-21-11-8-5-2)25-18-15-22-12-9-6-3/h4-18H2,1-3H3",C18H39NaO7P,M+Na,421.23255859238,8.050275166829433,0.9626188418323249
607,C14446,Tris(butoxyethyl)phosphate,"InChI=1S/C18H39O7P/c1-4-7-10-20-13-16-23-26(19,24-17-14-21-11-8-5-2)25-18-15-22-12-9-6-3/h4-18H2,1-3H3",C18H40O7P,M+H,399.25061659237997,8.050275166829433,0.9974846602385762
608,peak_608_sirius_1,,InChI=1S/C20H40O5/c1-2-12-22-14-5-6-16-24-18-9-10-20-25-19-8-7-17-23-15-4-3-13-21-11-1/h1-20H2,C20H44NO5,M+NH4,378.32139738704996,8.050275166829433,0.7159970958373669
609,peak_609_sirius_1,3-Cyclohexyloxy-1-(4-cyclopentyloxybutoxy)propan-1-ol,"InChI=1S/C18H34O4/c19-18(12-15-21-17-8-2-1-3-9-17)22-14-7-6-13-20-16-10-4-5-11-16/h16-19H,1-15H2",C20H38NO4,M+ACN+H,356.2795325741,8.050275166829433,0.22834158415841588
610,peak_610_metfrag_5_msfinder_1,"(9Z,12Z,15Z)-N-(2-hydroxyethyl)octadeca-9,12,15-trienamide","InChI=1S/C20H35NO2/c1-2-3-4-5-6-7-8-9-10-11-12-13-14-15-16-17-20(23)21-18-19-22/h3-4,6-7,9-10,22H,2,5,8,11-19H2,1H3,(H,21,23)",C20H36NO2,M+H,322.27405537162,8.050275166829433,0.779574656623837
611,C00407,L-Isoleucine,"InChI=1S/C6H13NO2/c1-3-4(2)5(7)6(8)9/h4-5H,3,7H2,1-2H3,(H,8,9)",C6H14NO2,M+H,132.10190466256,0.827871640523275,0.3827980804724991
612,C00106,Uracil,"InChI=1S/C4H4N2O2/c7-3-1-2-5-4(8)6-3/h1-2H,(H2,5,6,7,8)",C4H5N2O2,M+H,113.03455337692,0.827871640523275,0.02643678160919527
684,VF-NPL-QEHFxxxxxx_111,"[(2S,3R,4S,5S,6R)-4,5-dihydroxy-6-[[(E)-3-(4-hydroxyphenyl)prop-2-enoyl]oxymethyl]-2-(3,4,5-trihydroxybenzoyl)oxyoxan-3-yl] 3,4,5-trihydroxybenzoate","InChI=1S/C29H26O16/c30-15-4-1-12(2-5-15)3-6-21(35)42-11-20-24(38)25(39)26(44-27(40)13-7-16(31)22(36)17(32)8-13)29(43-20)45-28(41)14-9-18(33)23(37)19(34)10-14/h1-10,20,24-26,29-34,36-39H,11H2",C29H27O16,M+H,631.1293607511001,2.9588996887206997,0.9869398784057645
685,peak_685_sirius_1,"4-[5,7-Dihydroxy-4-oxo-3-[3,4,5-trihydroxy-6-[(3,4,5-trihydroxy-6-methyloxan-2-yl)oxymethyl]oxan-2-yl]oxychromen-2-yl]cyclohexa-3,5-diene-1,2-dione","InChI=1S/C27H28O16/c1-8-17(32)20(35)22(37)26(40-8)39-7-15-18(33)21(36)23(38)27(42-15)43-25-19(34)16-13(31)5-10(28)6-14(16)41-24(25)9-2-3-11(29)12(30)4-9/h2-6,8,15,17-18,20-23,26-28,31-33,35-38H,7H2,1H3",C27H32NO16,M+NH4,626.1715578155599,2.9588996887206997,0.1597359735973598
689,C05625,Rutin,"InChI=1S/C27H30O16/c1-8-17(32)20(35)22(37)26(40-8)39-7-15-18(33)21(36)23(38)27(42-15)43-25-19(34)16-13(31)5-10(28)6-14(16)41-24(25)9-2-3-11(29)12(30)4-9/h2-6,8,15,17-18,20-23,26-33,35-38H,7H2,1H3",C27H31O16,M+H,611.16066088002,2.9588996887206997,0.9007579901539423
690,C10073,Hyperin,"InChI=1S/C21H20O12/c22-6-13-15(27)17(29)18(30)21(32-13)33-20-16(28)14-11(26)4-8(23)5-12(14)31-19(20)7-1-2-9(24)10(25)3-7/h1-5,13,15,17-18,21-27,29-30H,6H2",C21H21O12,M+H,465.10275207944,2.9588996887206997,0.05828725153190861
692,peak_692_msfinder_1,4-(4-Hydroxy-3-Isopropylphenylthio)-2-Isopropylphenol,"InChI=1S/C18H22O2S/c1-11(2)15-9-13(5-7-17(15)19)21-14-6-8-18(20)16(10-14)12(3)4/h5-12,19-20H,1-4H3",C18H23O2S,M+H,303.1413271226,2.9588996887206997,0.009050334738408106
693,C00389,Quercetin,"InChI=1S/C15H10O7/c16-7-4-10(19)12-11(5-7)22-15(14(21)13(12)20)6-1-2-8(17)9(18)3-6/h1-5,16-19,21H",C15H11O7,M+H,303.04992865929,2.9588996887206997,0.6205357142857143
694,C10122,Quercetagetin,"InChI=1S/C15H10O8/c16-6-2-1-5(3-7(6)17)15-14(22)13(21)10-9(23-15)4-8(18)11(19)12(10)20/h1-4,16-20,22H",C15H11O8,M-H2O+H,301.03427927886,2.9588996887206997,0.2712418300653594
695,C00719,Betaine,"InChI=1S/C5H11NO2/c1-6(2,3)4-5(7)8/h4H2,1-3H3",C5H12NO2,M+H,118.0862545981,2.9588996887206997,0.8992119689355871
696,C16313,Delphinidin 3-glucoside 5-caffoyl-glucoside,"InChI=1S/C36H36O20/c37-11-24-28(45)30(47)32(49)36(55-24)54-23-10-16-21(52-34(23)14-6-19(41)27(44)20(42)7-14)8-15(38)9-22(16)53-35-33(50)31(48)29(46)25(56-35)12-51-26(43)4-2-13-1-3-17(39)18(40)5-13/h1-10,24-25,28-33,35-37,45-50H,11-12H2,(H5-,38,39,40,41,42,43,44)",C36H36NaO20,M+Na,811.1692115516801,2.170853424072267,0.646671129190052
697,NPA032504,6-acetylbis(methylthio)gliotoxin,"InChI=1S/C17H22N2O5S2/c1-10(21)24-12-7-5-6-11-8-16(25-3)14(22)18(2)17(9-20,26-4)15(23)19(16)13(11)12/h5-7,12-13,20H,8-9H2,1-4H3",C34H45N4O10S4,2M+H,797.20130432914,2.170853424072267,0.20046562921210642
698,peak_698_metfrag_6_msfinder_1,"[(3R,4S,6S)-4-acetyloxy-6-[(3S,5S,6S)-4,5-diacetyloxy-6-[5,7-dihydroxy-4-oxo-2-(3,4,5-trihydroxyphenyl)chromen-3-yl]oxy-2-methyloxan-3-yl]oxy-3,5-dihydroxyoxan-2-yl]methyl acetate","InChI=1S/C35H38O21/c1-11-28(55-34-27(47)30(50-13(3)37)25(45)22(54-34)10-48-12(2)36)32(51-14(4)38)33(52-15(5)39)35(49-11)56-31-26(46)23-18(41)8-17(40)9-21(23)53-29(31)16-6-19(42)24(44)20(43)7-16/h6-9,11,22,25,27-28,30,32-35,40-45,47H,10H2,1-5H3",C35H39O21,M+H,795.19783423571,2.170853424072267,0.43884975170343
700,peak_700_metfrag_2,"2-[(9S)-7-(4-chlorophenyl)-4,5,13-trimethyl-3-thia-1,8,11,12-tetrazatricyclo[8.3.0.02,6]trideca-2(6),4,7,10,12-pentaen-9-yl]-N-[2-[2-[2-[2-(2,6-dioxopiperidin-3-yl)-1,3-dioxoisoindol-4-yl]oxyethoxy]ethoxy]ethyl]acetamide","InChI=1S/C38H38ClN7O8S/c1-20-21(2)55-38-31(20)33(23-7-9-24(39)10-8-23)41-26(34-44-43-22(3)45(34)38)19-30(48)40-13-14-52-15-16-53-17-18-54-28-6-4-5-25-32(28)37(51)46(36(25)50)27-11-12-29(47)42-35(27)49/h4-10,26-27H,11-19H2,1-3H3,(H,40,48)(H,42,47,49)",C38H39ClN7O8S,M+H,788.22638606871,2.170853424072267,0.07850330154071894
704,peak_704_sirius_1,Peruvianoside Iii,"InChI=1S/C33H40O21/c1-9-19(39)23(43)26(46)31(49-9)48-8-17-21(41)25(45)30(54-32-27(47)24(44)20(40)16(7-34)51-32)33(52-17)53-29-22(42)18-14(38)5-11(35)6-15(18)50-28(29)10-2-3-12(36)13(37)4-10/h2-6,9,16-17,19-21,23-27,30-41,43-47H,7-8H2,1H3",C33H41O21,M+H,773.2134843001701,2.170853424072267,0.7010020974131904
705,C18466,Hexaconazole,"InChI=1S/C14H17Cl2N3O/c1-2-3-6-14(20,8-19-10-17-9-18-19)12-5-4-11(15)7-13(12)16/h4-5,7,9-10,20H,2-3,6,8H2,1H3",C28H35Cl4N6O2,2M+H,627.15701108954,2.170853424072267,0.639861515461484
706,C03515,Luteolin 7-O-glucuronide,"InChI=1S/C21H18O12/c22-9-2-1-7(3-10(9)23)13-6-12(25)15-11(24)4-8(5-14(15)32-13)31-21-18(28)16(26)17(27)19(33-21)20(29)30/h1-6,16-19,21-24,26-28H,(H,29,30)",C21H19O12,M+H,463.08710201498,2.170853424072267,0.02094766947514881
708,NPA020077,Emodic acid,"InChI=1S/C15H8O7/c16-6-3-8-12(10(18)4-6)14(20)11-7(13(8)19)1-5(15(21)22)2-9(11)17/h1-4,16-18H,(H,21,22)",C15H9O7,M+H,301.03427859483,2.170853424072267,0.009621418113365476
709,C18661,Mecarbam,"InChI=1S/C10H20NO5PS2/c1-5-14-10(13)11(4)9(12)8-19-17(18,15-6-2)16-7-3/h5-8H2,1-4H3",C10H21NO5PS2,M+H,330.0593280941,0.80379441579183,0.3879067003417026
711,NPA012988,Globosumone C,"InChI=1S/C13H16O7/c1-6-3-8(15)4-9(16)11(6)13(19)20-5-10(17)12(18)7(2)14/h3-4,7,12,14-16,18H,5H2,1-2H3",C13H16NaO7,M+Na,307.07882085267,0.80379441579183,0.04941956882255394
713,peak_713_msfinder_1,(4-methylphenyl)mesitylene sulfonate,"InChI=1S/C16H18O3S/c1-11-5-7-15(8-6-11)19-20(17,18)16-13(3)9-12(2)10-14(16)4/h5-10H,1-4H3",C16H19O3S,M+H,291.10494161325,0.80379441579183,0.8000999084172842
714,peak_714_sirius_4_metfrag_14_msfinder_1,"3-methyl-2-({[2,3,4-trihydroxy-5-(hydroxymethyl)oxolan-2-yl]methyl}amino)butanoic acid","InChI=1S/C11H21NO7/c1-5(2)7(10(16)17)12-4-11(18)9(15)8(14)6(3-13)19-11/h5-9,12-15,18H,3-4H2,1-2H3,(H,16,17)",C11H22NO7,M+H,280.13907801825,0.80379441579183,0.6018324107654132
715,peak_715_sirius_1,"(1,2,3-Trihydroxy-3-prop-2-enoyloxypropyl) prop-2-enoate","InChI=1S/C9H12O7/c1-3-5(10)15-8(13)7(12)9(14)16-6(11)4-2/h3-4,7-9,12-14H,1-2H2",C11H16NO7,M+ACN+H,274.09212572375,0.80379441579183,0.3215369059656218
716,C18001,Nebramycin 5',"InChI=1S/C19H38N6O10/c20-3-9-8(26)2-7(23)17(32-9)34-15-5(21)1-6(22)16(14(15)29)35-18-13(28)11(24)12(27)10(33-18)4-31-19(25)30/h5-18,26-29H,1-4,20-24H2,(H2,25,30)",C19H40N6O10,M+2H,256.13974672351,0.80379441579183,0.9814595014938812
717,NPA005360,Pyridazomycin,"InChI=1S/C10H14N4O3/c11-8(10(16)17)2-1-4-14-5-3-7(6-13-14)9(12)15/h3,5-6,8H,1-2,4,11H2,(H2-,12,15,16,17)",C10H15N4O3,M+H,239.11386632765,0.80379441579183,0.9358347784959798
718,C10173,Swainsonine,"InChI=1S/C8H15NO3/c10-5-2-1-3-9-4-6(11)8(12)7(5)9/h5-8,10-12H,1-4H2",C8H16NO3,M+H,174.11246934659,0.80379441579183,0.011894007828967101
720,C05936,N4-Acetylaminobutanal,"InChI=1S/C6H11NO2/c1-6(9)7-4-2-3-5-8/h5H,2-4H2,1H3,(H,7,9)",C6H12NO2,M+H,130.08625459809997,0.80379441579183,0.0003639010189228076
721,C04281,L-1-Pyrroline-3-hydroxy-5-carboxylate,"InChI=1S/C5H7NO3/c7-3-1-4(5(8)9)6-2-3/h2-4,7H,1H2,(H,8,9)",C5H8NO3,M+H,130.04986908874997,0.80379441579183,0.13986738499792783
722,AC00016x_1,Isomarticin,"InChI=1S/C18H16O9/c1-18-5-6-11(8(26-18)4-10(27-18)17(23)24)16(22)12-7(19)3-9(25-2)15(21)13(12)14(6)20/h3,8,10,20,22H,4-5H2,1-2H3,(H,23,24)",C18H16NaO9,M+Na,399.06865009181,1.8394991556803333,0.01963746223564944
723,peak_723_msfinder_2,"N-(4'-{[bis(methylsulfanyl)methylidene]amino}-[1,1'-biphenyl]-4-yl)-1,1-bis(methylsulfanyl)methanimine","InChI=1S/C18H20N2S4/c1-21-17(22-2)19-15-9-5-13(6-10-15)14-7-11-16(12-8-14)20-18(23-3)24-4/h5-12H,1-4H3",C18H21N2S4,M+H,393.05820935106,1.8394991556803333,0.015557387183185667
725,C00852,Chlorogenate,"InChI=1S/C16H18O9/c17-9-3-1-8(5-10(9)18)2-4-13(20)25-12-7-16(24,15(22)23)6-11(19)14(12)21/h1-5,11-12,14,17-19,21,24H,6-7H2,(H,22,23)",C16H18NaO9,M+Na,377.08430015627,1.8394991556803333,0.9414138536770641
726,peak_726_msfinder_1,LSM-34679,"InChI=1S/C15H14N6O2S2/c1-7-4-10(20-23-7)17-11(22)5-24-15-19-18-13-12-8(2)9(3)25-14(12)16-6-21(13)15/h4,6H,5H2,1-3H3,(H,17,20,22)",C15H15N6O2S2,M+H,375.06924206573996,1.8394991556803333,0.6986003110419907
728,peak_728_sirius_1,"4-[3-(3,4-Dihydroxyphenyl)prop-2-enoyloxy]-2,5-dihydroxy-7-oxabicyclo[4.1.0]heptane-2-carboxylic acid","InChI=1S/C16H16O9/c17-8-3-1-7(5-9(8)18)2-4-11(19)24-10-6-16(23,15(21)22)14-13(25-14)12(10)20/h1-5,10,12-14,17-18,20,23H,6H2,(H,21,22)",C16H20NO9,M+NH4,370.11325509181,1.8394991556803333,0.7309851965288412
731,C00852,Chlorogenate,"InChI=1S/C16H18O9/c17-9-3-1-8(5-10(9)18)2-4-13(20)25-12-7-16(24,15(22)23)6-11(19)14(12)21/h1-5,11-12,14,17-19,21,24H,6-7H2,(H,22,23)",C16H19O9,M+H,355.10235815627,1.8394991556803333,0.9628435560570645
732,peak_732_sirius_2_metfrag_3_msfinder_1,"3-{[3-(3,4-dioxocyclohexa-1,5-dien-1-yl)prop-2-enoyl]oxy}-1,4,5-trihydroxycyclohexane-1-carboxylic acid","InChI=1S/C16H16O9/c17-9-3-1-8(5-10(9)18)2-4-13(20)25-12-7-16(24,15(22)23)6-11(19)14(12)21/h1-5,11-12,14,19,21,24H,6-7H2,(H,22,23)",C16H17O9,M+H,353.08670809181,1.8394991556803333,0.845535336436733
734,peak_734_sirius_1,4-Methyl-6-(1-propynyl)-2-pyrimidinamine,"InChI=1S/C8H9N3/c1-3-4-7-5-6(2)10-8(9)11-7/h5H,1-2H3,(H2,9,10,11)",C12H16N5,M+2ACN+H,230.14001730336,1.8394991556803333,0.30892630241423125
735,C17957,Irigenin,"InChI=1S/C18H16O8/c1-23-13-5-8(4-10(19)17(13)24-2)9-7-26-12-6-11(20)18(25-3)16(22)14(12)15(9)21/h4-7,19-20,22H,1-3H3",C18H18O8,M+2H,181.04953473612,1.8394991556803333,0.0066225165562913135
736,NPA015287,Paeciloquinone A,"InChI=1S/C18H12O8/c19-6-3-8-13(10(20)4-6)17(24)14-9(15(8)22)5-11(21)12(16(14)23)7-1-2-26-18(7)25/h3-5,7,19-21,23H,1-2H2",C18H14O8,M+2H,179.03388467166,1.8394991556803333,0.026553106212424793
738,C09315,Umbelliferone,"InChI=1S/C9H6O3/c10-7-3-1-6-2-4-9(11)12-8(6)5-7/h1-5,10H",C9H7O3,M+H,163.03897005209,1.8394991556803333,0.7839086251784665
739,C01073,N-Acetyl-beta-alanine,"InChI=1S/C5H9NO3/c1-4(7)6-3-2-5(8)9/h2-3H2,1H3,(H,6,7)(H,8,9)",C5H10NO3,M+H,132.06551915321,1.8394991556803333,0.014267185473411104
804,peak_804_sirius_1,"(3S)-3-[[(2S)-2-acetamido-3-methylbutanoyl]amino]-4-[[(2S)-4-(dimethylamino)-1,4-dioxo-1-[[(2S)-4,4,4-trifluoro-3,3-dihydroxybutan-2-yl]amino]butan-2-yl]amino]-2,2-dimethyl-4-oxobutanoic acid","InChI=1S/C23H38F3N5O9/c1-10(2)15(28-12(4)32)18(35)30-16(21(5,6)20(37)38)19(36)29-13(9-14(33)31(7)8)17(34)27-11(3)22(39,40)23(24,25)26/h10-11,13,15-16,39-40H,9H2,1-8H3,(H,27,34)(H,28,32)(H,29,36)(H,30,35)(H,37,38)",C23H39F3N5O9,M+H,586.26943831121,4.7186024983724,0.255129099790649
805,NPA024743,Coibacin C,"InChI=1S/C15H19ClO2/c1-13(12-16)8-5-3-2-4-6-9-14-10-7-11-15(17)18-14/h2-5,7,11-12,14H,6,8-10H2,1H3",C30H39Cl2O4,2M+H,533.2219910670201,4.7186024983724,0.9858728174828618
807,NPA020547,Phenylpyropene B,"InChI=1S/C30H36O7/c1-18(31)34-17-29(4)24-11-14-30(5)25(28(24,3)13-12-26(29)35-19(2)32)15-21-23(37-30)16-22(36-27(21)33)20-9-7-6-8-10-20/h6-10,16,24-26H,11-15,17H2,1-5H3",C30H37O7,M+H,509.25337949727003,4.7186024983724,0.8825597749648383
808,NPA011511,Spliceostatin B,"InChI=1S/C28H41NO7/c1-17(7-10-23-13-18(2)14-24(36-23)16-28(32)33)8-11-26-19(3)15-25(21(5)35-26)29-27(31)12-9-20(4)34-22(6)30/h7-10,12,19-21,23-26H,2,11,13-16H2,1,3-6H3,(H,29,31)(H,32,33)",C28H42NO7,M+H,504.29557866285,4.7186024983724,0.7849808562478247
809,peak_809_metfrag_2,"7-[[[3-[ethoxy(3-heptoxypropoxy)phosphoryl]-2-hydroxypropyl]amino]methyl]-3,5-dihydropyrrolo[3,2-d]pyrimidin-4-one","InChI=1S/C22H39N4O6P/c1-3-5-6-7-8-10-30-11-9-12-32-33(29,31-4-2)16-19(27)15-23-13-18-14-24-21-20(18)25-17-26-22(21)28/h14,17,19,23-24,27H,3-13,15-16H2,1-2H3,(H,25,26,28)",C22H40N4O6P,M+H,487.26799799053,4.7186024983724,0.16500000000000004
811,NPA019282,Nocardioazine B,"InChI=1S/C29H32N4O2/c1-17(2)13-14-29-16-23-24(34)32-22(15-28(3)18-9-5-7-11-20(18)30-26(28)32)25(35)33(23)27(29)31(4)21-12-8-6-10-19(21)29/h5-13,22-23,26-27,30H,14-16H2,1-4H3",C29H33N4O2,M+H,469.25980228822,4.7186024983724,0.8658302249350063
812,C09249,Usambarensine,"InChI=1S/C29H28N4/c1-2-18-17-33-14-12-23-21-8-4-6-10-25(21)32-29(23)27(33)16-19(18)15-26-28-22(11-13-30-26)20-7-3-5-9-24(20)31-28/h2-11,13,19,27,31-32H,12,14-17H2,1H3",C29H29N4,M+H,433.23867292016,4.7186024983724,0.7762596071733561
813,NPA003326,Solwaric acid A,"InChI=1S/C18H26O2/c1-3-9-17-14-15(2)12-13-16(17)10-7-5-4-6-8-11-18(19)20/h3,12-14H,1,4-11H2,2H3,(H,19,20)",C18H27O2,M+H,275.20055607712,4.7186024983724,0.021385799828913532
814,NPA010869,"4,5-di-O-acetyl hygrophorone A14","InChI=1S/C24H40O6/c1-4-5-6-7-8-9-10-11-12-13-14-15-16-22(29-19(2)25)24(28)21(27)17-18-23(24)30-20(3)26/h17-18,22-23,28H,4-16H2,1-3H3",C24H42O6,M+2H,213.14852050331,4.7186024983724,0.013556618819776656
815,NPA001355,6-heptyl-2H-pyran-2-one,"InChI=1S/C12H18O2/c1-2-3-4-5-6-8-11-9-7-10-12(13)14-11/h7,9-10H,2-6,8H2,1H3",C12H19O2,M+H,195.13795581928,4.7186024983724,0.016920473773265554
820,peak_820_sirius_1,"1-[1,3-Bis[1,3-bis(2-prop-2-ynoxyethoxy)propan-2-yloxy]propan-2-yl]-4-propyltriazole","InChI=1S/C34H51N3O10/c1-6-11-31-24-37(36-35-31)32(25-46-33(27-42-20-16-38-12-7-2)28-43-21-17-39-13-8-3)26-47-34(29-44-22-18-40-14-9-4)30-45-23-19-41-15-10-5/h2-5,24,32-34H,6,11-23,25-30H2,1H3",C34H52N3O10,M-H4O2+H,626.3435918527199,3.5060188293456997,0.21099687080911944
823,NPA014377,Campechic acid A,"InChI=1S/C40H70O8/c1-11-32(22-27(4)19-26(3)21-30(7)38(45)46)36(44)24-35(43)29(6)20-25(2)13-12-14-28(5)34(42)23-33-15-17-40(10,47-33)37-16-18-39(9,48-37)31(8)41/h12,14,24-34,37,41-43H,11,13,15-23H2,1-10H3,(H,45,46)",C40H72O8,M+2H,340.26081060633,3.5060188293456997,0.9987020211385129
824,C07908,Mycophenolate mofetil,"InChI=1S/C23H31NO7/c1-15(5-7-19(25)30-13-10-24-8-11-29-12-9-24)4-6-17-21(26)20-18(14-31-23(20)27)16(2)22(17)28-3/h4,26H,5-14H2,1-3H3",C23H32NO7,M+H,434.21732834055,6.0022720336913995,0.9812945255057336
825,NPA004987,Pinophilin E,"InChI=1S/C21H24O8/c1-10-4-13(23)8-16(24)18(10)20(26)29-19-15-9-28-14(5-11(2)22)6-12(15)7-17(25)21(19,3)27/h4,6-8,11,15,19,22-24,27H,5,9H2,1-3H3",C21H24NaO8,M+Na,427.13633573008,6.0022720336913995,0.0018329405603561
826,peak_826_metfrag_5,2-[phenyl(pyren-1-yl)methyl]-1-benzothiophene,"InChI=1S/C31H20S/c1-2-7-20(8-3-1)30(28-19-24-9-4-5-12-27(24)32-28)25-17-16-23-14-13-21-10-6-11-22-15-18-26(25)31(23)29(21)22/h1-19,30H",C31H21S,M+H,425.135847819,6.0022720336913995,0.052508066881783555
828,NPA010061,Myxopyronin A,"InChI=1S/C23H31NO6/c1-6-9-15(2)11-12-17(4)21(26)20-18(25)14-19(30-22(20)27)16(3)10-7-8-13-24-23(28)29-5/h8,11-14,16,25H,6-7,9-10H2,1-5H3,(H,24,28)",C23H32NO6,M+H,418.22241372098,6.0022720336913995,0.8147880973850316
829,NPA031070,Chaetoindolone C,"InChI=1S/C24H24N2O3/c1-25-14-15(17-7-3-5-9-20(17)25)11-22-19(12-16-13-23(27)24(28)29-16)18-8-4-6-10-21(18)26(22)2/h3-10,14,16,23,27H,11-13H2,1-2H3",C24H25N2O3,M+H,389.18596864108997,6.0022720336913995,0.9819049061175046
830,NPA032339,Talaromycin A,"InChI=1S/C22H24O5/c1-12(2)8-19(26-14(4)24)16-6-7-18-20(22(16)25-5)17-10-13(3)9-15(11-23)21(17)27-18/h6-7,9-12,19H,8H2,1-5H3",C22H25O5,M+H,369.16964987137,6.0022720336913995,0.009895227008149043
831,NPA018517,Manumycin E,"InChI=1S/C30H34N2O7/c1-20(2)13-9-5-3-4-6-10-14-24(35)31-21-19-30(38,29-28(39-29)27(21)37)18-12-8-7-11-15-25(36)32-26-22(33)16-17-23(26)34/h3-8,10-12,14-15,18-20,28-29,33,38H,9,13,16-17H2,1-2H3,(H,31,35)(H,32,36)",C30H36N2O7,M+2H,268.125576720835,6.0022720336913995,0.9602587800369686
834,peak_834_sirius_1,5-(4-cyanophenyl)sulfinyl-6-methyl-2-oxo-N-[2-[2-[2-[2-[2-(propanoylamino)ethoxy]ethoxy]ethoxy]ethoxy]ethyl]-1-[3-(trifluoromethyl)phenyl]pyridine-3-carboxamide,"InChI=1S/C34H39F3N4O8S/c1-3-31(42)39-11-13-46-15-17-48-19-20-49-18-16-47-14-12-40-32(43)29-22-30(50(45)28-9-7-25(23-38)8-10-28)24(2)41(33(29)44)27-6-4-5-26(21-27)34(35,36)37/h4-10,21-22H,3,11-20H2,1-2H3,(H,39,42)(H,40,43)",C35H44F3N4O9S,M+CH3OH+H,753.27755889384,3.7349939982096334,0.8107719928186714
838,peak_838_sirius_1,5-Hydroxythalidasine N2-oxide,"InChI=1S/C39H44N2O9/c1-40-16-14-25-27-21-32(45-4)36(46-5)35(25)50-37-33-26(34(42)38(47-6)39(37)48-7)15-17-41(2,43)29(33)19-23-10-13-30(44-3)31(20-23)49-24-11-8-22(9-12-24)18-28(27)40/h8-13,20-21,28-29,42H,14-19H2,1-7H3",C41H47N3NaO9,M+ACN+Na,748.3204460031101,3.7349939982096334,0.3849571078431373
839,peak_839_metfrag_1,"7-cyclopentyl-2-[[5-[2-[4-[4-(2-hydroxy-6-oxopiperidin-3-yl)phenyl]piperazin-1-yl]ethoxy]pyridin-2-yl]amino]-N,N-dimethylpyrrolo[2,3-d]pyrimidine-6-carboxamide","InChI=1S/C36H45N9O4/c1-42(2)35(48)30-21-25-22-38-36(41-33(25)45(30)27-5-3-4-6-27)39-31-13-11-28(23-37-31)49-20-19-43-15-17-44(18-16-43)26-9-7-24(8-10-26)29-12-14-32(46)40-34(29)47/h7-11,13,21-23,27,29,34,47H,3-6,12,14-20H2,1-2H3,(H,40,46)(H,37,38,39,41)",C36H46N9O4,M+H,668.3667269685001,3.7349939982096334,0.39996288047512996
840,NPA015397,Cytochalasin L,"InChI=1S/C32H37NO7/c1-18-10-9-13-23-29-31(5,40-29)20(3)27-24(17-22-11-7-6-8-12-22)33-30(37)32(23,27)39-26(36)15-14-25(35)28(19(2)16-18)38-21(4)34/h6-9,11-16,18,20,23-24,27-29H,10,17H2,1-5H3,(H,33,37)",C32H37NNaO7,M+Na,570.2462205339301,3.7349939982096334,0.9846952205467604
863,NPA012639,Delaminomycin A,"InChI=1S/C29H43NO6/c1-6-22(32)17(3)9-7-8-10-21(31)15-20-12-11-19-14-16(2)13-18(4)24(19)29(20,5)26(34)23-25(33)28(36)30-27(23)35/h7-12,16-22,24,28,31-32,34,36H,6,13-15H2,1-5H3,(H,30,35)",C29H44NO6,M+H,502.31631410773997,5.568413289388017,0.7777333199959988
865,C08841,Withaferin A,"InChI=1S/C28H38O6/c1-14-11-21(33-25(32)17(14)13-29)15(2)18-5-6-19-16-12-24-28(34-24)23(31)8-7-22(30)27(28,4)20(16)9-10-26(18,19)3/h7-8,15-16,18-21,23-24,29,31H,5-6,9-13H2,1-4H3",C28H38NaO6,M+Na,493.25605694216,5.568413289388017,0.22075471698113203
866,peak_866_msfinder_1,"(3S)-3-[3-(3,5-dimethylpyrazol-1-yl)phenyl]-4-[(3R)-3-[2-(5,6,7,8-tetrahydro-1,8-naphthyridin-2-yl)ethyl]pyrrolidin-1-yl]butanoic acid","InChI=1S/C29H37N5O2/c1-20-15-21(2)34(32-20)27-7-3-5-24(16-27)25(17-28(35)36)19-33-14-12-22(18-33)8-10-26-11-9-23-6-4-13-30-29(23)31-26/h3,5,7,9,11,15-16,22,25H,4,6,8,10,12-14,17-19H2,1-2H3,(H,30,31)(H,35,36)",C29H38N5O2,M+H,488.30200145379996,5.568413289388017,0.13770883054892602
867,peak_867_sirius_1,Withanone,"InChI=1S/C28H38O6/c1-14-13-19(33-24(30)15(14)2)16(3)27(31)12-9-17-21-18(8-11-25(17,27)4)26(5)20(29)7-6-10-28(26,32)23-22(21)34-23/h6-7,16-19,21-23,31-32H,8-13H2,1-5H3",C28H39O6,M-H2O+H,453.26355094216,5.568413289388017,0.273972602739726
868,peak_868_sirius_3_metfrag_6_msfinder_1,"Bis(2-butoxyethyl) (1,1,2,2-tetradeuterio-2-hydroxyethyl) phosphate","InChI=1S/C14H31O7P/c1-3-5-8-17-11-13-20-22(16,19-10-7-15)21-14-12-18-9-6-4-2/h15H,3-14H2,1-2H3",C14H32O7P,M+H,343.18801633454,5.568413289388017,0.7197094430992736
869,NPA000083,Oxydifficidin,"InChI=1S/C31H45O7P/c1-6-16-24(2)21-22-28-18-15-14-17-25(3)30(38-39(34,35)36)20-13-11-9-7-8-10-12-19-29(32)27(5)26(4)23-31(33)37-28/h6-10,12,14-17,19,27-30,32H,1,4,11,13,18,20-23H2,2-3,5H3,(H2,34,35,36)",C31H47O7P,M+2H,281.15242139288,5.568413289388017,0.936717205009888
870,peak_870_sirius_1,N-but-2-ynyl-3-methylbutan-2-amine,"InChI=1S/C9H17N/c1-5-6-7-10-9(4)8(2)3/h8-10H,7H2,1-4H3",C10H22NO,M+CH3OH+H,172.16958855234,5.568413289388017,0.28074483323102106
871,C00719,Betaine,"InChI=1S/C5H11NO2/c1-6(2,3)4-5(7)8/h4H2,1-3H3",C5H12NO2,M+H,118.0862545981,3.493851979573567,0.8948004141263085
872,C00719,Betaine,"InChI=1S/C5H11NO2/c1-6(2,3)4-5(7)8/h4H2,1-3H3",C5H12NO2,M+H,118.0862545981,5.5562881469726495,0.8974196521138118
873,NPA002536,quinocinnolinomycin C,"InChI=1S/C24H35N3O3/c1-4-17(2)11-9-7-5-6-8-10-12-19(28)14-13-18-15-20-22(29)16-21(25-3)24(30)23(20)27-26-18/h13-17,19,25,28H,4-12H2,1-3H3",C24H35N3NaO3,M+Na,436.25706000005,5.250130208333333,0.054896968732596085
874,C00719,Betaine,"InChI=1S/C5H11NO2/c1-6(2,3)4-5(7)8/h4H2,1-3H3",C5H12NO2,M+H,118.0862545981,5.250130208333333,0.8932815488957162
875,C00719,Betaine,"InChI=1S/C5H11NO2/c1-6(2,3)4-5(7)8/h4H2,1-3H3",C5H12NO2,M+H,118.0862545981,6.66412455240885,0.8944972176943399
876,C00719,Betaine,"InChI=1S/C5H11NO2/c1-6(2,3)4-5(7)8/h4H2,1-3H3",C5H12NO2,M+H,118.0862545981,1.8334617614746167,0.8970868185751371
877,C00719,Betaine,"InChI=1S/C5H11NO2/c1-6(2,3)4-5(7)8/h4H2,1-3H3",C5H12NO2,M+H,118.0862545981,3.7028086344401,0.8933598183881952
878,C03996,5'-O-beta-D-Glucosylpyridoxine,"InChI=1S/C14H21NO8/c1-6-10(18)8(3-16)7(2-15-6)5-22-14-13(21)12(20)11(19)9(4-17)23-14/h2,9,11-14,16-21H,3-5H2,1H3",C14H22NO8,M+H,332.13399263782,0.8098675409952799,0.9846345045757542
880,C04580,"2-Deoxy-2,3-dehydro-N-acetylneuraminic acid","InChI=1S/C11H17NO8/c1-4(14)12-8-5(15)2-7(11(18)19)20-10(8)9(17)6(16)3-13/h2,5-6,8-10,13,15-17H,3H2,1H3,(H,12,14)(H,18,19)",C11H17NNaO8,M+Na,314.0846345089,0.8098675409952799,0.0636916835699799
881,peak_881_metfrag_10,1-(2-chlorophenyl)-4-[(2-fluorophenyl)methyl]piperazine,"InChI=1S/C17H18ClFN2/c18-15-6-2-4-8-17(15)21-11-9-20(10-12-21)13-14-5-1-3-7-16(14)19/h1-8H,9-13H2",C17H19ClFN2,M+H,305.12153043372996,0.8098675409952799,0.010328638497652531
882,NPA019525,Splenocin I,"InChI=1S/C31H30N2O9/c1-18-25(33-28(36)22-14-9-15-24(26(22)35)32-17-34)31(39)41-19(2)27(42-29(37)21-12-7-4-8-13-21)23(30(38)40-18)16-20-10-5-3-6-11-20/h3-15,17-19,23,25,27,35H,16H2,1-2H3,(H,32,34)(H,33,36)",C31H32N2O9,M+2H,288.10484127594503,0.8098675409952799,0.020466251016535653
883,NPA023199,Clearanol J,"InChI=1S/C12H14O6/c1-5-6(14)3-7(15)9-10(5)12(2,17)8(4-13)18-11(9)16/h3,8,13-15,17H,4H2,1-2H3",C12H14NaO6,M+Na,277.06825616864,0.8098675409952799,0.019728729963008673
884,VF-NPL-QEHF01xxxx_31,"[(2R,3S,4S,5R,6R)-6-[(2S,3S,4S,5R)-3,4-dihydroxy-2,5-bis(hydroxymethyl)oxolan-2-yl]oxy-3,4,5-trihydroxyoxan-2-yl]methyl (E)-3-(4-hydroxy-3,5-dimethoxyphenyl)prop-2-enoate","InChI=1S/C23H32O15/c1-33-11-5-10(6-12(34-2)16(11)27)3-4-15(26)35-8-14-17(28)19(30)20(31)22(36-14)38-23(9-25)21(32)18(29)13(7-24)37-23/h3-6,13-14,17-22,24-25,27-32H,7-9H2,1-2H3",C23H34O15,M+2H,275.094336162455,0.8098675409952799,0.631639844325234
886,peak_886_metfrag_2,"1-(2-methylpyrazolo[1,5-a]pyrimidin-6-yl)-N-(2,2,2-trifluoroethoxy)methanamine","InChI=1S/C10H11F3N4O/c1-7-2-9-14-3-8(5-17(9)16-7)4-15-18-6-10(11,12)13/h2-3,5,15H,4,6H2,1H3",C10H12F3N4O,M+H,261.09577148001,0.8098675409952799,0.4283988957902002
887,C06953,Didanosine,"InChI=1S/C10H12N4O3/c15-3-6-1-2-7(17-6)14-5-13-8-9(14)11-4-12-10(8)16/h4-7,15H,1-3H2,(H,11,12,16)",C10H12N4NaO3,M+Na,259.08015826319,0.8098675409952799,0.013070471626184466
888,NPA003182,N-[2-(4-hydroxyphenyl)-2-oxoethyl]-3-methylbutanamide,"InChI=1S/C13H17NO3/c1-9(2)7-13(17)14-8-12(16)10-3-5-11(15)6-4-10/h3-6,9,15H,7-8H2,1-2H3,(H,14,17)",C13H17NNaO3,M+Na,258.11006141105,0.8098675409952799,0.008610792192881855
889,NPA008720,Neohydroxyaspergillic acid,"InChI=1S/C12H20N2O3/c1-7(2)5-9-12(16)14(17)10(6-13-9)11(15)8(3)4/h6-8,11,15,17H,5H2,1-4H3",C12H21N2O3,M+H,241.15466851217,0.8098675409952799,0.030015449128227734
890,C11842,N-(3-(S)-Hydroxybutyryl)homoserine lactone,"InChI=1S/C8H13NO4/c1-5(10)4-7(11)9-6-2-3-13-8(6)12/h5-6,10H,2-4H2,1H3,(H,9,11)",C8H14NO4,M+H,188.0917339017,0.8098675409952799,0.009361864730607627
891,C00811,4-Coumarate,"InChI=1S/C9H8O3/c10-8-4-1-7(2-5-8)3-6-9(11)12/h1-6,10H,(H,11,12)",C9H12NO3,M+NH4,182.08116711655,0.8098675409952799,0.6769673559039612
893,C00811,4-Coumarate,"InChI=1S/C9H8O3/c10-8-4-1-7(2-5-8)3-6-9(11)12/h1-6,10H,(H,11,12)",C9H9O3,M+H,165.05462011654998,0.8098675409952799,0.8390556492411467
894,NPA018628,2-Amino-5-methyl-5-hexencarbonsaeure,"InChI=1S/C7H13NO2/c1-5(2)3-4-6(8)7(9)10/h6H,1,3-4,8H2,2H3,(H,9,10)",C7H14NO2,M+H,144.10190466256,0.8098675409952799,0.00680772769089244
895,C00785,Urocanate,"InChI=1S/C6H6N2O2/c9-6(10)2-1-5-3-7-4-8-5/h1-4H,(H,7,8)(H,9,10)",C6H7N2O2,M+H,139.05020344138,0.8098675409952799,0.969780782626511
897,NPA000657,Lansai D,"InChI=1S/C16H18N2O2/c1-11(2)9-14-15(19)17-13(16(20)18(14)3)10-12-7-5-4-6-8-12/h4-11H,1-3H3,(H,17,19)",C16H20N2O2,M+2H,136.07568991406998,0.8098675409952799,0.02123456790123457
898,NPA009452,p-hydroxy- methylbenzene diazonium ion,"InChI=1S/C7H7N2O/c8-9-7-3-1-6(5-10)2-4-7/h1-4,10H,5H2",C7H8N2O,M+H,136.06311385403998,0.8098675409952799,0.8530502621818646
900,NPA022171,"9-(hydroxymethyl)-1-methyldibenzofuran-3,7-diol","InChI=1S/C14H12O4/c1-7-2-9(16)4-11-13(7)14-8(6-15)3-10(17)5-12(14)18-11/h2-5,15-17H,6H2,1H3",C14H14O4,M+2H,123.04405543252001,0.8098675409952799,0.006670709520921747
901,C00785,Urocanate,"InChI=1S/C6H6N2O2/c9-6(10)2-1-5-3-7-4-8-5/h1-4H,(H,7,8)(H,9,10)",C6H7N2O2,M-H2O+H,121.03963944138002,0.8098675409952799,0.4150258343806732
902,C00380,Cytosine,"InChI=1S/C4H5N3O/c5-3-1-2-6-4(8)7-3/h1-2H,(H3,5,6,7,8)",C4H6N3O,M+H,112.05053779401,0.8098675409952799,0.7143498260967127
904,C00719,Betaine,"InChI=1S/C5H11NO2/c1-6(2,3)4-5(7)8/h4H2,1-3H3",C5H12NO2,M+H,118.0862545981,4.167037709554033,0.8991703892788768
911,C00719,Betaine,"InChI=1S/C5H11NO2/c1-6(2,3)4-5(7)8/h4H2,1-3H3",C5H12NO2,M+H,118.0862545981,2.308174387613933,0.8991382242884681
912,C00719,Betaine,"InChI=1S/C5H11NO2/c1-6(2,3)4-5(7)8/h4H2,1-3H3",C5H12NO2,M+H,118.0862545981,5.046084086100267,0.8968267532615507
913,C00719,Betaine,"InChI=1S/C5H11NO2/c1-6(2,3)4-5(7)8/h4H2,1-3H3",C5H12NO2,M+H,118.0862545981,2.8466102600097667,0.8978356993251105
914,C00719,Betaine,"InChI=1S/C5H11NO2/c1-6(2,3)4-5(7)8/h4H2,1-3H3",C5H12NO2,M+H,118.0862545981,3.1960393269856833,0.8985720761559384
915,C00719,Betaine,"InChI=1S/C5H11NO2/c1-6(2,3)4-5(7)8/h4H2,1-3H3",C5H12NO2,M+H,118.0862545981,2.6696372985839836,0.8974746008708273
916,C00719,Betaine,"InChI=1S/C5H11NO2/c1-6(2,3)4-5(7)8/h4H2,1-3H3",C5H12NO2,M+H,118.0862545981,4.761236063639316,0.8992049971607041
917,C00183,L-Valine,"InChI=1S/C5H11NO2/c1-3(2)4(6)5(7)8/h3-4H,6H2,1-2H3,(H,7,8)",C5H12NO2,M+H,118.0862545981,3.9929504394531334,0.40673211781206176
918,C00719,Betaine,"InChI=1S/C5H11NO2/c1-6(2,3)4-5(7)8/h4H2,1-3H3",C5H12NO2,M+H,118.0862545981,3.2739941914876334,0.895001735508504
926,C00719,Betaine,"InChI=1S/C5H11NO2/c1-6(2,3)4-5(7)8/h4H2,1-3H3",C5H12NO2,M+H,118.0862545981,4.28067525227865,0.8903248340901153
943,C00719,Betaine,"InChI=1S/C5H11NO2/c1-6(2,3)4-5(7)8/h4H2,1-3H3",C5H12NO2,M+H,118.0862545981,1.6656096140543617,0.8907968574635241
945,peak_945_sirius_1,"2,3-Dicyclopropyl-1,3-butadiene","InChI=1S/C10H14/c1-7(9-3-4-9)8(2)10-5-6-10/h9-10H,1-6H2",C11H17O2,M+CH2O2+H,181.12230621122,5.42361958821615,0.2915028726942849
946,C00719,Betaine,"InChI=1S/C5H11NO2/c1-6(2,3)4-5(7)8/h4H2,1-3H3",C5H12NO2,M+H,118.0862545981,7.226907857259117,0.8896315238870162
948,C00183,L-Valine,"InChI=1S/C5H11NO2/c1-3(2)4(6)5(7)8/h3-4H,6H2,1-2H3,(H,7,8)",C5H12NO2,M+H,118.0862545981,1.3765468597412116,0.3960603520536463
949,C00183,L-Valine,"InChI=1S/C5H11NO2/c1-3(2)4(6)5(7)8/h3-4H,6H2,1-2H3,(H,7,8)",C5H12NO2,M+H,118.0862545981,7.317850240071617,0.31676393640571543
950,C00183,L-Valine,"InChI=1S/C5H11NO2/c1-3(2)4(6)5(7)8/h3-4H,6H2,1-2H3,(H,7,8)",C5H12NO2,M+H,118.0862545981,1.2922115325927734,0.408864044719505
951,C00719,Betaine,"InChI=1S/C5H11NO2/c1-6(2,3)4-5(7)8/h4H2,1-3H3",C5H12NO2,M+H,118.0862545981,8.050275166829433,0.8993273542600897
953,C00719,Betaine,"InChI=1S/C5H11NO2/c1-6(2,3)4-5(7)8/h4H2,1-3H3",C5H12NO2,M+H,118.0862545981,8.609384155273434,0.8971021321710448
954,C00719,Betaine,"InChI=1S/C5H11NO2/c1-6(2,3)4-5(7)8/h4H2,1-3H3",C5H12NO2,M+H,118.0862545981,7.6472539265950505,0.8916345367449469
965,VF-NPL-QEHF00xxxx_112,"3-[4-methoxy-2-[(2S,3R,4S,5S,6R)-3,4,5-trihydroxy-6-(hydroxymethyl)oxan-2-yl]oxyphenyl]propanoic acid","InChI=1S/C16H22O9/c1-23-9-4-2-8(3-5-12(18)19)10(6-9)24-16-15(22)14(21)13(20)11(7-17)25-16/h2,4,6,11,13-17,20-22H,3,5,7H2,1H3,(H,18,19)",C16H22NaO9,M+Na,381.11560028519,2.2335952758789,0.005104305370617013
966,C04415,4-O-beta-D-Glucosyl-4-hydroxycinnamate,"InChI=1S/C15H18O8/c16-7-10-12(19)13(20)14(21)15(23-10)22-9-4-1-8(2-5-9)3-6-11(17)18/h1-6,10,12-16,19-21H,7H2,(H,17,18)",C15H18NaO8,M+Na,349.08938553670004,2.2335952758789,0.35268076733890796
968,C05158,trans-beta-D-Glucosyl-2-hydroxycinnamate,"InChI=1S/C15H18O8/c16-7-10-12(19)13(20)14(21)15(23-10)22-9-4-2-1-3-8(9)5-6-11(17)18/h1-6,10,12-16,19-21H,7H2,(H,17,18)",C15H22NO8,M+NH4,344.1339905367,2.2335952758789,0.34705049551675315
969,C01197,Caffeate,"InChI=1S/C9H8O4/c10-7-3-1-6(5-8(7)11)2-4-9(12)13/h1-5,10-11H,(H,12,13)",C9H9O4,M-H2O+H,163.03897073612,2.2335952758789,0.312625250501002
970,C02713,N-Acetylmuramate,"InChI=1S/C11H19NO8/c1-4(10(16)17)19-9-7(12-5(2)14)11(18)20-6(3-13)8(9)15/h4,6-9,11,13,15,18H,3H2,1-2H3,(H,12,14)(H,16,17)",C11H19NNaO8,M+Na,316.10028457336,0.91416130065918,0.7658425292173022
971,C00719,Betaine,"InChI=1S/C5H11NO2/c1-6(2,3)4-5(7)8/h4H2,1-3H3",C5H12NO2,M+H,118.0862545981,0.91416130065918,0.8999613110042558
973,C00183,L-Valine,"InChI=1S/C5H11NO2/c1-3(2)4(6)5(7)8/h3-4H,6H2,1-2H3,(H,7,8)",C5H12NO2,M+H,118.0862545981,1.100019709269205,0.45888058193574455
974,C00719,Betaine,"InChI=1S/C5H11NO2/c1-6(2,3)4-5(7)8/h4H2,1-3H3",C5H12NO2,M+H,118.0862545981,7.822016398111983,0.8912399000174388
976,NPA010305,leucyl-4-hydroxyproline,"InChI=1S/C11H20N2O4/c1-6(2)3-9(11(16)17)13-10(15)8-4-7(14)5-12-8/h6-9,12,14H,3-5H2,1-2H3,(H,13,15)(H,16,17)",C11H21N2O4,M+H,245.14958313173997,8.28048146565755,0.890886450307417
977,C00719,Betaine,"InChI=1S/C5H11NO2/c1-6(2,3)4-5(7)8/h4H2,1-3H3",C5H12NO2,M+H,118.0862545981,8.28048146565755,0.8980577136514983
979,peak_979_msfinder_1,2-[[5-(dimethylsulfamoyl)-1H-indol-3-yl]methylidene]propanedioic acid diethyl ester,"InChI=1S/C18H22N2O6S/c1-5-25-17(21)15(18(22)26-6-2)9-12-11-19-16-8-7-13(10-14(12)16)27(23,24)20(3)4/h7-11,19H,5-6H2,1-4H3",C18H23N2O6S,M+H,395.12713360974,7.020245361328134,0.5718166681272456
980,peak_980_msfinder_1,"[5-({6-[3-(pyridin-4-yl)-1,2,4-oxadiazol-5-yl]-1H,4H,5H,6H,7H-imidazo[4,5-c]pyridin-5-yl}methyl)furan-2-yl]methanol","InChI=1S/C19H18N6O3/c26-10-14-2-1-13(27-14)8-25-9-16-15(21-11-22-16)7-17(25)19-23-18(24-28-19)12-3-5-20-6-4-12/h1-6,11,17,26H,7-10H2,(H,21,22)",C19H19N6O3,M+H,379.15131446543,7.020245361328134,0.6321554770318021
982,LU07850x_1,Diethylene glycol dibenzoate,"InChI=1S/C18H18O5/c19-17(15-7-3-1-4-8-15)22-13-11-21-12-14-23-18(20)16-9-5-2-6-10-16/h1-10H,11-14H2",C18H18NaO5,M+Na,337.10464167799,7.020245361328134,0.4518352897335569
984,LU07850x_1,Diethylene glycol dibenzoate,"InChI=1S/C18H18O5/c19-17(15-7-3-1-4-8-15)22-13-11-21-12-14-23-18(20)16-9-5-2-6-10-16/h1-10H,11-14H2",C18H22NO5,M+NH4,332.14924667799,7.020245361328134,0.5627901835065221
985,NPA000500,Stachyline B,"InChI=1S/C13H16O4/c1-9(2)12(14)8-17-11-5-3-10(4-6-11)7-13(15)16/h3-6,12,14H,1,7-8H2,2H3,(H,15,16)",C13H17O4,M+H,237.11213499395998,7.020245361328134,0.7236335642802156
986,C00423,trans-Cinnamate,"InChI=1S/C9H8O2/c10-9(11)7-6-8-4-2-1-3-5-8/h1-7H,(H,10,11)",C9H9O2,M+H,149.05970549697997,7.020245361328134,0.5050687091687318
987,NPA002464,"3,4-diphenylfuran-2(5H)-one","InChI=1S/C16H12O2/c17-16-15(13-9-5-2-6-10-13)14(11-18-16)12-7-3-1-4-8-12/h1-10H,11H2",C16H14O2,M+2H,119.04914081295,7.020245361328134,0.0273972602739726
988,NPA012486,8-O-acetyl 8-epi-malyngamide C,"InChI=1S/C26H40ClNO6/c1-4-5-6-7-9-12-21(32-3)13-10-8-11-14-24(31)28-18-20(17-27)26-23(30)16-15-22(25(26)34-26)33-19(2)29/h8,10,17,21-22,25H,4-7,9,11-16,18H2,1-3H3,(H,28,31)",C52H81Cl2N2O12,2M+H,995.5161073861001,4.179364776611333,0.047771903323262976
990,NPA024675,Cyclotine,"InChI=1S/C24H33N5O7/c1-2-15-21(33)28-17(12-30)22(34)27-16(14-7-4-3-5-8-14)11-20(32)25-18(13-31)24(36)29-10-6-9-19(29)23(35)26-15/h3-5,7-8,15-19,30-31H,2,6,9-13H2,1H3,(H,25,32)(H,26,35)(H,27,34)(H,28,33)",C24H33N5NaO7,M+Na,526.2272164227301,4.179364776611333,0.05316056150843096
991,NPA026294,Gln-Leu-Asp-Leu,"InChI=1S/C21H37N5O8/c1-10(2)7-13(24-18(30)12(22)5-6-16(23)27)19(31)25-14(9-17(28)29)20(32)26-15(21(33)34)8-11(3)4/h10-15H,5-9,22H2,1-4H3,(H2,23,27)(H,24,30)(H,25,31)(H,26,32)(H,28,29)(H,33,34)",C21H37N5NaO8,M+Na,510.25343117122,4.179364776611333,0.8779267202859696
993,peak_993_metfrag_6,"N-[4-[[2-[4-[(2R,6S)-2,6-dimethylmorpholin-4-yl]anilino]-5-fluoropyrimidin-4-yl]oxymethyl]cycloheptyl]acetamide","InChI=1S/C26H36FN5O3/c1-17-14-32(15-18(2)35-17)23-11-9-22(10-12-23)30-26-28-13-24(27)25(31-26)34-16-20-5-4-6-21(8-7-20)29-19(3)33/h9-13,17-18,20-21H,4-8,14-16H2,1-3H3,(H,29,33)(H,28,30,31)",C26H37FN5O3,M+H,486.28749420387,4.179364776611333,0.4036468581923127
995,NPA019282,Nocardioazine B,"InChI=1S/C29H32N4O2/c1-17(2)13-14-29-16-23-24(34)32-22(15-28(3)18-9-5-7-11-20(18)30-26(28)32)25(35)33(23)27(29)31(4)21-12-8-6-10-19(21)29/h5-13,22-23,26-27,30H,14-16H2,1-4H3",C29H33N4O2,M+H,469.25980228822,4.179364776611333,0.06295867130166088
996,peak_996_sirius_1,"6,13-dihydroxy-15-{1-[5-(hydroxymethyl)-4-methyl-6-oxo-3,6-dihydro-2H-pyran-2-yl]ethyl}-2,16-dimethyl-8-oxapentacyclo[9.7.0.0²,⁷.0⁷,⁹.0¹²,¹⁶]octadec-4-en-3-one","InChI=1S/C28H38O7/c1-13-9-20(34-25(33)16(13)12-29)14(2)18-11-19(30)24-15-10-23-28(35-23)22(32)6-5-21(31)27(28,4)17(15)7-8-26(18,24)3/h5-6,14-15,17-20,22-24,29-30,32H,7-12H2,1-4H3",C28H39O7,M-H4O2+H,451.24790056173003,4.179364776611333,0.7021450794170624
997,peak_997_metfrag_1,(E)-N-(dichloromethyl)ethanimine,"InChI=1S/C3H5Cl2N/c1-2-6-3(4)5/h2-3H,1H3",C3H6Cl2N,M+H,125.98718052958,4.179364776611333,0.39074990483441185
1005,C00153,Nicotinamide,"InChI=1S/C6H6N2O/c7-6(9)5-2-1-3-8-4-5/h1-4H,(H2,7,9)",C6H7N2O,M+H,123.05528882181001,0.9202008565266933,0.6780079264189038
1015,NPA017084,Piericidin C7,"InChI=1S/C28H41NO5/c1-10-19(4)26-28(7,34-26)25(31)20(5)16-18(3)13-11-12-17(2)14-15-22-21(6)23(30)24(32-8)27(29-22)33-9/h10-11,13-14,16,20,25-26,31H,12,15H2,1-9H3,(H,29,30)",C28H42NO5,M+H,472.30574942371,6.651997375488283,0.4937397931409907
1016,VF-NPL-QEHF022xxx_12,"(2R,3R,4S,5S,6R)-2-[[(2R,3S,4S,5R,6S)-6-[4-[3-[3,5-dimethoxy-4-[(2S,3R,4S,5S,6R)-3,4,5-trihydroxy-6-(hydroxymethyl)oxan-2-yl]oxyphenyl]-1,3,3a,4,6,6a-hexahydrofuro[3,4-c]furan-6-yl]-2,6-dimethoxyphenoxy]-3,4,5-trihydroxyoxan-2-yl]methoxy]-6-(hydroxymethyl)oxane-3,4,5-triol","InChI=1S/C40H56O23/c1-52-18-5-14(6-19(53-2)36(18)62-39-32(50)29(47)26(44)23(10-42)60-39)34-16-11-57-35(17(16)12-56-34)15-7-20(54-3)37(21(8-15)55-4)63-40-33(51)30(48)27(45)24(61-40)13-58-38-31(49)28(46)25(43)22(9-41)59-38/h5-8,16-17,22-35,38-51H,9-13H2,1-4H3",C40H58O23,M+2H,453.16789502749504,6.651997375488283,0.27755813953488384
1017,C12512,Eplerenone,"InChI=1S/C24H30O6/c1-21-7-4-14(25)10-13(21)11-15(20(27)28-3)19-16-5-8-23(9-6-18(26)30-23)22(16,2)12-17-24(19,21)29-17/h10,15-17,19H,4-9,11-12H2,1-3H3",C24H30NaO6,M+Na,437.19345668432,6.651997375488283,0.5483264385107183
1018,peak_1018_sirius_1,"[2-[2-(3-Methylphenoxy)ethylamino]-2-oxoethyl] 2-(3,5-dimethylphenoxy)acetate","InChI=1S/C21H25NO5/c1-15-5-4-6-18(10-15)25-8-7-22-20(23)13-27-21(24)14-26-19-11-16(2)9-17(3)12-19/h4-6,9-12H,7-8,13-14H2,1-3H3,(H,22,23)",C24H34NO6,M+IsoProp+H,432.23861290803,6.651997375488283,0.21900826446280985
1020,peak_1020_msfinder_1,UNPD34087,"InChI=1S/C28H34O3/c1-15-11-23-26(4,14-22(15)30)13-16(2)24-19-8-7-18-17(3)25(31)21(29)12-20(18)27(19,5)9-10-28(23,24)6/h7-8,12,15,23,31H,9-11,13-14H2,1-6H3",C28H35O3,M+H,419.25807095452996,6.651997375488283,0.6579454695676122
1021,C12512,Eplerenone,"InChI=1S/C24H30O6/c1-21-7-4-14(25)10-13(21)11-15(20(27)28-3)19-16-5-8-23(9-6-18(26)30-23)22(16,2)12-17-24(19,21)29-17/h10,15-17,19H,4-9,11-12H2,1-3H3",C24H31O6,M+H,415.21151468432,6.651997375488283,0.7626959247648903
1023,NPA026111,6-(2′S-hydroxy-5′E-ene-1′-heptyl)-4-hydroxy-3-methyl-2H-pyran-2-one,"InChI=1S/C13H18O4/c1-3-4-5-6-10(14)7-11-8-12(15)9(2)13(16)17-11/h3-4,8,10,14-15H,5-7H2,1-2H3",C13H18NaO4,M+Na,261.10972705842,5.162680053710933,0.011549566891241647
1024,C15699,gamma-L-Glutamylputrescine,"InChI=1S/C9H19N3O3/c10-5-1-2-6-12-8(13)4-3-7(11)9(14)15/h7H,1-6,10-11H2,(H,12,13)(H,14,15)",C9H19N3NaO3,M+Na,240.13185948437,5.162680053710933,0.0030730025483436396
1025,C00860,L-Histidinol,"InChI=1S/C6H11N3O/c7-5(3-10)1-6-2-8-4-9-6/h2,4-5,10H,1,3,7H2,(H,8,9)",C6H11N3NaO,M+Na,164.07942998738997,5.162680053710933,0.9759538799969658
1026,peak_1026_metfrag_1,4-aminochloranuidylbut-1-yne,"InChI=1S/C4H7ClN/c1-2-3-4-5-6/h1H,3-4,6H2",C4H8ClN,M+H,105.03397791204,5.162680053710933,0.4410615808823529
1029,C00719,Betaine,"InChI=1S/C5H11NO2/c1-6(2,3)4-5(7)8/h4H2,1-3H3",C5H12NO2,M+H,118.0862545981,8.947271728515632,0.8955856911658017
1035,NPA014423,Micropeptin DR1056,"InChI=1S/C54H72N8O14/c1-7-30(4)45-54(75)76-31(5)46(60-47(68)37(21-23-43(55)66)56-50(71)42(65)28-34-15-19-36(64)20-16-34)51(72)58-39(26-33-13-17-35(63)18-14-33)48(69)57-38-22-24-44(67)62(52(38)73)41(25-29(2)3)53(74)61(6)40(49(70)59-45)27-32-11-9-8-10-12-32/h8-20,29-31,37-42,44-46,63-65,67H,7,21-28H2,1-6H3,(H2,55,66)(H,56,71)(H,57,69)(H,58,72)(H,59,70)(H,60,68)",C54H73N8O14,M+H,1057.5240750299802,4.412956746419267,0.04130612244897969
1036,peak_1036_metfrag_1,"3-[(5R,8S,11S,14R,17S)-5-(1H-indol-3-ylmethyl)-11-[(4-methoxyphenyl)methyl]-14-methyl-8-(2-methylpropyl)-3,6,9,12,15-pentaoxo-17-propan-2-yl-1,4,7,10,13,16-hexazacyclooctadecane-1-carbonyl]-4-methylbenzenesulfonamide","InChI=1S/C45H58N8O9S/c1-25(2)18-36-43(57)51-37(19-29-13-15-31(62-7)16-14-29)42(56)48-28(6)41(55)52-39(26(3)4)23-53(45(59)34-21-32(63(46,60)61)17-12-27(34)5)24-40(54)49-38(44(58)50-36)20-30-22-47-35-11-9-8-10-33(30)35/h8-17,21-22,25-26,28,36-39,47H,18-20,23-24H2,1-7H3,(H,48,56)(H,49,54)(H,50,58)(H,51,57)(H,52,55)(H2,46,60,61)",C45H59N8O9S,M+H,887.41202265531,4.412956746419267,0.6204571000374672
1039,peak_1039_metfrag_4,"4-[[9-(cyclohexylmethyl)-3-methylidene-5-(4-phenoxypiperidin-1-yl)sulfanyl-1,5,9-triazacyclododec-1-yl]sulfanyl]-N,N-dimethylaniline","InChI=1S/C36H55N5OS2/c1-31-28-40(43-36-18-16-33(17-19-36)37(2)3)24-10-22-38(30-32-12-6-4-7-13-32)23-11-25-41(29-31)44-39-26-20-35(21-27-39)42-34-14-8-5-9-15-34/h5,8-9,14-19,32,35H,1,4,6-7,10-13,20-30H2,2-3H3",C36H56N5OS2,M+H,638.39207976317,4.412956746419267,0.4130982367758186
1040,C08331,Gynocardin,"InChI=1S/C12H17NO8/c13-4-12(2-1-5(15)10(12)19)21-11-9(18)8(17)7(16)6(3-14)20-11/h1-2,5-11,14-19H,3H2",C24H35N2O16,2M+H,607.1981090178001,4.412956746419267,0.9557047513109804
1042,peak_1042_sirius_1,"(3S)-3-[[(2S)-2-acetamido-3-methylbutanoyl]amino]-4-[[(2S)-4-(dimethylamino)-1,4-dioxo-1-[[(2S)-4,4,4-trifluoro-3,3-dihydroxybutan-2-yl]amino]butan-2-yl]amino]-2,2-dimethyl-4-oxobutanoic acid","InChI=1S/C23H38F3N5O9/c1-10(2)15(28-12(4)32)18(35)30-16(21(5,6)20(37)38)19(36)29-13(9-14(33)31(7)8)17(34)27-11(3)22(39,40)23(24,25)26/h10-11,13,15-16,39-40H,9H2,1-8H3,(H,27,34)(H,28,32)(H,29,36)(H,30,35)(H,37,38)",C23H39F3N5O9,M+H,586.26943831121,4.412956746419267,0.2816901408450704
1044,peak_1044_sirius_1,"1,3,27-Trihydroxywitha-5,24-Dienolide; (1&#945;,3&#946;)-Form","InChI=1S/C28H42O5/c1-15-11-24(33-26(32)20(15)14-29)16(2)21-7-8-22-19-6-5-17-12-18(30)13-25(31)28(17,4)23(19)9-10-27(21,22)3/h5,16,18-19,21-25,29-31H,6-14H2,1-4H3",C28H43O5,M+H,459.31050045151,4.412956746419267,0.1068613138686132
1046,NPA000795,3-hydroxy-N-methylwelwitindolinone C isonitrile,"InChI=1S/C22H21ClN2O3/c1-7-20(4)15(23)11-13-17(26)21(20,24-5)12-9-8-10-14-16(12)22(28,19(13,2)3)18(27)25(14)6/h7-11,13,28H,1H2,2-4,6H3",C22H22ClN2O3,M+H,397.1313462264,4.412956746419267,0.982258745823893
1047,peak_1047_sirius_1,1-[2-(2-Butoxyethoxy)ethoxy]-4-chlorobutane,"InChI=1S/C12H25ClO3/c1-2-3-7-14-9-11-16-12-10-15-8-5-4-6-13/h2-12H2,1H3",C13H28ClO5,M+CH2O2+H,299.16197810646,4.412956746419267,0.4319495533368365
1048,NPA007183,Anabaenopeptin I,"InChI=1S/C38H61N7O9/c1-9-23(6)31(37(52)53)44-38(54)42-27-12-10-11-19-39-33(48)29(20-21(2)3)41-32(47)24(7)45(8)36(51)28(18-15-25-13-16-26(46)17-14-25)40-35(50)30(22(4)5)43-34(27)49/h13-14,16-17,21-24,27-31,46H,9-12,15,18-20H2,1-8H3,(H,39,48)(H,40,50)(H,41,47)(H,43,49)(H,52,53)(H2,42,44,54)",C38H62N7O9,M+H,760.46035257317,8.1874771118164,0.36413208118751894
1049,NPA020801,Paulomycin F,"InChI=1S/C29H38N2O16S/c1-6-14(31-10-48)27(39)47-22-16(9-43-13(4)33)45-25(28(40)8-15(34)20(30)19(24(28)36)26(37)38)21(35)23(22)46-18-7-17(42-5)29(41,11(2)32)12(3)44-18/h6,11-12,16-18,21-23,25,30,32,35-36,40-41H,7-9H2,1-5H3,(H,37,38)",C29H40N2O16S,M+2H,352.10437816056,8.1874771118164,0.9586725109580463
1050,C14211,Butylbenzyl phthalate,"InChI=1S/C19H20O4/c1-2-3-13-22-18(20)16-11-7-8-12-17(16)19(21)23-14-15-9-5-4-6-10-15/h4-12H,2-3,13-14H2,1H3",C19H20NaO4,M+Na,335.12537712288,8.1874771118164,0.13871126414166246
1051,C14211,Butylbenzyl phthalate,"InChI=1S/C19H20O4/c1-2-3-13-22-18(20)16-11-7-8-12-17(16)19(21)23-14-15-9-5-4-6-10-15/h4-12H,2-3,13-14H2,1H3",C19H21O4,M+H,313.14343512288,8.1874771118164,0.7488655229662424
1069,peak_1069_sirius_1,"Maleic acid bis(1-O,2-O,3-O,4-O-tetramethyl-6-deoxy-beta-D-glucopyranose-6-yl) ester","InChI=1S/C24H40O14/c1-27-17-13(37-23(33-7)21(31-5)19(17)29-3)11-35-15(25)9-10-16(26)36-12-14-18(28-2)20(30-4)22(32-6)24(34-8)38-14/h9-10,13-14,17-24H,11-12H2,1-8H3",C24H44NO14,M+NH4,570.27562896318,5.324786376953133,0.2839108592039159
1073,peak_1073_msfinder_1,"N-cyclopentyl-2-{[hydroxy({9-oxo-10,20-diazapentacyclo[11.7.0.0?,??.0?,?.0??,??]icosa-1(13),3,5,7,14,16,18-heptaen-11-yl})methylidene]amino}-4-(methylsulfanyl)butanimidic acid","InChI=1S/C29H32N4O3S/c1-37-15-14-23(27(34)30-17-8-2-3-9-17)32-28(35)24-16-21-18-10-6-7-13-22(18)31-25(21)26-19-11-4-5-12-20(19)29(36)33(24)26/h4-7,10-13,17,23-24,26,31H,2-3,8-9,14-16H2,1H3,(H,30,34)(H,32,35)",C29H33N4O3S,M+H,517.2267880821901,5.324786376953133,0.6341189674523008
1075,peak_1075_msfinder_1,"9a,11a-dimethyl-1-oxo-2-(phenylmethylidene)-1H,2H,3H,3aH,3bH,4H,6H,7H,8H,9H,9aH,9bH,10H,11H,11aH-cyclopenta[a]phenanthren-7-yl acetate","InChI=1S/C28H34O3/c1-18(29)31-22-11-13-27(2)21(17-22)9-10-23-24(27)12-14-28(3)25(23)16-20(26(28)30)15-19-7-5-4-6-8-19/h4-9,15,22-25H,10-14,16-17H2,1-3H3",C28H35O3,M+H,419.25807095452996,5.324786376953133,0.19173093401885177
1078,peak_1078_msfinder_1,4-[2-(4-{2-[4-(2-{4-[2-(4-aminophenyl)diazen-1-yl]phenyl}diazen-1-yl)phenyl]diazen-1-yl}phenyl)diazen-1-yl]aniline,"InChI=1S/C30H24N10/c31-21-1-5-23(6-2-21)33-35-25-9-13-27(14-10-25)37-39-29-17-19-30(20-18-29)40-38-28-15-11-26(12-16-28)36-34-24-7-3-22(32)4-8-24/h1-20H,31-32H2",C30H25N10,M+H,525.22581681782,4.173246256510416,0.7853595335780609
1079,NPA004661,Carbazomycin A,"InChI=1S/C16H17NO2/c1-9-10(2)15(18-3)16(19-4)13-11-7-5-6-8-12(11)17-14(9)13/h5-8,17H,1-4H3",C32H35N2O4,2M+H,511.25913358296,4.173246256510416,0.005905006418485237
1080,VF-NPL-QEHF013xxx_20,Alpha-Dihydrogedunol,"InChI=1S/C28H38O7/c1-15(29)33-20-13-18-24(2,3)19(30)8-10-25(18,4)17-7-11-26(5)21(16-9-12-32-14-16)34-23(31)22-28(26,35-22)27(17,20)6/h9,12,14,17-22,30H,7-8,10-11,13H2,1-6H3",C28H38NaO7,M+Na,509.25097156173,4.173246256510416,0.0285599356395817
1081,VF-NPL-QEHF013xxx_20,Alpha-Dihydrogedunol,"InChI=1S/C28H38O7/c1-15(29)33-20-13-18-24(2,3)19(30)8-10-25(18,4)17-7-11-26(5)21(16-9-12-32-14-16)34-23(31)22-28(26,35-22)27(17,20)6/h9,12,14,17-22,30H,7-8,10-11,13H2,1-6H3",C28H39O7,M+H,487.26902956173,4.173246256510416,0.027303754266211677
1082,NPA017555,Simplicilliumtide C,"InChI=1S/C24H37N3O5/c1-7-16(4)21(25-17(5)28)23(30)27(6)20(14-18-11-9-8-10-12-18)22(29)26-19(24(31)32)13-15(2)3/h8-12,15-16,19-21H,7,13-14H2,1-6H3,(H,25,28)(H,26,29)(H,31,32)",C24H37N3NaO5,M+Na,470.26253930365,4.173246256510416,0.8783939303524999
1084,VF-NPL-QEHFxxxxxx_172,"2-[1-[1-hydroxy-10,13-dimethyl-3-[3,4,5-trihydroxy-6-[[3,4,5-trihydroxy-6-(hydroxymethyl)oxan-2-yl]oxymethyl]oxan-2-yl]oxy-2,3,4,7,8,9,11,12,14,15,16,17-dodecahydro-1H-cyclopenta[a]phenanthren-17-yl]ethyl]-4-(hydroxymethyl)-5-methyl-2,3-dihydropyran-6-one","InChI=1S/C40H62O15/c1-17-19(14-41)11-26(53-36(17)50)18(2)23-7-8-24-22-6-5-20-12-21(13-29(43)40(20,4)25(22)9-10-39(23,24)3)52-38-35(49)33(47)31(45)28(55-38)16-51-37-34(48)32(46)30(44)27(15-42)54-37/h5,18,21-35,37-38,41-49H,6-16H2,1-4H3",C40H66NO15,M+NH4,800.44269429181,4.1439313252767,0.9000140232786425
1086,peak_1086_sirius_1_msfinder_1,Cyclomethyltryptophan,"InChI=1S/C12H12N2O2/c15-12(16)10-5-8-7-3-1-2-4-9(7)14-11(8)6-13-10/h1-4,10,13-14H,5-6H2,(H,15,16)",C12H13N2O2,M+H,217.09715363476,2.2518180847168003,0.9771468489596328
1087,C06771,Triethanolamine,"InChI=1S/C6H15NO3/c8-4-1-7(2-5-9)3-6-10/h8-10H,1-6H2",C6H15NNaO3,M+Na,172.09441134659,2.2518180847168003,0.8519945214860469
1088,UA007101_1,5-Carboline,"InChI=1S/C11H8N2/c1-2-4-10-8(3-1)9-7-12-6-5-11(9)13-10/h1-7,13H",C11H9N2,M+H,169.0760242667,2.2518180847168003,0.021993784365288094
1090,peak_1090_msfinder_1,Quinaldine,"InChI=1S/C10H9N/c1-8-6-7-9-4-2-3-5-10(9)11-8/h2-7H,1H3",C10H10N,M+H,144.0807752945,2.2518180847168003,0.6230378578024007
1091,peak_1091_msfinder_1,Haplosamate A,"InChI=1S/C29H51O12PS/c1-13(2)15(4)18-12-14(3)20-26(39-18)27(40-42(33,34)38-7)21-19-16(8-10-29(20,21)6)28(5)11-9-17(41-43(35,36)37)23(30)22(28)25(32)24(19)31/h13-27,30-32H,8-12H2,1-7H3,(H,33,34)(H,35,36,37)",C29H52O12PS,M+H,655.2911612513901,5.137138366699217,0.6480323972180649
1092,peak_1092_msfinder_3,"24-hydroxy-7-[2-(8-hydroxyoctyl)furan-3-yl]-8,19,19-trimethyl-3,6,14,18-tetraoxaheptacyclo[18.3.2.0?,??.0?,?.0?,?.0??,??.0??,??]pentacos-21-ene-5,15,25-trione","InChI=1S/C36H46O10/c1-31(2)35-15-10-14-33(26(39)27(35)40)23(34(35)20-43-25(38)19-24(34)45-31)12-16-32(3)28(44-30(41)29-36(32,33)46-29)21-13-18-42-22(21)11-8-6-4-5-7-9-17-37/h10,13,15,18,23-24,26,28-29,37,39H,4-9,11-12,14,16-17,19-20H2,1-3H3",C36H47O10,M+H,639.3163736782801,5.137138366699217,0.0023316417501026976
1095,peak_1095_metfrag_5,"2-[4-[3-[1-(5-ethylpyrimidin-2-yl)piperidin-4-yl]propoxy]-2-fluorophenyl]-2-[4-[(2S,3R,4R,5R)-2,3,4,5,6-pentahydroxyhexyl]piperazin-1-yl]acetaldehyde","InChI=1S/C32H48FN5O7/c1-2-22-17-34-32(35-18-22)38-9-7-23(8-10-38)4-3-15-45-24-5-6-25(26(33)16-24)27(20-39)37-13-11-36(12-14-37)19-28(41)30(43)31(44)29(42)21-40/h5-6,16-18,20,23,27-31,40-44H,2-4,7-15,19,21H2,1H3",C32H49FN5O7,M+H,634.36105306891,5.137138366699217,0.050324418420636174
1096,peak_1096_metfrag_1,3-(naphthalen-1-ylsulfanylmethyl)-1-benzofuran,"InChI=1S/C19H14OS/c1-2-9-17-14(6-1)7-5-11-19(17)21-13-15-12-20-18-10-4-3-8-16(15)18/h1-12H,13H2",C19H15OS,M+H,291.08381224519,1.0569426218668616,0.214175654853621
1097,peak_1097_msfinder_1,3-(ethylsulfanyl)-1-(4-methoxynaphthalen-1-yl)propan-1-one,"InChI=1S/C16H18O2S/c1-3-19-11-10-15(17)13-8-9-16(18-2)14-7-5-4-6-12(13)14/h4-9H,3,10-11H2,1-2H3",C16H19O2S,M+H,275.11002699368,1.0569426218668616,0.7906384947563232
1098,NPA020225,Okaramine S,"InChI=1S/C33H38N4O3/c1-19(2)12-14-21-8-6-10-24-23(17-34-27(21)24)16-26-29(38)37-30-33(40,18-32(37,5)31(39)35-26)25-11-7-9-22(28(25)36-30)15-13-20(3)4/h6-13,17,26,30,34,36,40H,14-16,18H2,1-5H3,(H,35,39)",C33H40N4O3,M+2H,270.154471550585,1.0569426218668616,0.9182545359953177
1099,NPA024141,Farylhydrazone C,"InChI=1S/C11H12N2O3/c1-7(8(2)14)12-13-10-6-4-3-5-9(10)11(15)16/h3-6,13H,1-2H3,(H,15,16)",C11H13N2O3,M+H,221.09206825433,1.0569426218668616,0.0011284558961819346
1100,NPA027885,Labindole B,"InChI=1S/C11H10N2O2/c1-8-9(6-7-13(14)15)10-4-2-3-5-11(10)12-8/h2-7,12H,1H3",C11H11N2O2,M+H,203.0815035703,1.0569426218668616,0.015335648148148251
1101,C11101,5-Hydroxymethyl-2-furaldehyde,"InChI=1S/C6H6O3/c7-3-5-1-2-6(4-8)9-5/h1-3,8H,4H2",C6H10NO3,M+NH4,144.06551705209,1.0569426218668616,0.7559564329475834
1102,NPA014082,Persipeptide B,"InChI=1S/C35H49N5O5/c1-21(2)28-32(42)36-26(19-24-15-11-9-12-16-24)34(44)39(7)27(20-25-17-13-10-14-18-25)31(41)38-29(22(3)4)35(45)40(8)30(23(5)6)33(43)37-28/h9-18,21-23,26-30H,19-20H2,1-8H3,(H,36,42)(H,37,43)(H,38,41)",C35H50N5O5,M+H,620.3806456992701,4.8709462483724,0.046986496871226247
1103,peak_1103_msfinder_1,"methyl 3-[2-(3,4-dihydroxyphenyl)-3,5,7-trihydroxy-4-oxo-4H-chromen-8-yl]-3-(4-{[4-(propan-2-yl)phenyl]methoxy}phenyl)propanoate","InChI=1S/C35H32O10/c1-18(2)20-6-4-19(5-7-20)17-44-23-11-8-21(9-12-23)24(15-29(40)43-3)30-27(38)16-28(39)31-32(41)33(42)34(45-35(30)31)22-10-13-25(36)26(37)14-22/h4-14,16,18,24,36-39,42H,15,17H2,1-3H3",C35H33O10,M+H,613.2068232270601,4.8709462483724,0.0011268875366238218
1105,peak_1105_msfinder_1,UNPD137113,"InChI=1S/C29H30N4/c1-2-18-17-33-14-12-23-21-8-4-6-10-25(21)32-29(23)27(33)16-19(18)15-26-28-22(11-13-30-26)20-7-3-5-9-24(20)31-28/h2-10,19,27,31-32H,11-17H2,1H3",C29H31N4,M+H,435.25432298462,4.8709462483724,0.6634185144675351
1106,peak_1106_sirius_1,"2,6-Di-tert-butyl-4-(diphenylmethylene)-2,5-cyclohexadien-1-one","InChI=1S/C27H30O/c1-26(2,3)22-17-21(18-23(25(22)28)27(4,5)6)24(19-13-9-7-10-14-19)20-15-11-8-12-16-20/h7-18H,1-6H3",C28H33O3,M+CH2O2+H,417.24242134647,4.8709462483724,0.2473806752037253
1107,C12288,alpha-Amylcinnamaldehyde,"InChI=1S/C14H18O/c1-2-3-5-10-14(12-15)11-13-8-6-4-7-9-13/h4,6-9,11-12H,2-3,5,10H2,1H3",C28H37O2,2M+H,405.27880639942,4.8709462483724,0.08972607664102383
1108,VF-NPL-QEHF0xxxxx_63,"(1R,3aR,3bS,4aR,6S,7S,7aR,8R,8aR,9aR)-1,4a,8-tris(acetyloxy)-2,2,3b,6,8a-pentamethyl-4,9-dioxo-tetradecahydro-1H-cyclopenta[a]s-indacen-7-yl butanoate","InChI=1S/C30H42O10/c1-10-11-19(34)39-22-14(2)12-30(40-17(5)33)21(22)25(38-16(4)32)29(9)23(35)20-18(28(29,8)26(30)36)13-27(6,7)24(20)37-15(3)31/h14,18,20-22,24-25H,10-13H2,1-9H3",C30H44O10,M+2H,282.14617477468,4.8709462483724,0.02298850574712652
1110,peak_1110_metfrag_1,[amino-[2-amino-4-[[(2-methylpropan-2-yl)oxycarbonylamino]methyl]phenyl]methylidene]azanium,"InChI=1S/C13H20N4O2/c1-13(2,3)19-12(18)17-7-8-4-5-9(11(15)16)10(14)6-8/h4-6H,7,14H2,1-3H3,(H3,15,16)(H,17,18)",C13H22N4O2,M+H,266.17372693369,4.8709462483724,0.3885772565017849
1112,peak_1112_sirius_1,13-Amino-13-oxotridecanoic acid,"InChI=1S/C13H25NO3/c14-12(15)10-8-6-4-2-1-3-5-7-9-11-13(16)17/h1-11H2,(H2,14,15)(H,16,17)",C13H26NO3,M+H,244.19071966888998,4.8709462483724,0.29427532069691753
1115,peak_1115_msfinder_1,UNPD157974,"InChI=1S/C13H23NO2/c1-10(9-15)6-11-7-13(2,16)12-4-3-5-14(12)8-11/h6,10,12,15-16H,3-5,7-9H2,1-2H3",C13H24NO2,M+H,226.18015498486,4.8709462483724,0.37377864629596735
1116,LU08650x_1,N-Octyl-2-pyrrolidone,"InChI=1S/C12H23NO/c1-2-3-4-5-6-7-10-13-11-8-9-12(13)14/h2-11H2,1H3",C12H24NO,M+H,198.18524036528999,4.8709462483724,0.05053250091810502
1124,C10935,"N,N-Diethyl-m-toluamide","InChI=1S/C12H17NO/c1-4-13(5-2)12(14)11-8-6-7-10(3)9-11/h6-9H,4-5H2,1-3H3",C12H18NO,M+H,192.13829017191,5.369071451822917,0.9959343472368619
1128,peak_1128_sirius_1,Ph(3-NO2)-N(Bes)Gly-DL-N(Mbzl)Ala-NHiBu,"InChI=1S/C29H34N4O6S/c1-21(2)18-30-29(35)23(4)31(19-24-15-13-22(3)14-16-24)28(34)20-32(25-9-8-10-26(17-25)33(36)37)40(38,39)27-11-6-5-7-12-27/h5-17,21,23H,18-20H2,1-4H3,(H,30,35)",C29H38N5O6S,M+NH4,584.25372900536,3.7793876647949167,0.7104412104412104
1129,peak_1129_sirius_1,"(4abeta,11aalpha,15abeta,22aalpha)-Hexadecahydro-1beta,12beta-dimethoxy-4beta,15beta-dihydroxy-1H,12H-2,13-dioxadibenzo[b,k][1,4,7,10,13,16]hexaoxacyclooctadecin-3alpha,14alpha-dicarboxylic acid dimethyl ester","InChI=1S/C24H40O16/c1-29-21(27)17-13(25)15-19(23(31-3)39-17)37-11-7-34-6-10-36-16-14(26)18(22(28)30-2)40-24(32-4)20(16)38-12-8-33-5-9-35-15/h13-20,23-26H,5-12H2,1-4H3",C24H41O16,M-H2O+H,567.22834720232,3.7793876647949167,0.31611570247933884
1130,NPA021849,Mohangic acid D,"InChI=1S/C28H41NO7/c1-18(9-7-5-6-8-10-24(31)16-27(34)35)28(36)20(3)15-19(2)25(32)17-26(33)22-11-13-23(14-12-22)29-21(4)30/h5-14,18-20,24-26,28,31-33,36H,15-17H2,1-4H3,(H,29,30)(H,34,35)",C28H42NO7,M+H,504.29557866285,3.7793876647949167,0.004900851994269817
1131,peak_1131_sirius_1,27-Hydroxywithanone,"InChI=1S/C28H38O7/c1-14-12-19(34-24(31)16(14)13-29)15(2)27(32)11-8-17-21-18(7-10-25(17,27)3)26(4)20(30)6-5-9-28(26,33)23-22(21)35-23/h5-6,15,17-19,21-23,29,32-33H,7-13H2,1-4H3",C28H39O7,M-H4O2+H,451.24790056173003,3.7793876647949167,0.6906952965235174
1133,peak_1133_sirius_1,"2-[Dimethyl-[3-(2,2,3,3,4,4,5,5,6,6,7,7,8,8,9,9,10,10,11,11,12,12,12-tricosadeuteriododecanoylamino)propyl]azaniumyl]acetate","InChI=1S/C19H38N2O3/c1-4-5-6-7-8-9-10-11-12-14-18(22)20-15-13-16-21(2,3)17-19(23)24/h4-17H2,1-3H3,(H-,20,22,23,24)",C19H38N2NaO3,M+Na,365.27746109231,5.624894714355467,0.7280646183085208
1134,peak_1134_msfinder_1,methyl (2S)-6-amino-2-(dodecanoylamino)hexanoate,"InChI=1S/C19H38N2O3/c1-3-4-5-6-7-8-9-10-11-15-18(22)21-17(19(23)24-2)14-12-13-16-20/h17H,3-16,20H2,1-2H3,(H,21,22)",C19H39N2O3,M+H,343.29551909231,5.624894714355467,0.14661117717003558
1137,peak_1137_msfinder_1,"tert-butyl N-[(2S,3R)-3-hydroxy-4-[(4-methoxyphenyl)sulfonyl-propan-2-yloxyamino]-1-phenylbutan-2-yl]carbamate","InChI=1S/C25H36N2O7S/c1-18(2)34-27(35(30,31)21-14-12-20(32-6)13-15-21)17-23(28)22(16-19-10-8-7-9-11-19)26-24(29)33-25(3,4)5/h7-15,18,22-23,28H,16-17H2,1-6H3,(H,26,29)",C25H37N2O7S,M+H,509.23159868053,5.574505106608067,0.8628956623681125
1138,peak_1138_msfinder_1,N-({5-[6-(pentan-3-yl)-2-(pyridin-4-yl)pyrimidin-4-yl]-1-azabicyclo[2.2.2]octan-2-yl}methyl)benzamide,"InChI=1S/C29H35N5O/c1-3-20(4-2)26-17-27(33-28(32-26)21-10-13-30-14-11-21)25-19-34-15-12-23(25)16-24(34)18-31-29(35)22-8-6-5-7-9-22/h5-11,13-14,17,20,23-25H,3-4,12,15-16,18-19H2,1-2H3,(H,31,35)",C29H36N5O,M+H,470.29143676977,5.574505106608067,0.38221911095554784
1141,peak_1141_msfinder_1,"1-methyl-2-[3-(4-methylpiperazin-1-yl)-3-oxopropyl]-decahydropyrrolo[3,2-e][1,4]diazepin-5-one","InChI=1S/C16H29N5O2/c1-19-7-9-21(10-8-19)14(22)4-3-12-11-18-16(23)15-13(20(12)2)5-6-17-15/h12-13,15,17H,3-11H2,1-2H3,(H,18,23)",C16H30N5O2,M+H,324.23940119595994,5.574505106608067,0.5895974349839687
1142,C08510,Ruscopine,"InChI=1S/C16H26N4O2/c1-21-15-8-6-13(10-16(15)22-2)5-7-14(20-12-18)4-3-9-19-11-17/h6,8,10-12,14H,3-5,7,9H2,1-2H3,(H2,17,19)(H2,18,20)",C16H27N4O2,M+H,307.21285209484,5.574505106608067,0.9577526654154853
1143,NPA013596,Diorcinol D,"InChI=1S/C19H22O3/c1-12(2)5-6-18-14(4)9-16(21)11-19(18)22-17-8-13(3)7-15(20)10-17/h5,7-11,20-21H,6H2,1-4H3",C19H23O3,M+H,299.16417056777,5.574505106608067,0.032937571811566535
1145,peak_1145_sirius_1_msfinder_6,,"InChI=1S/C9H19NO/c1-3-5-7-10(9-11)8-6-4-2/h9H,3-8H2,1-2H3",C9H20NO,M+H,158.15394023636998,5.574505106608067,0.5594528235706769
1146,C14835,"9,10,13-TriHOME","InChI=1S/C18H34O5/c1-2-3-7-10-15(19)13-14-17(21)16(20)11-8-5-4-6-9-12-18(22)23/h13-17,19-21H,2-12H2,1H3,(H,22,23)",C18H34NaO5,M+Na,353.22984219367,5.411507161458333,0.004675081813931725
1148,NPA014375,Arohynapene B,"InChI=1S/C18H22O3/c1-12-9-13(2)18-14(10-12)7-8-15(11-19)16(18)5-3-4-6-17(20)21/h3-8,12-13,19H,9-11H2,1-2H3,(H,20,21)",C18H22NaO3,M+Na,309.14611256777,5.411507161458333,0.0028169014084505895
1149,LU07140x_1,N-[3-(Dimethylamino)propyl]dodecanamide,"InChI=1S/C17H36N2O/c1-4-5-6-7-8-9-10-11-12-14-17(20)18-15-13-16-19(2)3/h4-16H2,1-3H3,(H,18,20)",C17H37N2O,M+H,285.29003978871,5.411507161458333,0.9819772264535103
1151,peak_1151_metfrag_1,1-hydroperoxyhexadecan-2-amine,"InChI=1S/C16H35NO2/c1-2-3-4-5-6-7-8-9-10-11-12-13-14-16(17)15-19-18/h16,18H,2-15,17H2,1H3",C16H36NO2,M+H,274.27405537162,5.411507161458333,0.32717842323651447
1152,C14738,Indanestrol,"InChI=1S/C18H20O2/c1-3-15-16-9-8-14(20)10-17(16)11(2)18(15)12-4-6-13(19)7-5-12/h4-11,15,18-20H,3H2,1-2H3",C18H21O2,M+H,269.15360588374,5.411507161458333,0.008625646923519303
1153,C09558,Laudanosine,"InChI=1S/C21H27NO4/c1-22-9-8-15-12-20(25-4)21(26-5)13-16(15)17(22)10-14-6-7-18(23-2)19(11-14)24-3/h6-7,11-13,17H,8-10H2,1-5H3",C21H28NO4,M+H,358.20128435292,8.179622904459633,0.6813939016801493
1154,NPA008164,Watasemycin A,"InChI=1S/C16H20N2O3S2/c1-9-12(14-18(3)16(2,8-22-14)15(20)21)17-13(23-9)10-6-4-5-7-11(10)19/h4-7,9,12,14,19H,8H2,1-3H3,(H,20,21)",C16H21N2O3S2,M+H,353.09881086097,8.179622904459633,0.8689379243452958
1155,NPA006314,Pochonin D,"InChI=1S/C18H19ClO5/c1-11-7-5-3-2-4-6-8-12(20)9-13-16(18(23)24-11)14(21)10-15(22)17(13)19/h3,5-6,8,10-11,21-22H,2,4,7,9H2,1H3",C18H20ClO5,M+H,351.09937739222,8.179622904459633,0.16036113499570082
1156,C09555,(-)-Laudanidine,"InChI=1S/C20H25NO4/c1-21-8-7-14-11-19(24-3)20(25-4)12-15(14)16(21)9-13-5-6-18(23-2)17(22)10-13/h5-6,10-12,16,22H,7-9H2,1-4H3",C20H26NO4,M+H,344.18563428846,8.179622904459633,0.8684493022348004
1157,NPA011059,Wyosine,"InChI=1S/C14H17N5O5/c1-6-3-18-12(23)8-11(17(2)14(18)16-6)19(5-15-8)13-10(22)9(21)7(4-20)24-13/h3,5,7,9-10,13,20-22H,4H2,1-2H3",C14H18N5O5,M+H,336.13024466790995,8.179622904459633,0.9630141721396475
1158,C09176,Eseridine,"InChI=1S/C15H21N3O3/c1-15-7-8-17(3)21-13(15)18(4)12-6-5-10(9-11(12)15)20-14(19)16-2/h5-6,9,13H,7-8H2,1-4H3,(H,16,19)",C15H21N3NaO3,M+Na,314.14750954883,8.179622904459633,0.9843826440371806
1159,LU111xxx_1,Monobutyl phthalate,"InChI=1S/C12H14O4/c1-2-3-8-16-12(15)10-7-5-4-6-9(10)11(13)14/h4-7H,2-3,8H2,1H3,(H,13,14)",C12H15O4,M-H2O+H,205.0859209295,8.179622904459633,0.2869828456104945
1161,peak_1161_msfinder_1,phthalic anhydride,InChI=1S/C8H4O3/c9-7-5-3-1-2-4-6(5)8(10)11-7/h1-4H,C8H5O3,M+H,149.02331998763,8.179622904459633,0.6995194408038444
1178,NPA000836,N-demethylstreptomycin,"InChI=1S/C20H37N7O12/c1-4-20(35,3-29)15(39-16-6(21)10(31)9(30)5(2-28)37-16)17(36-4)38-14-8(27-19(24)25)11(32)7(26-18(22)23)12(33)13(14)34/h3-17,28,30-35H,2,21H2,1H3,(H4,22,23,26)(H4,24,25,27)",C20H38N7O12,M+H,568.25729565836,4.8526611328125,0.77976
1181,NPA024115,Borrelidin L,"InChI=1S/C28H43NO7/c1-16-12-17(2)26(32)19(4)23(30)14-25(31)36-24(21-9-7-10-22(21)28(34)35)11-6-5-8-20(15-29)27(33)18(3)13-16/h5-6,8,16-19,21-24,26-27,30,32-33H,7,9-14H2,1-4H3,(H,34,35)",C28H44NO7,M+H,506.31122872731004,4.8526611328125,0.021772262138035958
1183,NPA000083,Oxydifficidin,"InChI=1S/C31H45O7P/c1-6-16-24(2)21-22-28-18-15-14-17-25(3)30(38-39(34,35)36)20-13-11-9-7-8-10-12-19-29(32)27(5)26(4)23-31(33)37-28/h6-10,12,14-17,19,27-30,32H,1,4,11,13,18,20-23H2,2-3,5H3,(H2,34,35,36)",C31H47O7P,M+2H,281.15242139288,4.8526611328125,0.8743355776045358
1184,C14335,Pyrene,InChI=1S/C16H10/c1-3-11-7-9-13-5-2-6-14-10-8-12(4-1)15(11)16(13)14/h1-10H,C19H19O,M+IsoProp+H,263.1435903223,4.8526611328125,0.981399735898887
1186,peak_1186_sirius_3,"3,5-Bis[10-(dimethylamino)anthracen-9-yl]cyclopentane-1,2,4-trione","InChI=1S/C37H30N2O3/c1-38(2)33-25-17-9-5-13-21(25)29(22-14-6-10-18-26(22)33)31-35(40)32(37(42)36(31)41)30-23-15-7-11-19-27(23)34(39(3)4)28-20-12-8-16-24(28)30/h5-20,31-32H,1-4H3",C37H34N3O3,M+NH4,568.25946583447,4.982306925455733,0.27701409431007484
1188,peak_1188_sirius_1,"[3-[3-[2,3-Bis(2-hydroxy-3-prop-2-enoyloxypropoxy)propoxy]-2-hydroxypropoxy]-2-hydroxypropyl] prop-2-enoate","InChI=1S/C24H38O14/c1-4-22(29)36-12-18(26)9-32-7-17(25)8-33-15-21(35-11-20(28)14-38-24(31)6-3)16-34-10-19(27)13-37-23(30)5-2/h4-6,17-21,25-28H,1-3,7-16H2",C24H39O14,M+H,551.23343189872,4.982306925455733,0.5448996361075243
1190,peak_1190_msfinder_1,"2-{[hydroxy({9-oxo-10,20-diazapentacyclo[11.7.0.0?,??.0?,?.0??,??]icosa-1(13),3,5,7,14,16,18-heptaen-11-yl})methylidene]amino}-4-(methylsulfanyl)-N-[(oxolan-2-yl)methyl]butanimidic acid","InChI=1S/C29H32N4O4S/c1-38-14-12-23(27(34)30-16-17-7-6-13-37-17)32-28(35)24-15-21-18-8-4-5-11-22(18)31-25(21)26-19-9-2-3-10-20(19)29(36)33(24)26/h2-5,8-11,17,23-24,26,31H,6-7,12-16H2,1H3,(H,30,34)(H,32,35)",C29H33N4O4S,M+H,533.22170270176,4.982306925455733,0.8068803095298175
1191,peak_1191_sirius_1,Withanone,"InChI=1S/C28H38O6/c1-14-13-19(33-24(30)15(14)2)16(3)27(31)12-9-17-21-18(8-11-25(17,27)4)26(5)20(29)7-6-10-28(26,32)23-22(21)34-23/h6-7,16-19,21-23,31-32H,8-13H2,1-5H3",C28H39O6,M-H2O+H,453.26355094216,4.982306925455733,0.33392618941751895
1193,peak_1193_sirius_1,Tianshic Acid,"InChI=1S/C18H34O5/c1-2-3-4-8-11-16(20)17(21)14-13-15(19)10-7-5-6-9-12-18(22)23/h13-17,19-21H,2-12H2,1H3,(H,22,23)",C18H38NO5,M+NH4,348.27444719366997,4.982306925455733,0.2593838526912181
1195,peak_1195_sirius_1,"(1R,5R,8R)-8-[(8S,9S,10R,13S,14S,17R)-10,13-dimethyl-1-oxo-8,9,11,12,14,15,16,17-octahydrocyclopenta[a]phenanthren-17-yl]-5-methyl-4-methylidene-2,6-dioxabicyclo[3.3.1]nonan-3-one","InChI=1S/C28H34O4/c1-16-25(30)32-23-14-27(16,3)31-15-19(23)21-11-10-20-18-9-8-17-6-5-7-24(29)28(17,4)22(18)12-13-26(20,21)2/h5-9,18-23H,1,10-15H2,2-4H3",C28H35O4,M+H,435.2529855741,5.250130208333333,0.2992175935715795
1198,NPA011732,Desacetyl-octanoylacetomycin,"InChI=1S/C16H26O5/c1-5-6-7-8-9-10-13(18)20-14-11(2)16(4,12(3)17)15(19)21-14/h11,14H,5-10H2,1-4H3",C16H26NaO5,M+Na,321.16724193582996,8.4035380045573,0.027027027027027084
1202,C00212,Adenosine,"InChI=1S/C10H13N5O4/c11-8-5-9(13-2-12-8)15(3-14-5)10-7(18)6(17)4(1-16)19-10/h2-4,6-7,10,16-18H,1H2,(H2,11,12,13)",C10H13N5NaO4,M+Na,290.08597191942,1.1668635050455733,0.6202210397052804
1204,C00212,Adenosine,"InChI=1S/C10H13N5O4/c11-8-5-9(13-2-12-8)15(3-14-5)10-7(18)6(17)4(1-16)19-10/h2-4,6-7,10,16-18H,1H2,(H2,11,12,13)",C10H14N5O4,M+H,268.10402991942,1.1668635050455733,0.613530018240939
1208,VF-NPL-QEHFxxxxxx_120,"2-[1-[1-hydroxy-10,13-dimethyl-3-[3,4,5-trihydroxy-6-[[3,4,5-trihydroxy-6-(hydroxymethyl)oxan-2-yl]oxymethyl]oxan-2-yl]oxy-2,3,4,7,8,9,11,12,14,15,16,17-dodecahydro-1H-cyclopenta[a]phenanthren-17-yl]ethyl]-4,5-dimethyl-2,3-dihydropyran-6-one","InChI=1S/C40H62O14/c1-17-12-26(52-36(49)18(17)2)19(3)23-8-9-24-22-7-6-20-13-21(14-29(42)40(20,5)25(22)10-11-39(23,24)4)51-38-35(48)33(46)31(44)28(54-38)16-50-37-34(47)32(45)30(43)27(15-41)53-37/h6,19,21-35,37-38,41-48H,7-16H2,1-5H3",C40H66NO14,M+NH4,784.44777967224,5.201084391276033,0.39796791443850266
1209,peak_1209_msfinder_1,"3-({3-[5-(1-methyl-1H-imidazol-5-yl)-1,3,4-oxadiazol-2-yl]pyrrolidin-1-yl}methyl)benzonitrile","InChI=1S/C18H18N6O/c1-23-12-20-9-16(23)18-22-21-17(25-18)15-5-6-24(11-15)10-14-4-2-3-13(7-14)8-19/h2-4,7,9,12,15H,5-6,10-11H2,1H3",C18H19N6O,M+H,335.16148522629,6.9439936319986995,0.46453807903690136
1210,NPA022704,Hinduchelin C,"InChI=1S/C20H20N2O5/c1-12-17(19(25)21-11-10-13-6-3-4-8-15(13)23)22-20(27-12)14-7-5-9-16(26-2)18(14)24/h3-9,23-24H,10-11H2,1-2H3,(H,21,25)",C40H41N4O10,2M+H,737.28171950262,3.9544835408528667,0.39060681629260185
1213,NPA002749,Thiazinotrienomycin E,"InChI=1S/C38H51N3O8S/c1-23-14-13-18-28-35(45)29(21-30-36(28)50-22-33(43)41-30)40-32(42)20-27(48-4)17-11-6-5-7-12-19-31(24(2)34(23)44)49-38(47)25(3)39-37(46)26-15-9-8-10-16-26/h5-7,11-12,14,17,21,24-27,31,34,44-45H,8-10,13,15-16,18-20,22H2,1-4H3,(H,39,46)(H,40,42)(H,41,43)",C38H51N3NaO8S,M+Na,732.32890478798,3.9544835408528667,0.05232678386763201
1214,NPA013981,Neosordarin,"InChI=1S/C36H50O11/c1-18(2)27-13-23-14-34(16-37)26-11-8-19(3)25(26)15-35(23,36(27,34)33(42)43)17-45-32-28(40)30(29(44-7)22(6)46-32)47-31(41)20(4)12-24(39)10-9-21(5)38/h9-10,12-13,16,18-19,21-23,25-26,28-30,32,38,40H,8,11,14-15,17H2,1-7H3,(H,42,43)",C36H51O11,M+H,659.34258842677,4.844662984212233,0.025590179414542114
1217,peak_1217_sirius_1,"6,7-Epoxy-1,3,5-Trihydroxywith-24-Enolide; (1&#945;,3&#946;,5&#945;,6&#945;,7&#945;,20S,22R)-Form, 3-O-&#946;-D-Glucopyranoside","InChI=1S/C34H52O11/c1-14-10-21(43-30(40)15(14)2)16(3)18-6-7-19-24-20(8-9-32(18,19)4)33(5)23(36)11-17(12-34(33,41)29-28(24)45-29)42-31-27(39)26(38)25(37)22(13-35)44-31/h16-29,31,35-39,41H,6-13H2,1-5H3",C34H56NO11,M+NH4,654.38478549123,4.844662984212233,0.7227751756440282
1226,C02572,5-O-Feruloylquinic acid,"InChI=1S/C17H20O9/c1-25-13-6-9(2-4-10(13)18)3-5-14(21)26-15-11(19)7-17(24,16(22)23)8-12(15)20/h2-6,11-12,15,18-20,24H,7-8H2,1H3,(H,22,23)",C17H20NaO9,M+Na,391.09995022073,2.308174387613933,0.7288267894777924
1228,peak_1228_sirius_1,"Trisacrylic acid 2-(hydroxymethyl)propane-1,2,3-triyl ester","InChI=1S/C13H16O7/c1-4-10(15)18-8-13(7-14,20-12(17)6-3)9-19-11(16)5-2/h4-6,14H,1-3,7-9H2",C17H23N2O7,M+2ACN+H,367.14997285267,2.308174387613933,0.2577911427009295
1230,peak_1230_sirius_1,"O-(2,5,8,11,14,17-Hexaoxanonadecan-19-yl)hydroxylamine","InChI=1S/C13H29NO7/c1-15-2-3-16-4-5-17-6-7-18-8-9-19-10-11-20-12-13-21-14/h2-14H2,1H3",C14H34NO8,M+CH3OH+H,344.2278912760901,2.308174387613933,0.7007929104477613
1231,peak_1231_sirius_1,"[2,3,4,5,6-Pentakis(hydroxymethylidene)cyclohexylidene]methanol","InChI=1S/C12H12O6/c13-1-7-8(2-14)10(4-16)12(6-18)11(5-17)9(7)3-15/h1-6,13-18H",C16H19N2O6,M+2ACN+H,335.12375810418,2.308174387613933,0.2724324324324324
1232,C17984,Istamycin AP,"InChI=1S/C13H28N4O4/c1-17-10-9(18)4-8(16)12(11(10)19)21-13-7(15)3-2-6(5-14)20-13/h6-13,17-19H,2-5,14-16H2,1H3",C13H28N4NaO4,M+Na,327.20027339844,2.308174387613933,0.874245939675174
1234,C03081,4-Methylumbelliferone,"InChI=1S/C10H8O3/c1-6-4-10(12)13-9-5-7(11)2-3-8(6)9/h2-5,11H,1H3",C10H9O3,M+H,177.05462011654998,2.308174387613933,0.48633640216279417
1236,NPA016708,Carboxymycobactin-6,"InChI=1S/C41H61N5O12/c1-4-33(27(2)37(51)42-30-20-15-18-26-46(56)40(30)53)58-41(54)31(43-38(52)36-28(3)57-39(44-36)29-19-13-14-22-32(29)47)21-16-17-25-45(55)34(48)23-11-9-7-5-6-8-10-12-24-35(49)50/h11,13-14,19,22-23,27-28,30-31,33,36,47,55-56H,4-10,12,15-18,20-21,24-26H2,1-3H3,(H,42,51)(H,43,52)(H,49,50)",C41H62N5O12,M+H,816.4389484230201,3.7855394999186163,0.6569442224708326
1238,VF-NPL-QEHFxxxxxx_172,"2-[1-[1-hydroxy-10,13-dimethyl-3-[3,4,5-trihydroxy-6-[[3,4,5-trihydroxy-6-(hydroxymethyl)oxan-2-yl]oxymethyl]oxan-2-yl]oxy-2,3,4,7,8,9,11,12,14,15,16,17-dodecahydro-1H-cyclopenta[a]phenanthren-17-yl]ethyl]-4-(hydroxymethyl)-5-methyl-2,3-dihydropyran-6-one","InChI=1S/C40H62O15/c1-17-19(14-41)11-26(53-36(17)50)18(2)23-7-8-24-22-6-5-20-12-21(13-29(43)40(20,4)25(22)9-10-39(23,24)3)52-38-35(49)33(47)31(45)28(55-38)16-51-37-34(48)32(46)30(44)27(15-42)54-37/h5,18,21-35,37-38,41-49H,6-16H2,1-4H3",C40H62NaO15,M+Na,805.39808929181,3.7855394999186163,0.7653252480705622
1241,VF-NPL-QEHFxxxxxx_172,"2-[1-[1-hydroxy-10,13-dimethyl-3-[3,4,5-trihydroxy-6-[[3,4,5-trihydroxy-6-(hydroxymethyl)oxan-2-yl]oxymethyl]oxan-2-yl]oxy-2,3,4,7,8,9,11,12,14,15,16,17-dodecahydro-1H-cyclopenta[a]phenanthren-17-yl]ethyl]-4-(hydroxymethyl)-5-methyl-2,3-dihydropyran-6-one","InChI=1S/C40H62O15/c1-17-19(14-41)11-26(53-36(17)50)18(2)23-7-8-24-22-6-5-20-12-21(13-29(43)40(20,4)25(22)9-10-39(23,24)3)52-38-35(49)33(47)31(45)28(55-38)16-51-37-34(48)32(46)30(44)27(15-42)54-37/h5,18,21-35,37-38,41-49H,6-16H2,1-4H3",C40H66NO15,M+NH4,800.44269429181,3.7855394999186163,0.9805981162376839
1243,VF-NPL-QEHFxxxxxx_172,"2-[1-[1-hydroxy-10,13-dimethyl-3-[3,4,5-trihydroxy-6-[[3,4,5-trihydroxy-6-(hydroxymethyl)oxan-2-yl]oxymethyl]oxan-2-yl]oxy-2,3,4,7,8,9,11,12,14,15,16,17-dodecahydro-1H-cyclopenta[a]phenanthren-17-yl]ethyl]-4-(hydroxymethyl)-5-methyl-2,3-dihydropyran-6-one","InChI=1S/C40H62O15/c1-17-19(14-41)11-26(53-36(17)50)18(2)23-7-8-24-22-6-5-20-12-21(13-29(43)40(20,4)25(22)9-10-39(23,24)3)52-38-35(49)33(47)31(45)28(55-38)16-51-37-34(48)32(46)30(44)27(15-42)54-37/h5,18,21-35,37-38,41-49H,6-16H2,1-4H3",C40H63O15,M+H,783.41614729181,3.7855394999186163,0.8725538710693239
1244,NPA025755,Phyllostictone A,"InChI=1S/C17H26O5/c1-10(2)6-5-7-17(3,20)14-8-11-15(19)12(18)9-13(21-4)16(11)22-14/h6,12-14,18,20H,5,7-9H2,1-4H3",C34H53O10,2M+H,621.36332387166,3.7855394999186163,0.006564551422319598
1245,C20026,11-Deoxytetrodotoxin,"InChI=1S/C11H17N3O7/c1-9(18)4-2-6(16)13-8(12)14-10(2)3(15)5(9)21-11(19,20-4)7(10)17/h2-7,15-19H,1H3,(H3,12,13,14)",C22H35N6O14,2M+H,607.22057579638,3.7855394999186163,0.0666845926324281
1246,NPA020294,Saframycin C,"InChI=1S/C29H33N3O9/c1-11-22(34)14-8-15-21-19-20(23(35)12(2)27(40-6)25(19)37)28(41-7)17(31(21)4)10-32(15)16(9-30-29(38)13(3)33)18(14)24(36)26(11)39-5/h15-17,21,28H,8-10H2,1-7H3,(H,30,38)",C29H34N3O9,M+H,568.2289556530101,3.7855394999186163,0.9423792549649418
1247,C18825,Dikegulac,"InChI=1S/C12H18O7/c1-10(2)15-5-6-7(17-10)8-12(16-6,9(13)14)19-11(3,4)18-8/h6-8H,5H2,1-4H3,(H,13,14)",C24H37O14,2M+H,549.21778183426,3.7855394999186163,0.9746407117329481
1248,peak_1248_sirius_1,"6,17-dihydroxy-15-{1-[5-(hydroxymethyl)-4-methyl-6-oxo-3,6-dihydro-2H-pyran-2-yl]ethyl}-2,16-dimethyl-8-oxapentacyclo[9.7.0.0²,⁷.0⁷,⁹.0¹²,¹⁶]octadec-4-en-3-one","InChI=1S/C28H38O7/c1-13-9-20(34-25(33)16(13)12-29)14(2)17-5-6-18-15-10-24-28(35-24)22(31)8-7-21(30)27(28,4)19(15)11-23(32)26(17,18)3/h7-8,14-15,17-20,22-24,29,31-32H,5-6,9-12H2,1-4H3",C28H39O7,M+H,487.26902956173,3.7855394999186163,0.2519707207207208
1249,NPA025455,(7S)-5-en-auransterol,"InChI=1S/C28H42O5/c1-15(2)16(3)6-10-26(5)21-14-19(30)23-27(21)11-8-20-25(4)9-7-18(29)12-17(25)13-22(31)28(20,23)33-24(27)32-26/h13,15,18-24,29-31H,3,6-12,14H2,1-2,4-5H3",C28H43O5,M+H,459.31050045151,3.7855394999186163,0.0023323615160349975
1250,NPA019576,Colisporifungin,"InChI=1S/C47H66N8O10/c1-3-4-5-6-7-8-9-10-14-21-40(58)51-35(22-23-39(48)57)43(60)55-42-30(2)65-47(64)37(26-31-17-12-11-13-18-31)53-45(62)38(29-56)54-44(61)36(52-41(59)24-25-49-46(42)63)27-32-28-50-34-20-16-15-19-33(32)34/h11-13,15-20,28,30,35-38,42,50,56H,3-10,14,21-27,29H2,1-2H3,(H2,48,57)(H,49,63)(H,51,58)(H,52,59)(H,53,62)(H,54,61)(H,55,60)",C47H68N8O10,M+2H,452.25237117916,3.7855394999186163,0.6251205141938939
1262,NPA012756,Not named,"InChI=1S/C36H50O9/c1-19(2)13-23(6)31-24(7)29(37)18-35(45-31)17-26-16-25(44-35)12-11-21(4)14-20(3)9-8-10-27-33(39)43-32-30(38)22(5)15-28(34(40)42-26)36(27,32)41/h8-11,13,15,19-20,24-26,28-32,37-38,41H,12,14,16-18H2,1-7H3",C36H52O9,M+2H,314.18001759381497,2.1284512837727836,0.0676641357748996
1263,C06593,epsilon-Caprolactam,"InChI=1S/C6H11NO/c8-6-4-2-1-3-5-7-6/h1-5H2,(H,7,8)",C6H12NO,M+H,114.09133997853,2.1284512837727836,0.5114910313901345
1266,C21833,Kaempferol-3-O-rutinoside,"InChI=1S/C27H30O15/c1-9-17(31)20(34)22(36)26(39-9)38-8-15-18(32)21(35)23(37)27(41-15)42-25-19(33)16-13(30)6-12(29)7-14(16)40-24(25)10-2-4-11(28)5-3-10/h2-7,9,15,17-18,20-23,26-32,34-37H,8H2,1H3",C27H30NaO15,M+Na,617.1476882604501,3.1960393269856833,0.3920733281693778
1269,C21833,Kaempferol-3-O-rutinoside,"InChI=1S/C27H30O15/c1-9-17(31)20(34)22(36)26(39-9)38-8-15-18(32)21(35)23(37)27(41-15)42-25-19(33)16-13(30)6-12(29)7-14(16)40-24(25)10-2-4-11(28)5-3-10/h2-7,9,15,17-18,20-23,26-32,34-37H,8H2,1H3",C27H31O15,M+H,595.1657462604501,3.1960393269856833,0.9113539769277474
1270,C05903,Kaempferol,"InChI=1S/C15H10O6/c16-8-3-1-7(2-4-8)15-14(20)13(19)12-10(18)5-9(17)6-11(12)21-15/h1-6,16-18,20H",C15H11O6,M+H,287.05501403972,3.1960393269856833,0.6791732490784623
1271,peak_1271_sirius_1,(2S)-2-amino-4-cyclopropylbut-3-yn-1-ol,"InChI=1S/C7H11NO/c8-7(5-9)4-3-6-1-2-6/h6-7,9H,1-2,5,8H2",C10H20NO2,M+IsoProp+H,186.14940397853,2.479153696695967,0.0785464931767692
1272,C10001,Ceanothine B,"InChI=1S/C29H36N4O4/c1-19(2)26-25(32-28(35)24-10-7-17-33(24)3)29(36)31-23(18-21-8-5-4-6-9-21)27(34)30-16-15-20-11-13-22(37-26)14-12-20/h4-6,8-9,11-16,19,23-26H,7,10,17-18H2,1-3H3,(H,30,34)(H,31,36)(H,32,35)",C29H36N4NaO4,M+Na,527.26287365628,3.75935236612955,0.36226415094339626
1277,NPA012973,WSS2222,"InChI=1S/C26H40N4O5/c1-7-15(4)21-25(34)30-22(16(5)17(6)31)26(35)27-19(13-18-11-9-8-10-12-18)23(32)28-20(14(2)3)24(33)29-21/h8-12,14-17,19-22,31H,7,13H2,1-6H3,(H,27,35)(H,28,32)(H,29,33)(H,30,34)",C26H41N4O5,M+H,489.30714640477,5.768842569986983,0.0106609808102347
1278,C14335,Pyrene,InChI=1S/C16H10/c1-3-11-7-9-13-5-2-6-14-10-8-12(4-1)15(11)16(13)14/h1-10H,C19H19O,M+IsoProp+H,263.1435903223,5.768842569986983,0.9566484092763081
1286,peak_1286_msfinder_1,"N-({8-hydroxy-6a,10b-dimethyl-7-[2-(morpholin-4-yl)-2-oxoethyl]-dodecahydronaphtho[2,1-d][1,3]dioxin-3-yl}methyl)methanesulfonamide","InChI=1S/C22H38N2O7S/c1-21-7-6-18-22(2,14-30-20(31-18)13-23-32(3,27)28)17(21)5-4-16(25)15(21)12-19(26)24-8-10-29-11-9-24/h15-18,20,23,25H,4-14H2,1-3H3",C22H39N2O7S,M+H,475.24724874499003,6.684174601236983,0.901618398637138
1293,peak_1293_sirius_1,"(8S,9R,10S,11S,13S,14S,16S,17R)-9-fluoro-11,17-dihydroxy-10,13,16-trimethyl-17-(2-propan-2-yloxyacetyl)-6,7,8,11,12,14,15,16-octahydrocyclopenta[a]phenanthren-3-one","InChI=1S/C25H35FO5/c1-14(2)31-13-21(29)25(30)15(3)10-19-18-7-6-16-11-17(27)8-9-22(16,4)24(18,26)20(28)12-23(19,25)5/h8-9,11,14-15,18-20,28,30H,6-7,10,12-13H2,1-5H3",C25H36FO5,M-H2O+H,417.24356438863003,6.684174601236983,0.5073518915060671
1294,SM876702_1,Lauryl diethanolamide,"InChI=1S/C16H33NO3/c1-2-3-4-5-6-7-8-9-10-11-16(20)17(12-14-18)13-15-19/h18-19H,2-15H2,1H3",C16H34NO3,M+H,288.25331992673,6.684174601236983,0.983127448026514
1297,peak_1297_msfinder_1,2-(trimethylamino)ethyl 3-(acetyloxy)hexadecanoate,"InChI=1S/C23H46NO4/c1-6-7-8-9-10-11-12-13-14-15-16-17-22(28-21(2)25)20-23(26)27-19-18-24(3,4)5/h22H,6-20H2,1-5H3",C23H48NO4,M+H,402.35778499752,7.1728144327799495,0.7212870826746025
1299,NPA028125,Not named,"InChI=1S/C25H37N5O7/c1-14(2)12-19(24(35)30-11-3-4-20(30)25(36)37)29-23(34)18(9-10-21(27)32)28-22(33)17(26)13-15-5-7-16(31)8-6-15/h5-8,14,17-20,31H,3-4,9-13,26H2,1-2H3,(H2,27,32)(H,28,33)(H,29,34)(H,36,37)",C25H37N5NaO7,M+Na,542.25851655165,5.381230163574217,0.9473294057976669
1301,peak_1301_metfrag_9,methyl N-[(R)-[1-[amino-[3-(oxepan-3-yl)propyl]carbamoyl]piperidin-3-yl]-(3-chlorophenyl)methoxy]-N-ethylcarbamate,"InChI=1S/C26H41ClN4O5/c1-3-31(26(33)34-2)36-24(21-11-6-13-23(27)17-21)22-12-8-14-29(18-22)25(32)30(28)15-7-10-20-9-4-5-16-35-19-20/h6,11,13,17,20,22,24H,3-5,7-10,12,14-16,18-19,28H2,1-2H3",C26H42ClN4O5,M+H,525.283824119,5.381230163574217,0.004194630872483174
1302,peak_1302_msfinder_1,3-(3-methoxyphenyl)-1-[(3-methyl-4-{2-oxo-2-[4-(pyridin-2-yl)piperazin-1-yl]ethyl}-6-(propan-2-yl)cyclohex-2-en-1-yl)methyl]urea,"InChI=1S/C30H41N5O3/c1-21(2)27-17-23(18-29(36)35-14-12-34(13-15-35)28-10-5-6-11-31-28)22(3)16-24(27)20-32-30(37)33-25-8-7-9-26(19-25)38-4/h5-11,16,19,21,23-24,27H,12-15,17-18,20H2,1-4H3,(H2,32,33,37)",C30H42N5O3,M+H,520.32821620229,5.381230163574217,0.4969016266460109
1304,peak_1304_sirius_1,"[2-[(8S,9S,10R,11R,13S,14S,17R)-17-butanoyloxy-11-hydroxy-10,13-dimethyl-3-oxo-2,6,7,8,9,11,12,14,15,16-decahydro-1H-cyclopenta[a]phenanthren-17-yl]-2-oxoethyl] butanoate","InChI=1S/C29H42O7/c1-5-7-24(33)35-17-23(32)29(36-25(34)8-6-2)14-12-21-20-10-9-18-15-19(30)11-13-27(18,3)26(20)22(31)16-28(21,29)4/h15,20-22,26,31H,5-14,16-17H2,1-4H3",C29H43O7,M+H,503.30032969065,5.381230163574217,0.18046357615894038
1309,peak_1309_msfinder_1,(E)-3-(1H-imidazol-5-yl)prop-2-en-1-amine,"InChI=1S/C6H9N3/c7-3-1-2-6-4-8-5-9-6/h1-2,4-5H,3,7H2,(H,8,9)",C6H10N3,M+H,124.08692330336,8.050275166829433,0.647997635584454
1313,peak_1313_metfrag_7_msfinder_2,"3-methyl-5-propan-2-yl-8-(pyridin-3-yliminomethyl)-2-[1,6,7-trihydroxy-3-methyl-5-propan-2-yl-8-(pyridin-3-yliminomethyl)naphthalen-2-yl]naphthalene-1,6,7-triol","InChI=1S/C40H38N4O6/c1-19(2)29-25-13-21(5)31(37(47)33(25)27(35(45)39(29)49)17-43-23-9-7-11-41-15-23)32-22(6)14-26-30(20(3)4)40(50)36(46)28(34(26)38(32)48)18-44-24-10-8-12-42-16-24/h7-20,45-50H,1-6H3",C40H39N4O6,M+H,671.2864109598801,4.28067525227865,0.014122094962748855
1315,peak_1315_msfinder_4,Neobonaspectin A;(+)-Neobonaspectin A,"InChI=1S/C36H46O11/c1-12-13-24-15-27(38-5)35(28(16-24)39-6)45-21(2)14-25-17-29(40-7)36(30(18-25)41-8)46-22(3)33(47-23(4)37)26-19-31(42-9)34(44-11)32(20-26)43-10/h12-13,15-22,33H,14H2,1-11H3",C36H47O11,M+H,655.3112882978501,4.28067525227865,0.002489467636920817
1318,peak_1318_metfrag_3,"1-[10-[4-(3,5-dimethylpyrazol-1-yl)benzoyl]-18-oxa-3,6,10,15-tetrazatricyclo[17.3.1.02,6]tricosa-1(23),2,4,19,21-pentaen-15-yl]-4-(1,2,4-triazol-1-yl)butan-1-one","InChI=1S/C36H43N9O3/c1-28-24-29(2)45(40-28)32-13-11-30(12-14-32)36(47)43-17-4-3-16-41(34(46)10-6-20-44-27-37-26-39-44)22-23-48-33-9-5-8-31(25-33)35-38-15-21-42(35)18-7-19-43/h5,8-9,11-15,21,24-27H,3-4,6-7,10,16-20,22-23H2,1-2H3",C36H44N9O3,M+H,650.3561622844701,4.28067525227865,0.20351562499999998
1320,peak_1320_msfinder_1,UNPD188108,"InChI=1S/C32H24O15/c1-7-17-21(27(40)13(45-7)5-15(35)36)30(43)22-19(28(17)41)11(33)3-9(25(22)38)10-4-12(34)20-23(26(10)39)31(44)24-18(29(20)42)8(2)46-14-6-16(37)47-32(14)24/h3-4,7-8,13-14,27,32-33,38,40-41,43H,5-6H2,1-2H3,(H,35,36)",C32H25O15,M+H,649.11879606707,2.9527870178222666,0.6637061929908785
1321,peak_1321_msfinder_1,UNPD211213,"InChI=1S/C29H28O16/c30-16-5-1-14(9-18(16)32)3-7-23(35)43-21-12-29(28(41)42,13-22(26(21)38)44-25(37)11-20(34)27(39)40)45-24(36)8-4-15-2-6-17(31)19(33)10-15/h1-10,20-22,26,30-34,38H,11-13H2,(H,39,40)(H,41,42)",C29H29O16,M+H,633.14501081556,2.9527870178222666,0.372034024772422
1322,EQ36xxxx_4,Flubendazole,"InChI=1S/C16H12FN3O3/c1-23-16(22)20-15-18-12-7-4-10(8-13(12)19-15)14(21)9-2-5-11(17)6-3-9/h2-8H,1H3,(H2,18,19,20,22)",C32H25F2N6O6,2M+H,627.17981484298,2.9527870178222666,0.04465044418694486
1325,peak_1325_sirius_1,1-Fluoroethenyl-hydroxy-oxophosphanium,InChI=1S/C2H2FO2P/c1-2(3)6(4)5/h1H2,C2H2FNaO2P,M+Na,130.96686246475,1.20493418375651,0.7331667627650714
1327,VF-NPL-QEHFxxxxxx_262,"(3R)-4,4-dimethyl-3-[(2S,3R,4S,5S,6R)-3,4,5-trihydroxy-6-(hydroxymethyl)oxan-2-yl]oxyoxolan-2-one","InChI=1S/C12H20O8/c1-12(2)4-18-10(17)9(12)20-11-8(16)7(15)6(14)5(3-13)19-11/h5-9,11,13-16H,3-4H2,1-2H3",C12H20NaO8,M+Na,315.10503560116,1.3826029459635416,0.4031488910756188
1329,C03002,N-Caffeoylputrescine,"InChI=1S/C13H18N2O3/c14-7-1-2-8-15-13(18)6-4-10-3-5-11(16)12(17)9-10/h3-6,9,16-17H,1-2,7-8,14H2,(H,15,18)",C13H19N2O3,M+H,251.13901844771,1.3826029459635416,0.9972110927802655
1330,peak_1330_sirius_1,N-(2-amino-2-oxoethyl)-6-fluoro-N-methylpyridine-2-carboxamide,"InChI=1S/C9H10FN3O2/c1-13(5-8(11)14)9(15)6-3-2-4-7(10)12-6/h2-4H,5H2,1H3,(H2,11,14)",C9H10FKN3O2,M+K,250.03886273746,1.3826029459635416,0.4164086687306501
1331,C03078,4-Guanidinobutanamide,"InChI=1S/C5H12N4O/c6-4(10)2-1-3-9-5(7)8/h1-3H2,(H2,6,10)(H4,7,8,9)",C5H12N4NaO,M+Na,167.09032902405,1.3826029459635416,0.9665202006454874
1332,C14720,4-Ethyl-7-hydroxy-3-(p-methoxyphenyl)coumarin,"InChI=1S/C18H16O4/c1-3-14-15-9-6-12(19)10-16(15)22-18(20)17(14)11-4-7-13(21-2)8-5-11/h4-10,19H,3H2,1-2H3",C18H18O4,M+2H,149.05970549697997,1.3826029459635416,0.007834757834757733
1333,C11428,"trans-9(S),10(S)-Dihydrodiolphenanthrene","InChI=1S/C14H12O2/c15-13-11-7-3-1-5-9(11)10-6-2-4-8-12(10)14(13)16/h1-8,13-16H",C14H14O2,M+2H,107.04914081295,1.3826029459635416,0.030763387770603945
1335,peak_1335_metfrag_1,pyrrolidin-3-id-3-ylphosphane,"InChI=1S/C4H9NP/c6-4-1-2-5-3-4/h5H,1-3,6H2",C4H10NP,M+H,103.05453729292,1.3826029459635416,0.7867003518902824
1341,NPA014377,Campechic acid A,"InChI=1S/C40H70O8/c1-11-32(22-27(4)19-26(3)21-30(7)38(45)46)36(44)24-35(43)29(6)20-25(2)13-12-14-28(5)34(42)23-33-15-17-40(10,47-33)37-16-18-39(9,48-37)31(8)41/h12,14,24-34,37,41-43H,11,13,15-23H2,1-10H3,(H,45,46)",C40H71O8,M+H,679.51434521266,3.512095896403,0.0371838687628161
1342,NPA030003,Biselyngbyaside F,"InChI=1S/C34H52O9/c1-7-8-14-24(3)20-26-16-12-10-9-11-15-23(2)19-25(4)28(39-5)18-13-17-27(21-30(36)41-26)42-34-32(38)33(40-6)31(37)29(22-35)43-34/h7-13,17,19-20,23,26-29,31-35,37-38H,14-16,18,21-22H2,1-6H3",C34H52NaO9,M+Na,627.35035125209,3.512095896403,0.005820249052517545
1343,NPA024214,Valsafungin B,"InChI=1S/C19H36O4/c1-2-3-4-11-14-18(21)15-12-9-7-5-6-8-10-13-17(16-20)19(22)23/h17,20H,2-16H2,1H3,(H,22,23)",C19H36NaO4,M+Na,351.25057763856,3.512095896403,0.018927015250544743
1344,peak_1344_msfinder_1,"5-butyl-3-methoxy-1H,3H,6H,8H,8aH-3??-furo[3,4-e][1,3,2]dioxaphosphepine-3,6-dione","InChI=1S/C11H17O6P/c1-3-4-5-9-10-8(6-15-11(10)12)7-16-18(13,14-2)17-9/h8H,3-7H2,1-2H3",C11H18O6P,M+H,277.08355126375,5.168757120768233,0.7069575471698113
1345,peak_1345_msfinder_1,UNPD183450,"InChI=1S/C13H18O4/c1-15-11(9-14)6-4-10-5-7-12(16-2)13(8-10)17-3/h4-8,11,14H,9H2,1-3H3",C13H19O4,M+H,239.12778505842,5.168757120768233,0.028591851322373074
1346,C10490,Safrole,"InChI=1S/C10H10O2/c1-2-3-8-4-5-9-10(6-8)12-7-11-9/h2,4-6H,1,3,7H2",C10H11O2,M+H,163.07535556144,5.168757120768233,0.46417013407304675
1347,peak_1347_metfrag_1_msfinder_1,"[4,5-diacetyloxy-6-[[4-acetyloxy-6-[2-(3,4-dihydroxyphenyl)-5,7-dihydroxy-4-oxochromen-3-yl]oxy-3,5-dihydroxyoxan-2-yl]methoxy]-2-methyloxan-3-yl] acetate","InChI=1S/C35H38O20/c1-12-28(49-13(2)36)32(51-15(4)38)33(52-16(5)39)35(48-12)47-11-23-25(44)30(50-14(3)37)27(46)34(54-23)55-31-26(45)24-21(43)9-18(40)10-22(24)53-29(31)17-6-7-19(41)20(42)8-17/h6-10,12,23,25,27-28,30,32-35,40-44,46H,11H2,1-5H3",C35H39O20,M+H,779.20291961614,2.3446141560872333,0.6893790988842519
1350,VF-NPL-QEHF0xxxxx_141,"3-[4,5-dihydroxy-6-(hydroxymethyl)-3-[(2S,3R,4R,5R,6S)-3,4,5-trihydroxy-6-methyloxan-2-yl]oxyoxan-2-yl]oxy-5-hydroxy-2-(4-hydroxyphenyl)-7-[3,4,5-trihydroxy-6-(hydroxymethyl)oxan-2-yl]oxychromen-4-one","InChI=1S/C33H40O20/c1-10-19(38)23(42)26(45)31(47-10)53-30-25(44)21(40)17(9-35)51-33(30)52-29-22(41)18-14(37)6-13(48-32-27(46)24(43)20(39)16(8-34)50-32)7-15(18)49-28(29)11-2-4-12(36)5-3-11/h2-7,10,16-17,19-21,23-27,30-40,42-46H,8-9H2,1H3",C33H41O20,M+H,757.2185696806,2.3446141560872333,0.15619495008807993
1351,peak_1351_sirius_1,"2-Ethenyl-1,7-dihydropurin-6-one","InChI=1S/C7H6N4O/c1-2-4-10-6-5(7(12)11-4)8-3-9-6/h2-3H,1H2,(H2,8,9,10,11,12)",C8H11N4O2,M+CH3OH+H,195.08764983067002,2.3446141560872333,0.5260537079850613
1352,peak_1352_msfinder_2,UNPD15692,"InChI=1S/C26H47N5/c1-2-3-4-5-6-7-8-9-10-11-12-13-14-15-16-20-25-29-22-19-24-31(25)23-18-17-21-30-26(27)28/h9-10H,2-6,11-24H2,1H3,(H4,27,28,30)",C26H48N5,M+H,430.39042253696,7.828054300944017,0.8376213117957403
1369,C03002,N-Caffeoylputrescine,"InChI=1S/C13H18N2O3/c14-7-1-2-8-15-13(18)6-4-10-3-5-11(16)12(17)9-10/h3-6,9,16-17H,1-2,7-8,14H2,(H,15,18)",C13H19N2O3,M+H,251.13901844771,1.6350448608398434,0.9888926429597095
1371,peak_1371_msfinder_1,10-phosphonooxydecyl 2-methylprop-2-enoate,"InChI=1S/C14H27O6P/c1-13(2)14(15)19-11-9-7-5-3-4-6-8-10-12-20-21(16,17)18/h1,3-12H2,2H3,(H2,16,17,18)",C14H28O6P,M+H,323.16180158605,6.627335103352866,0.7352180658507154
1374,peak_1374_metfrag_1,tert-butyl 3-[[3-[2-[2-(4-hydroxyphenyl)ethylamino]pyrimidin-4-yl]phenyl]methyl-methylsulfonylamino]pyrrolidine-1-carboxylate,"InChI=1S/C29H37N5O5S/c1-29(2,3)39-28(36)33-17-14-24(20-33)34(40(4,37)38)19-22-6-5-7-23(18-22)26-13-16-31-27(32-26)30-15-12-21-8-10-25(35)11-9-21/h5-11,13,16,18,24,35H,12,14-15,17,19-20H2,1-4H3,(H,30,31,32)",C29H38N5O5S,M+H,568.2588164869101,6.126663716634116,0.4307750904589601
1375,peak_1375_sirius_1,"[3-[3-[2,3-Bis(2-hydroxy-3-prop-2-enoyloxypropoxy)propoxy]-2-hydroxypropoxy]-2-hydroxypropyl] prop-2-enoate","InChI=1S/C24H38O14/c1-4-22(29)36-12-18(26)9-32-7-17(25)8-33-15-21(35-11-20(28)14-38-24(31)6-3)16-34-10-19(27)13-37-23(30)5-2/h4-6,17-21,25-28H,1-3,7-16H2",C24H39O14,M+H,551.23343189872,6.126663716634116,0.7126865671641791
1376,peak_1376_msfinder_1,"3-(3-cyanophenyl)-1-{11-[(1-methyl-1H-indol-3-yl)methyl]-6-oxo-7,11-diazatricyclo[7.3.1.0?,?]trideca-2,4-dien-5-yl}urea","InChI=1S/C29H28N6O2/c1-33-16-22(24-7-2-3-8-27(24)33)18-34-14-20-11-21(17-34)26-10-9-25(28(36)35(26)15-20)32-29(37)31-23-6-4-5-19(12-23)13-30/h2-10,12,16,20-21H,11,14-15,17-18H2,1H3,(H2,31,32,37)",C29H29N6O2,M+H,493.23465016816,6.126663716634116,0.7574173310678343
1378,peak_1378_sirius_1,"(1E,4E)-1,5-bis(1-pentan-3-ylbenzimidazol-2-yl)penta-1,4-dien-3-one","InChI=1S/C29H34N4O/c1-5-21(6-2)32-26-15-11-9-13-24(26)30-28(32)19-17-23(34)18-20-29-31-25-14-10-12-16-27(25)33(29)22(7-3)8-4/h9-22H,5-8H2,1-4H3",C29H34N4NaO,M+Na,477.26247973310996,6.126663716634116,0.7056492582808372
1380,peak_1380_sirius_1,"7-[4-(2,4-Dimethylbenzyl)piperazin-1-yl]-3-phenyl-5-(propan-2-yl)pyrazolo[1,5-a]pyrimidine","InChI=1S/C28H33N5/c1-20(2)26-17-27(33-28(30-26)25(18-29-33)23-8-6-5-7-9-23)32-14-12-31(13-15-32)19-24-11-10-21(3)16-22(24)4/h5-11,16-18,20H,12-15,19H2,1-4H3",C29H38N5O,M+CH3OH+H,472.30708508574,6.126663716634116,0.25711247008774274
1381,NPA011727,Terpendole F,"InChI=1S/C28H39NO4/c1-25(2,32)23-14-21(31)28(15-30)20-10-9-16-13-18-17-7-5-6-8-19(17)29-24(18)27(16,4)26(20,3)12-11-22(28)33-23/h5-8,16,20-23,29-32H,9-15H2,1-4H3",C28H40NO4,M+H,454.29518473968,6.126663716634116,0.02222716159146476
1383,NPA005983,Blazeispirol U,"InChI=1S/C28H36O4/c1-16-20-11-14-27(32-28(16)23(30)17(2)24(3,4)31-28)22-8-7-18-15-19(29)9-12-25(18,5)21(22)10-13-26(20,27)6/h7-8,10,13,15-17,20,23,30H,9,11-12,14H2,1-6H3",C28H37O4,M+H,437.26863563856,6.126663716634116,0.8855729877216917
1385,peak_1385_msfinder_1,UNPD34087,"InChI=1S/C28H34O3/c1-15-11-23-26(4,14-22(15)30)13-16(2)24-19-8-7-18-17(3)25(31)21(29)12-20(18)27(19,5)9-10-28(23,24)6/h7-8,12,15,23,31H,9-11,13-14H2,1-6H3",C28H35O3,M+H,419.25807095452996,6.126663716634116,0.25657681065280935
1386,C10773,Lupinine,"InChI=1S/C10H19NO/c12-8-9-4-3-7-11-6-2-1-5-10(9)11/h9-10,12H,1-8H2",C10H20NO,M+H,170.15394023636998,6.126663716634116,0.6801399825021872
1388,peak_1388_msfinder_1,UNPD9521,"InChI=1S/C36H50O12/c1-10-20(3)30(39)45-26-18-34(9,42)36-28(44-23(6)38)25(33(7,8)48-36)17-27(46-32(41)24-15-13-12-14-16-24)35(36,19-43-22(5)37)29(26)47-31(40)21(4)11-2/h12-16,20-21,25-29,42H,10-11,17-19H2,1-9H3",C36H51O12,M+H,675.3375030463401,3.7288564046224,0.6707250341997264
1390,peak_1390_metfrag_3,"ethyl 4-tert-butyl-6-[[(1S,4R)-4-[[3-[2-(4-methylpiperazin-1-yl)propan-2-yl]-[1,2,4]triazolo[4,3-a]pyridin-6-yl]oxy]-1,2,3,4-tetrahydronaphthalen-1-yl]carbamoylamino]pyrimidine-2-carboxylate","InChI=1S/C36H47N9O4/c1-8-48-32(46)31-38-28(35(2,3)4)21-29(39-31)40-34(47)37-26-14-15-27(25-12-10-9-11-24(25)26)49-23-13-16-30-41-42-33(45(30)22-23)36(5,6)44-19-17-43(7)18-20-44/h9-13,16,21-22,26-27H,8,14-15,17-20H2,1-7H3,(H2,37,38,39,40,47)",C36H48N9O4,M+H,670.38237703296,3.7288564046224,0.052969502407704705
1391,peak_1391_msfinder_1,"1-(4-ethylphenyl)-5-({6-oxo-7,11-diazatricyclo[7.3.1.0?,?]trideca-2,4-dien-11-yl}methyl)-5-[(thiophen-2-yl)methyl]-1,3-diazinane-2,4,6-trione","InChI=1S/C29H30N4O4S/c1-2-19-8-10-22(11-9-19)33-27(36)29(26(35)30-28(33)37,14-23-5-4-12-38-23)18-31-15-20-13-21(17-31)24-6-3-7-25(34)32(24)16-20/h3-12,20-21H,2,13-18H2,1H3,(H,30,35,37)",C29H31N4O4S,M+H,531.2060526373,3.7288564046224,0.16201859229747673
1392,NPA012092,Atrotosterone C,"InChI=1S/C28H44O8/c1-14(24(2,3)34)9-22(33)27(6,35)21-7-8-28(36)16-11-17(29)15-10-18(30)19(31)12-25(15,4)23(16)20(32)13-26(21,28)5/h11,15,18-23,30-36H,1,7-10,12-13H2,2-6H3",C28H45O8,M-H4O2+H,473.28976537468003,3.7288564046224,0.43914916532040926
1395,peak_1395_sirius_1,"[1-[2-aminoethoxy(hydroxy)phosphoryl]oxy-3-[(4Z,7Z,10Z,13Z)-hexadeca-4,7,10,13-tetraenoxy]propan-2-yl] acetate","InChI=1S/C23H40NO7P/c1-3-4-5-6-7-8-9-10-11-12-13-14-15-16-18-28-20-23(31-22(2)25)21-30-32(26,27)29-19-17-24/h4-5,7-8,10-11,13-14,23H,3,6,9,12,15-21,24H2,1-2H3,(H,26,27)",C23H41NO7P,M+H,474.26151562904,2.2578783671061164,0.4463799673380512
1396,NPA002909,7-deoxy-cytochalasin Z7,"InChI=1S/C28H35NO4/c1-17-9-8-12-22-15-19(3)20(4)25-23(16-21-10-6-5-7-11-21)29-27(32)28(22,25)33-24(30)14-13-18(2)26(17)31/h5-8,10-15,17-18,20,22-23,25-26,31H,9,16H2,1-4H3,(H,29,32)",C28H35NNaO4,M+Na,472.24582661076,2.2578783671061164,0.029245283018867974
1397,peak_1397_msfinder_1,UNPD35421,"InChI=1S/C11H10N2/c12-7-3-4-9-8-13-11-6-2-1-5-10(9)11/h1-2,5-6,8,13H,3-4H2",C11H11N2,M+H,171.09167433116,2.2578783671061164,0.6312965206854769
1399,peak_1399_sirius_1,"Bis(2,6-dimethylphenyl)ethyne","InChI=1S/C18H18/c1-13-7-5-8-14(2)17(13)11-12-18-15(3)9-6-10-16(18)4/h5-10H,1-4H3",C19H21O2,M+CH2O2+H,281.15360634014,7.226907857259117,0.28372463191404695
1401,peak_1401_sirius_1,"(3E,5E,7E,9E,13E)-pentadeca-3,5,7,9,13-pentaen-2-one","InChI=1S/C15H20O/c1-3-4-5-6-7-8-9-10-11-12-13-14-15(2)16/h3-4,7-14H,5-6H2,1-2H3",C18H29O2,M+IsoProp+H,277.21675526417,7.226907857259117,0.5843311666096477
1403,NPA007277,Streptophenazine C,"InChI=1S/C23H26N2O5/c1-13(2)7-4-12-18(26)19(23(29)30-3)14-8-5-10-16-20(14)24-17-11-6-9-15(22(27)28)21(17)25-16/h5-6,8-11,13,18-19,26H,4,7,12H2,1-3H3,(H,27,28)",C46H53N4O10,2M+H,821.37561988938,4.139033508300783,0.014488636363636287
1405,peak_1405_metfrag_1,"[(2R,3S)-3-[[(2S)-2-[[(2S)-2-[[(2S)-2-[[(2S,4R)-1-acetyl-4-(4-phenylbutoxy)pyrrolidine-2-carbonyl]amino]-4-methylpentanoyl]amino]-3-(1H-imidazol-5-yl)propanoyl]amino]propanoyl]amino]-4-amino-2-methyl-4-oxobutyl]phosphonic acid","InChI=1S/C37H57N8O10P/c1-22(2)15-29(43-37(51)31-17-28(19-45(31)25(5)46)55-14-10-9-13-26-11-7-6-8-12-26)36(50)42-30(16-27-18-39-21-40-27)35(49)41-24(4)34(48)44-32(33(38)47)23(3)20-56(52,53)54/h6-8,11-12,18,21-24,28-32H,9-10,13-17,19-20H2,1-5H3,(H2,38,47)(H,39,40)(H,41,49)(H,42,50)(H,43,51)(H,44,48)(H2,52,53,54)",C37H58N8O10P,M+H,805.40080306667,4.139033508300783,0.3138337936228973
1407,NPA026569,Tersone F,"InChI=1S/C19H21NO5/c1-10-9-18(3,15(22)11(10)2)19(25)16(23)13(20-17(19)24)14(21)12-7-5-4-6-8-12/h4-8,13-14,21,25H,9H2,1-3H3,(H,20,24)",C19H21NNaO5,M+Na,366.13119077911,4.139033508300783,0.04143088116410676
1408,peak_1408_msfinder_2,"N-[(2,3-dihydro-1,4-benzodioxin-2-yl)methyl]-2-(3,4-dimethoxyphenyl)acetamide","InChI=1S/C19H21NO5/c1-22-15-8-7-13(9-18(15)23-2)10-19(21)20-11-14-12-24-16-5-3-4-6-17(16)25-14/h3-9,14H,10-12H2,1-2H3,(H,20,21)",C19H22NO5,M+H,344.14924877911,4.139033508300783,0.0436164067013286
1410,C08305,Gyromitrin,"InChI=1S/C4H8N2O/c1-3-5-6(2)4-7/h3-4H,1-2H3",C4H9N2O,M+H,101.07093888627,8.52650044759115,0.8514202476329206
1415,NPA024657,Xenortide C,"InChI=1S/C24H33N3O2/c1-18(2)22(25-3)24(29)27(4)21(17-20-13-9-6-10-14-20)23(28)26-16-15-19-11-7-5-8-12-19/h5-14,18,21-22,25H,15-17H2,1-4H3,(H,26,28)",C24H33N3NaO2,M+Na,418.24649531602,4.864875793457033,0.902915148360229
1416,NPA008819,Bacillamide C,"InChI=1S/C18H20N4O2S/c1-11(21-12(2)23)18-22-16(10-25-18)17(24)19-8-7-13-9-20-15-6-4-3-5-14(13)15/h3-6,9-11,20H,7-8H2,1-2H3,(H,19,24)(H,21,23)",C18H20N4NaO2S,M+Na,379.11991507586,4.864875793457033,0.9578167641325536
1417,D01366,Bezafibrate,"InChI=1S/C19H20ClNO4/c1-19(2,18(23)24)25-16-9-3-13(4-10-16)11-12-21-17(22)14-5-7-15(20)8-6-14/h3-10H,11-12H2,1-2H3,(H,21,22)(H,23,24)",C19H21ClNO4,M+H,362.11536180931,4.864875793457033,0.9104995561294488
1418,C13736,Memantine,"InChI=1S/C12H21N/c1-10-3-9-4-11(2,6-10)8-12(13,5-9)7-10/h9H,3-8,13H2,1-2H3",C12H22N,M+H,180.17467568126,4.864875793457033,0.016660440791931297
1421,peak_1421_sirius_1,Tert-butyl 4-[5-(3-amino-2-fluorophenyl)-2-propan-2-yltriazol-4-yl]pyrazole-1-carboxylate,"InChI=1S/C19H23FN6O2/c1-11(2)26-23-16(17(24-26)13-7-6-8-14(21)15(13)20)12-9-22-25(10-12)18(27)28-19(3,4)5/h6-11H,21H2,1-5H3",C19H24FN6O2,M+H,387.19392816974,6.5316431681315175,0.7688348151614413
1422,peak_1422_metfrag_1,carboxymethyl-dimethyl-[3-(tetradecanoylamino)propyl]azanium,"InChI=1S/C21H40N2O3/c1-4-5-6-7-8-9-10-11-12-13-14-16-20(24)22-17-15-18-23(2,3)19-21(25)26/h15H,4-14,16-19H2,1-3H3",C21H43N2O3,M+H,371.32681922123,6.5316431681315175,0.4153977758768177
1426,C02325,Sinapyl alcohol,"InChI=1S/C11H14O4/c1-14-9-6-8(4-3-5-12)7-10(15-2)11(9)13/h3-4,6-7,12-13H,5H2,1-2H3",C11H14NaO4,M+Na,233.07842692949998,3.9669898986816334,0.24922440537745605
1427,C02325,Sinapyl alcohol,"InChI=1S/C11H14O4/c1-14-9-6-8(4-3-5-12)7-10(15-2)11(9)13/h3-4,6-7,12-13H,5H2,1-2H3",C11H15O4,M+H,211.09648492949998,3.9669898986816334,0.7636484687083889
1428,peak_1428_msfinder_1,2-(trimethylamino)ethyl 3-(acetyloxy)hexadecanoate,"InChI=1S/C23H46NO4/c1-6-7-8-9-10-11-12-13-14-15-16-17-22(28-21(2)25)20-23(26)27-19-18-24(3,4)5/h22H,6-20H2,1-5H3",C23H48NO4,M+H,402.35778499752,7.297041320800783,0.6946422516107155
1429,C07424,Pentoxifylline,"InChI=1S/C13H18N4O3/c1-9(18)6-4-5-7-17-12(19)10-11(14-8-15(10)2)16(3)13(17)20/h8H,4-7H2,1-3H3",C13H18N4NaO3,M+Na,301.12710845657,1.8275344848632833,0.0181145305804441
1431,peak_1431_msfinder_1,"[(2S,3S,4S,5S,6R)-4,5-dihydroxy-2,6-dimethyloxan-3-yl] hydrogen sulfate","InChI=1S/C7H14O7S/c1-3-5(8)6(9)7(4(2)13-3)14-15(10,11)12/h3-9H,1-2H3,(H,10,11,12)",C7H15O7S,M+H,243.05329996261,1.8275344848632833,0.8702439789754453
1433,C15347,6-(Isopropylthio)purine,"InChI=1S/C8H10N4S/c1-5(2)13-8-6-7(10-3-9-6)11-4-12-8/h3-5H,1-2H3,(H,9,10,11,12)",C16H21N8S2,2M+H,389.13251102884,2.302118174235033,0.1930535455861071
1434,VF-NPL-QEHF00xxxx_100,3-O-Feruloylquinic acid,"InChI=1S/C17H20O9/c1-25-12-6-9(2-4-10(12)18)3-5-14(20)26-13-8-17(24,16(22)23)7-11(19)15(13)21/h2-6,11,13,15,18-19,21,24H,7-8H2,1H3,(H,22,23)",C17H21O9,M+H,369.11800822073,2.302118174235033,0.9224513122609574
1435,NPA004393,Graphiumin C,"InChI=1S/C36H50N2O10S2/c1-5-7-9-11-25(39)17-29(41)47-27-13-15-45-21-23-19-35(49-3)34(44)38-32-24(20-36(38,50-4)33(43)37(35)31(23)27)22-46-16-14-28(32)48-30(42)18-26(40)12-10-8-6-2/h13-16,21-22,25-28,31-32,39-40H,5-12,17-20H2,1-4H3",C36H52N2O10S2,M+2H,368.15262008243,2.302118174235033,0.9408651725935132
1436,C05827,Methylimidazole acetaldehyde,"InChI=1S/C6H8N2O/c1-8-4-6(2-3-9)7-5-8/h3-5H,2H2,1H3",C6H9N2O,M+H,125.07093888627,8.161443583170566,0.8897305672721012
1437,peak_1437_msfinder_1,N-[2-[4-(2-methoxyphenyl)-1-piperazinyl]ethyl]-N-(2-pyridinyl)cyclohexanecarboxamide,"InChI=1S/C25H34N4O2/c1-31-23-12-6-5-11-22(23)28-18-15-27(16-19-28)17-20-29(24-13-7-8-14-26-24)25(30)21-9-3-2-4-10-21/h5-8,11-14,21H,2-4,9-10,15-20H2,1H3",C25H35N4O2,M+H,423.27545235268,3.49991455078125,0.6701712225893661
1438,peak_1438_sirius_1,(4-Cyclobutylphenyl)methanediol,"InChI=1S/C11H14O2/c12-11(13)10-6-4-9(5-7-10)8-2-1-3-8/h4-8,11-13H,1-3H2",C11H15O2,M+H,179.10665569036,3.49991455078125,0.21944922547332202
1439,C15165,"12alpha-Fluoro-11beta,17beta-dihydroxyandrosta-1,4-dien-3-one","InChI=1S/C19H25FO3/c1-18-8-7-11(21)9-10(18)3-4-12-13-5-6-14(22)19(13,2)17(20)16(23)15(12)18/h7-9,12-17,22-23H,3-6H2,1-2H3",C19H27FO3,M+2H,161.096662413595,3.49991455078125,0.9819772264535103
1440,C19261,2-Methylimidazole,"InChI=1S/C4H6N2/c1-4-5-2-3-6-4/h2-3H,1H3,(H,5,6)",C4H9N2O,M+H2O+H,101.07093920224,3.49991455078125,0.011460902364717862
1442,peak_1442_metfrag_13,"tert-butyl 4-[3-acetylsulfanyl-1-(4-benzyl-2-oxo-1,3-oxazolidin-3-yl)-1-oxopropan-2-yl]piperidine-1-carboxylate","InChI=1S/C25H34N2O6S/c1-17(28)34-16-21(19-10-12-26(13-11-19)23(30)33-25(2,3)4)22(29)27-20(15-32-24(27)31)14-18-8-6-5-7-9-18/h5-9,19-21H,10-16H2,1-4H3",C25H35N2O6S,M+H,491.2210339965,7.032424418131517,0.01660315732172024
1444,peak_1444_msfinder_1,"N-[2-(diaminomethylideneamino)ethyl]-2-[2-(diethylamino)-6-methyl-9-[2-(1,2,4-triazol-1-yl)ethyl]purin-8-yl]sulfanylacetamide","InChI=1S/C19H30N12OS/c1-4-29(5-2)18-26-13(3)15-16(28-18)31(9-8-30-12-22-11-25-30)19(27-15)33-10-14(32)23-6-7-24-17(20)21/h11-12H,4-10H2,1-3H3,(H,23,32)(H4,20,21,24)",C19H31N12OS,M+H,475.24590081403,7.032424418131517,0.06470908102229467
1446,peak_1446_msfinder_1,"{[4-({5-[(1H-indol-3-yl)methyl]-1,3,4-oxadiazol-2-yl}methyl)-3-methyl-6-(propan-2-yl)cyclohex-2-en-1-yl]methyl}[(pyridin-3-yl)methyl]amine","InChI=1S/C29H35N5O/c1-19(2)26-12-22(20(3)11-23(26)17-31-16-21-7-6-10-30-15-21)13-28-33-34-29(35-28)14-24-18-32-27-9-5-4-8-25(24)27/h4-11,15,18-19,22-23,26,31-32H,12-14,16-17H2,1-3H3",C29H36N5O,M+H,470.29143676977,7.032424418131517,0.5615121394818315
1447,peak_1447_sirius_1,"6-(1-{6-hydroxy-9a,11a-dimethyl-9-oxo-3H,3aH,3bH,4H,6H,9H,9aH,9bH,10H,11H,11aH-cyclopenta[a]phenanthren-1-yl}ethyl)-3-(hydroxymethyl)-4-methyl-5,6-dihydro-2H-pyran-2-one","InChI=1S/C28H36O5/c1-15-13-24(33-26(32)18(15)14-29)16(2)19-7-8-20-17-5-6-22-23(30)9-10-25(31)28(22,4)21(17)11-12-27(19,20)3/h6-7,9-10,16-17,20-21,23-24,29-30H,5,8,11-14H2,1-4H3",C28H37O5,M+H,453.26355025813,7.032424418131517,0.2883015173764072
1449,C17996,Istamycin C1,"InChI=1S/C19H37N5O6/c1-4-22-8-11-5-6-12(20)19(29-11)30-18-13(21)7-14(28-3)16(17(18)27)24(2)15(26)9-23-10-25/h10-14,16-19,22,27H,4-9,20-21H2,1-3H3,(H,23,25)",C19H38N5O6,M+H,432.28165993208,2.632393391927083,0.5289945025713778
1455,peak_1455_sirius_1,"1,4-Diphenyl-1,2,3-butanetriene","InChI=1S/C16H12/c1-3-9-15(10-4-1)13-7-8-14-16-11-5-2-6-12-16/h1-6,9-14H",C17H17O,M+CH3OH+H,237.12738938676,6.175540669759116,0.2612795857988166
1457,peak_1457_metfrag_1,2-(4-benzylsulfonylphenyl)ethyl-chloro-dimethylsilane,"InChI=1S/C17H21ClO2SSi/c1-22(2,18)13-12-15-8-10-17(11-9-15)21(19,20)14-16-6-4-3-5-7-16/h3-11H,12-14H2,1-2H3",C17H22ClO2SSi,M+H,353.07928130702004,7.026335144042966,0.10348301669545201
1458,C09325,Aknadicine,"InChI=1S/C19H23NO5/c1-23-13-5-4-11-6-7-19-17(25-3)16(24-2)12(21)10-18(19,8-9-20-19)14(11)15(13)22/h4-5,20,22H,6-10H2,1-3H3",C19H24NO5,M+H,346.16489884357003,7.026335144042966,0.0012858192505510457
1460,LU07850x_1,Diethylene glycol dibenzoate,"InChI=1S/C18H18O5/c19-17(15-7-3-1-4-8-15)22-13-11-21-12-14-23-18(20)16-9-5-2-6-10-16/h1-10H,11-14H2",C18H19O5,M+H,315.12269967799,7.026335144042966,0.744131455399061
1462,C16074,Phenylacetonitrile,"InChI=1S/C8H7N/c9-7-6-8-4-2-1-3-5-8/h1-5H,6H2",C8H8N,M+H,118.06512523004001,7.026335144042966,0.05399966459835648
1463,C03243,"9,10-Phenanthroquinone",InChI=1S/C14H8O2/c15-13-11-7-3-1-5-9(11)10-6-2-4-8-12(10)14(13)16/h1-8H,C14H10O2,M+2H,105.03349074849,7.026335144042966,0.002698751827279855
1473,NPA025178,Rhinomilisin I,"InChI=1S/C15H21ClO5/c1-8(13(17)18)10-4-5-15(21,7-16)12-3-2-9(14(19)20)6-11(10)12/h6,8,10-12,21H,2-5,7H2,1H3,(H,17,18)(H,19,20)",C15H22ClO5,M+H,317.11502745668,8.322917175292966,0.08113364823562108
1474,C03343,Mono-(2-ethylhexyl)phthalate,"InChI=1S/C16H22O4/c1-3-5-8-12(4-2)11-20-16(19)14-10-7-6-9-13(14)15(17)18/h6-7,9-10,12H,3-5,8,11H2,1-2H3,(H,17,18)",C16H23O4,M+H,279.15908518734,8.322917175292966,0.6912832929782082
1475,LU111xxx_1,Monobutyl phthalate,"InChI=1S/C12H14O4/c1-2-3-8-16-12(15)10-7-5-4-6-9(10)11(13)14/h4-7H,2-3,8H2,1H3,(H,13,14)",C12H15O4,M-H2O+H,205.0859209295,8.322917175292966,0.7152122641509434
1476,peak_1476_msfinder_1,phthalic anhydride,InChI=1S/C8H4O3/c9-7-5-3-1-2-4-6(5)8(10)11-7/h1-4H,C8H5O3,M+H,149.02331998763,8.322917175292966,0.720880211780278
1480,peak_1480_msfinder_2,UNPD15692,"InChI=1S/C26H47N5/c1-2-3-4-5-6-7-8-9-10-11-12-13-14-15-16-20-25-29-22-19-24-31(25)23-18-17-21-30-26(27)28/h9-10H,2-6,11-24H2,1H3,(H4,27,28,30)",C26H48N5,M+H,430.39042253696,8.032041931152351,0.8713807482234099
1481,peak_1481_sirius_1,"6,10,14-Trimethylpentadeca-2,5,9,13-tetraenoic acid","InChI=1S/C18H28O2/c1-15(2)9-7-11-17(4)13-8-12-16(3)10-5-6-14-18(19)20/h6,9-10,13-14H,5,7-8,11-12H2,1-4H3,(H,19,20)",C18H31O3,M+H2O+H,295.22677114158,8.032041931152351,0.15622697126013263
1483,peak_1483_msfinder_1,octodrine,"InChI=1S/C8H19N/c1-7(2)5-4-6-8(3)9/h7-8H,4-6,9H2,1-3H3",C8H20N,M+H,130.1590256168,2.2457389831543,0.03208657679893667
1485,NPA005391,MF-EA-705α,"InChI=1S/C20H22O2/c1-4-5-11-18-15-16(2)13-14-19(18)17(3)10-8-6-7-9-12-20(21)22/h4-11,13-15H,1,12H2,2-3H3,(H,21,22)",C20H23O2,M+H,295.1692559482,8.373233540852867,0.8866681149974655
1486,NPA016366,TMC-89B,"InChI=1S/C21H36N4O9/c1-9(2)6-13(16(29)21(7-26)8-34-21)23-19(32)14(11(4)27)25-20(33)15(12(5)28)24-18(31)10(3)17(22)30/h9-15,26-28H,6-8H2,1-5H3,(H2,22,30)(H,23,32)(H,24,31)(H,25,33)",C21H38N4O9,M+2H,245.13139037706497,8.373233540852867,0.6564490445859873
1487,peak_1487_sirius_1,,"InChI=1S/C11H11/c1-2-3-5-8-11-9-6-4-7-10-11/h4,6-7,9-10H,1-3H2",C11H13O,M+H2O+H,161.0960913223,8.373233540852867,0.31808634772462085
1489,peak_1489_sirius_1,4-phenylbut-3-yn-1-ol,"InChI=1S/C10H10O/c11-9-5-4-8-10-6-2-1-3-7-10/h1-3,6-7,11H,5,9H2",C10H11O,M-H2O+H,129.06987694187,8.373233540852867,0.6831174172321612
1490,C09950,Lapachenole,"InChI=1S/C16H16O2/c1-16(2)9-8-11-10-14(17-3)12-6-4-5-7-13(12)15(11)18-16/h4-10H,1-3H3",C16H18O2,M+2H,121.06479087741,8.373233540852867,0.019553072625698387
1492,NPA002091,Tumescenamide A,"InChI=1S/C37H57N5O8/c1-10-12-22(7)18-23(8)32(44)42-31-24(9)50-37(49)27(11-2)38-33(45)29(19-25-13-15-26(43)16-14-25)40-35(47)30(21(5)6)41-34(46)28(17-20(3)4)39-36(31)48/h11,13-16,20-24,28-31,43H,10,12,17-19H2,1-9H3,(H,38,45)(H,39,48)(H,40,47)(H,41,46)(H,42,44)",C37H58N5O8,M+H,700.4279898158201,6.777447509765634,0.62375528799219
1493,C10015,Zizyphine A,"InChI=1S/C33H49N5O6/c1-8-20(3)27(35-31(40)28(36(5)6)21(4)9-2)32(41)38-18-15-25-29(38)33(42)37-17-10-11-24(37)30(39)34-16-14-22-12-13-23(44-25)19-26(22)43-7/h12-14,16,19-21,24-25,27-29H,8-11,15,17-18H2,1-7H3,(H,34,39)(H,35,40)",C33H50N5O6,M+H,612.37556031884,6.777447509765634,0.9787405194208229
1495,NPA011749,"2-(3-acyloxy-7,13-dihydroxyoctadecanoyl)aminoethanesulfonicacid","InChI=1S/C25H49NO8S/c1-3-5-8-12-21(27)13-9-7-10-14-22(28)15-11-16-23(34-25(30)17-6-4-2)20-24(29)26-18-19-35(31,32)33/h21-23,27-28H,3-20H2,1-2H3,(H,26,29)(H,31,32,33)",C25H50NO8S,M+H,524.3251647146601,6.777447509765634,0.9230155564419625
1496,C08705,Ryanodine,"InChI=1S/C25H35NO9/c1-12(2)22(31)17(34-16(28)14-7-6-10-26-14)23(32)18(4)11-21(30)19(22,5)25(23,33)24(35-21)15(27)13(3)8-9-20(18,24)29/h6-7,10,12-13,15,17,26-27,29-33H,8-9,11H2,1-5H3",C25H36NO9,M+H,494.23845770861004,6.777447509765634,0.9831603755654389
1497,peak_1497_msfinder_1,"1-({3-methyl-4-[(5-phenyl-1,3,4-oxadiazol-2-yl)methyl]-6-(propan-2-yl)cyclohex-2-en-1-yl}methyl)-4-(pyridin-2-yl)piperazine","InChI=1S/C29H37N5O/c1-21(2)26-18-24(19-28-31-32-29(35-28)23-9-5-4-6-10-23)22(3)17-25(26)20-33-13-15-34(16-14-33)27-11-7-8-12-30-27/h4-12,17,21,24-26H,13-16,18-20H2,1-3H3",C29H38N5O,M+H,472.30708683423,6.777447509765634,0.17168934045117967
1498,NPA005991,Halichoblelide B,"InChI=1S/C51H84O15/c1-15-37-34(9)65-50(59-13,26-40(37)58-12)32(7)45(55)30(5)48-28(3)21-17-19-24-43(54)64-49(29(4)22-18-20-23-42(53)63-48)31(6)46(56)33(8)51(60-14)27-41(38(16-2)35(10)66-51)62-44-25-39(52)47(57)36(11)61-44/h17-24,28-41,44-49,52,55-57H,15-16,25-27H2,1-14H3",C51H86O15,M+2H,469.297787000435,6.777447509765634,0.8447048516044244
1499,peak_1499_sirius_1_msfinder_10,"15-{1-[5-(hydroxymethyl)-4-methyl-6-oxo-3,6-dihydro-2H-pyran-2-yl]ethyl}-2,16-dimethyl-8-oxapentacyclo[9.7.0.0²,⁷.0⁷,⁹.0¹²,¹⁶]octadec-4-en-3-one","InChI=1S/C28H38O5/c1-15-12-22(32-25(31)18(15)14-29)16(2)19-7-8-20-17-13-24-28(33-24)10-5-6-23(30)27(28,4)21(17)9-11-26(19,20)3/h5-6,16-17,19-22,24,29H,7-14H2,1-4H3",C28H39O5,M+H,455.27920032259,6.777447509765634,0.1511396326620933
1501,C05629,Phenylpropanoate,"InChI=1S/C9H10O2/c10-9(11)7-6-8-4-2-1-3-5-8/h1-5H,6-7H2,(H,10,11)",C9H11O2,M+H,151.07535556144,6.777447509765634,0.015898251192368873
1502,NPA018847,Cylindrocyclophane C2,"InChI=1S/C36H54Cl2O5/c1-4-5-13-26-14-8-6-11-23(2)18-25-19-29(39)34(30(40)20-25)27(16-10-17-33(37)38)15-9-7-12-24(3)36(43)28-21-31(41)35(26)32(42)22-28/h19-24,26-27,33,36,39-43H,4-18H2,1-3H3",C36H54Cl2NaO5,M+Na,659.3240482022701,4.41912943522135,0.44927644338355965
1504,peak_1504_msfinder_1,"2-({10-acetamido-3,4,5-trimethoxy-13-oxotricyclo[9.5.0.0?,?]hexadeca-1(16),2(7),3,5,11,14-hexaen-14-yl}amino)-N-methyl-N-[(octahydro-1H-quinolizin-1-yl)methyl]propanamide","InChI=1S/C35H48N4O6/c1-21(35(42)38(3)20-24-10-9-17-39-16-8-7-11-29(24)39)36-28-15-13-25-26(19-30(28)41)27(37-22(2)40)14-12-23-18-31(43-4)33(44-5)34(45-6)32(23)25/h13,15,18-19,21,24,27,29H,7-12,14,16-17,20H2,1-6H3,(H,36,41)(H,37,40)",C35H49N4O6,M+H,621.36466128218,4.41912943522135,0.6559071191630518
1506,peak_1506_sirius_1,Hdypd,"InChI=1S/C27H38O2/c1-5-6-7-8-15-27(4,29)24-12-11-22-21-10-9-19-18-20(28)13-16-25(19,2)23(21)14-17-26(22,24)3/h1,9,20-24,28-29H,6-7,10-14,16-18H2,2-4H3",C28H41O4,M+CH2O2+H,441.29993622387997,4.41912943522135,0.2658035034272658
1509,peak_1509_msfinder_1,MINEs-179659,"InChI=1S/C13H24N2O5S/c1-9(17)21-7-6-14-10(18)4-5-15-12(20)11(19)13(2,3)8-16/h11,16,19H,4-8H2,1-3H3,(H,14,18)(H,15,20)",C13H25N2O5S,M+H,321.14786905463,5.84234720865885,0.4120725750174459
1510,NPA000909,"4-((Z)-but-2-enoyloxy)-8-chloro-12-hydroxy-7,13-epoxytrichothec-9-ene","InChI=1S/C19H25ClO5/c1-5-6-14(21)25-12-8-13-19(22)9-23-16-15(20)10(2)7-11(24-13)17(16,3)18(12,19)4/h5-7,11-13,15-16,22H,8-9H2,1-4H3",C19H26ClO5,M+H,369.1463275856,6.733055623372399,0.008601004719135275
1512,NPA001948,Cyrneine D,"InChI=1S/C20H26O4/c1-12(2)14-10-17(23)19(4)8-7-18(3)15(20(14,19)24)6-5-13(11-21)9-16(18)22/h5,10-12,15,24H,6-9H2,1-4H3",C20H26NaO4,M+Na,353.17232731626,6.733055623372399,0.0
1513,NPA010076,Greensporone B,"InChI=1S/C19H21ClO6/c1-11-7-8-12(21)5-3-4-6-13(22)9-14-17(19(24)26-11)16(25-2)10-15(23)18(14)20/h4,6,10-11,23H,3,5,7-9H2,1-2H3",C19H22ClO6,M+H,381.10994207625,8.00594380696615,0.0038598861333590806
1515,C20984,3-Linalylflaviolin,"InChI=1S/C20H22O5/c1-5-20(4,8-6-7-11(2)3)16-18(24)15-13(17(23)19(16)25)9-12(21)10-14(15)22/h5,7,9-10,21-22,24H,1,6,8H2,2-4H3",C20H22NaO5,M+Na,365.13594180691,8.00594380696615,0.0050473186119873725
1516,NPA025442,Streptcytosine M,"InChI=1S/C16H23N3O4/c1-10(2)4-6-14(21)17-13-8-9-19(16(22)18-13)15-7-5-12(20)11(3)23-15/h4,6,8-12,15,20H,5,7H2,1-3H3,(H,17,18,21,22)",C16H23N3NaO4,M+Na,344.15807423286,8.00594380696615,0.014211576846307361
1517,C03243,"9,10-Phenanthroquinone",InChI=1S/C14H8O2/c15-13-11-7-3-1-5-9(11)10-6-2-4-8-12(10)14(13)16/h1-8H,C14H10O2,M+2H,105.03349074849,8.00594380696615,0.05570756265732746
1525,peak_1525_sirius_1,"3,6,9,12,15,18,21-heptaoxatricosane-1,23-diol","InChI=1S/C16H34O9/c17-1-3-19-5-7-21-9-11-23-13-15-25-16-14-24-12-10-22-8-6-20-4-2-18/h17-18H,1-16H2",C16H38NO9,M+NH4,388.25410567195,2.4730827331543,0.07808564231738035
1527,peak_1527_sirius_1,"2-Methyl-6-methylideneocta-2,7-dienal","InChI=1S/C10H14O/c1-4-9(2)6-5-7-10(3)8-11/h4,7-8H,1-2,5-6H2,3H3",C10H18NO,M+NH4,168.13828807079003,2.4730827331543,0.2855227882037533
1530,C08305,Gyromitrin,"InChI=1S/C4H8N2O/c1-3-5-6(2)4-7/h3-4H,1-2H3",C4H9N2O,M+H,101.07093888627,8.050275166829433,0.8586222172998117
1531,SM876801_1,"N,N-Dimethyldodecylamine N-oxide","InChI=1S/C14H31NO/c1-4-5-6-7-8-9-10-11-12-13-14-15(2,3)16/h4-14H2,1-3H3",C14H32NO,M+H,230.24784062313,5.9212178548177,0.9003575405896489
1533,C00852,Chlorogenate,"InChI=1S/C16H18O9/c17-9-3-1-8(5-10(9)18)2-4-13(20)25-12-7-16(24,15(22)23)6-11(19)14(12)21/h1-5,11-12,14,17-19,21,24H,6-7H2,(H,22,23)",C16H18NaO9,M+Na,377.08430015627,2.1769640604655,0.8177391762073957
1534,C00852,Chlorogenate,"InChI=1S/C16H18O9/c17-9-3-1-8(5-10(9)18)2-4-13(20)25-12-7-16(24,15(22)23)6-11(19)14(12)21/h1-5,11-12,14,17-19,21,24H,6-7H2,(H,22,23)",C16H19O9,M+H,355.10235815627,2.1769640604655,0.801564148718267
1536,peak_1536_sirius_1,2-[2-[2-[2-(2-Propynyloxy)ethoxy]ethoxy]ethoxy]ethyl 4-O-(alpha-D-galactopyranosyl)-beta-D-glucopyranoside,"InChI=1S/C23H40O15/c1-2-3-31-4-5-32-6-7-33-8-9-34-10-11-35-22-20(30)18(28)21(15(13-25)37-22)38-23-19(29)17(27)16(26)14(12-24)36-23/h1,14-30H,3-13H2",C23H44NO15,M+NH4,574.27054358275,2.5306788126627664,0.20051474029012628
1537,NPA031256,4-Oxodihydro-b-ionone,"InChI=1S/C13H20O2/c1-9(14)5-6-11-10(2)12(15)7-8-13(11,3)4/h5-8H2,1-4H3",C13H21O2,M+H,209.15360588374,2.5306788126627664,0.038398018166804326
1543,NPA003701,Scyphostatin,"InChI=1S/C29H43NO5/c1-6-20(2)15-22(4)17-23(5)16-21(3)11-9-7-8-10-12-27(33)30-24(19-31)18-29(34)26(32)14-13-25-28(29)35-25/h7-15,20-21,23-25,28,31,34H,6,16-19H2,1-5H3,(H,30,33)",C29H44NO5,M+H,486.32139948817,6.66412455240885,0.7069988137603797
1544,peak_1544_metfrag_1,"1-[4-[(1R,3E)-3-hydroxyimino-3-(1-methyl-6-oxopiperidin-3-yl)-1-(2-methylphenyl)propyl]phenyl]piperidine-4-carboxylate","InChI=1S/C28H35N3O4/c1-19-5-3-4-6-24(19)25(17-26(29-35)22-9-12-27(32)30(2)18-22)20-7-10-23(11-8-20)31-15-13-21(14-16-31)28(33)34/h3-8,10-11,21-22,25,35H,9,12-18H2,1-2H3,(H,33,34)",C28H35N3O4,M+H,477.26220758739,6.66412455240885,0.516891145948333
1546,peak_1546_msfinder_1,"1-methyl-2-oxo-3-(5-phenyl-4,5-dihydro-1,2-oxazol-3-yl)-1,2-dihydroquinolin-4-yl benzoate","InChI=1S/C26H20N2O4/c1-28-21-15-9-8-14-19(21)24(31-26(30)18-12-6-3-7-13-18)23(25(28)29)20-16-22(32-27-20)17-10-4-2-5-11-17/h2-15,22H,16H2,1H3",C26H21N2O4,M+H,425.14958313174,6.525588989257816,0.6466794731064764
1548,C09046,Bleekerine,"InChI=1S/C23H24N2O5/c1-12-16-10-25-6-5-13-15-8-20(27-2)21(28-3)9-18(15)24-22(13)19(25)7-14(16)17(11-30-12)23(26)29-4/h5-6,8-9,11-12,14,16H,7,10H2,1-4H3",C23H25N2O5,M+H,409.17579788023,6.525588989257816,0.6722935779816515
1549,peak_1549_metfrag_1,"1-(4-aminobutyl)-N-[1-(5-amino-1,3,4-oxadiazol-2-yl)-2,2-dimethylpropyl]-6-fluoroindazole-3-carboxamide","InChI=1S/C19H26FN7O2/c1-19(2,3)15(17-24-25-18(22)29-17)23-16(28)14-12-7-6-11(20)10-13(12)27(26-14)9-5-4-8-21/h6-7,10,15H,4-5,8-9,21H2,1-3H3,(H2,22,25)(H,23,28)",C19H27FN7O2,M+H,404.22047727086,6.525588989257816,0.04054897067997498
1550,C07127,Terazosin,"InChI=1S/C19H25N5O4/c1-26-15-10-12-13(11-16(15)27-2)21-19(22-17(12)20)24-7-5-23(6-8-24)18(25)14-4-3-9-28-14/h10-11,14H,3-9H2,1-2H3,(H2,20,21,22)",C19H26N5O4,M+H,388.19793030618,6.525588989257816,0.9202019266394961
1552,peak_1552_msfinder_1,(E)-3-(1H-imidazol-5-yl)prop-2-en-1-amine,"InChI=1S/C6H9N3/c7-3-1-2-6-4-8-5-9-6/h1-2,4-5H,3,7H2,(H,8,9)",C6H10N3,M+H,124.08692330336,5.984184265136717,0.6411924939467313
1554,peak_1554_metfrag_1,(E)-N-(dichloromethyl)ethanimine,"InChI=1S/C3H5Cl2N/c1-2-6-3(4)5/h2-3H,1H3",C3H6Cl2N,M+H,125.98718052958,1.3765468597412116,0.2809198259788689
1555,NPA017460,Chalciporone,"InChI=1S/C16H21NO/c1-3-16(18)13-7-5-4-6-11-15-12-9-8-10-14(2)17-15/h4-6,8-12,14H,3,7,13H2,1-2H3",C16H21NNaO,M+Na,266.15153230083,5.586613464355467,0.029118773946360088
1559,peak_1559_sirius_1,2-[1-(Cyclopentylmethyl)cyclobutyl]ethan-1-amine,"InChI=1S/C12H23N/c13-9-8-12(6-3-7-12)10-11-4-1-2-5-11/h11H,1-10,13H2",C13H26NO2,M+CH2O2+H,228.19580550572,5.586613464355467,0.25297855440826056
1562,peak_1562_metfrag_11_msfinder_1,"2-[4-amino-3-[[3-amino-6-(aminomethyl)-3,4-dihydro-2H-pyran-2-yl]oxy]-6-(ethylamino)-2-hydroxycyclohexyl]oxy-5-methyl-4-(methylamino)oxane-3,5-diol","InChI=1S/C21H41N5O7/c1-4-26-13-7-12(24)16(32-19-11(23)6-5-10(8-22)31-19)14(27)17(13)33-20-15(28)18(25-3)21(2,29)9-30-20/h5,11-20,25-29H,4,6-9,22-24H2,1-3H3",C21H42N5O7,M+H,476.30787468056997,2.7715894063313837,0.1432873672531304
1564,peak_1564_sirius_1_msfinder_1,Withalongolide G,"InChI=1S/C28H40O11S/c1-13-8-20(37-25(33)16(13)11-29)14(2)17-4-5-18-15-9-23-28(38-23)24(32)21(39-40(34,35)36)10-22(31)27(28,12-30)19(15)6-7-26(17,18)3/h14-15,17-21,23-24,29-30,32H,4-12H2,1-3H3,(H,34,35,36)",C28H41O11S,M+H,585.23640927887,3.773375193278,0.984351100129427
1571,peak_1571_metfrag_8_msfinder_1,"3-(dodecanoylamino)-N,N-dimethylpropan-1-amine oxide","InChI=1S/C17H36N2O2/c1-4-5-6-7-8-9-10-11-12-14-17(20)18-15-13-16-19(2,3)21/h4-16H2,1-3H3,(H,18,20)",C17H37N2O2,M+H,301.28495440828,5.437575785319017,0.7316953316953316
1573,peak_1573_msfinder_1,MINEs-296124,"InChI=1S/C15H29N4O7P/c1-9(2)12(17)14(21)18-10(5-3-7-16)13(20)19-11(15(22)23)6-4-8-27(24,25)26/h4,6,9-12H,3,5,7-8,16-17H2,1-2H3,(H,18,21)(H,19,20)(H,22,23)(H2,24,25,26)",C15H30N4O7P,M+H,409.1846622878,2.5742599487304667,0.8310064596790998
1574,peak_1574_sirius_3_msfinder_1,Roseoside,"InChI=1S/C19H30O8/c1-10-7-12(21)8-18(3,4)19(10,25)6-5-11(2)26-17-16(24)15(23)14(22)13(9-20)27-17/h5-7,11,13-17,20,22-25H,8-9H2,1-4H3",C19H31O8,M+H,387.20134392346,2.5742599487304667,0.26757198541430915
1575,peak_1575_metfrag_1,(E)-N-(dichloromethyl)ethanimine,"InChI=1S/C3H5Cl2N/c1-2-6-3(4)5/h2-3H,1H3",C3H6Cl2N,M+H,125.98718052958,1.6656096140543617,0.3106971153846153
1576,peak_1576_metfrag_1,(E)-N-(dichloromethyl)ethanimine,"InChI=1S/C3H5Cl2N/c1-2-6-3(4)5/h2-3H,1H3",C3H6Cl2N,M+H,125.98718052958,1.0508883158365883,0.28692493946731235
1577,peak_1577_metfrag_1,(E)-N-(dichloromethyl)ethanimine,"InChI=1S/C3H5Cl2N/c1-2-6-3(4)5/h2-3H,1H3",C3H6Cl2N,M+H,125.98718052958,1.8214804331461667,0.27561475409836067
1578,peak_1578_metfrag_1,(E)-N-(dichloromethyl)ethanimine,"InChI=1S/C3H5Cl2N/c1-2-6-3(4)5/h2-3H,1H3",C3H6Cl2N,M+H,125.98718052958,2.2839724222819,0.2596133859904387
1594,peak_1594_msfinder_1,"6-{[6-carboxy-2-({2,5,6,10,10,14,21-heptamethyl-16,22-dioxo-23-oxahexacyclo[19.2.1.0?,??.0?,??.0?,??.0?,??]tetracos-17-en-11-yl}oxy)-4,5-dihydroxyoxan-3-yl]oxy}-3,4-dihydroxy-5-[(3,4,5-trihydroxy-6-methyloxan-2-yl)oxy]oxane-2-carboxylic acid","InChI=1S/C48H70O20/c1-18-25(50)26(51)31(56)39(62-18)67-35-30(55)28(53)33(38(59)60)66-41(35)68-34-29(54)27(52)32(37(57)58)65-40(34)63-23-10-11-46(6)22(43(23,2)3)9-12-48(8)36(46)21(49)15-19-20-16-44(4)17-24(64-42(44)61)45(20,5)13-14-47(19,48)7/h15,18,20,22-36,39-41,50-56H,9-14,16-17H2,1-8H3,(H,57,58)(H,59,60)",C48H71O20,M+H,967.4533206475,3.6013979593912833,0.9504764461146155
1597,peak_1597_metfrag_13_msfinder_1,"17-benzyl-15-hydroxy-21-[[3-hydroxy-6-[4-[3-[(3-hydroxy-1-phenylbutan-2-yl)amino]phenyl]butyl]cyclohexa-2,4-dien-1-yl]methyl]-29-methoxy-12-methyl-2,20-dioxapentacyclo[24.3.1.04,9.07,16.08,13]triaconta-1(29),4(9),5,7,10,13,15,26(30),27-nonaen-18-yn-23-one","InChI=1S/C64H67NO7/c1-42-21-28-56-50-25-29-57-63(60(69)40-58(42)64(56)57)49(33-44-13-6-4-7-14-44)31-32-71-55(39-54(68)26-22-47-23-30-61(70-3)62(36-47)72-41-50)38-51-37-53(67)27-24-48(51)19-11-10-17-45-18-12-20-52(34-45)65-59(43(2)66)35-46-15-8-5-9-16-46/h4-9,12-16,18,20-21,23-25,27-30,34,36-37,40,42-43,48-49,51,55,59,65-67,69H,10-11,17,19,22,26,33,35,38-39,41H2,1-3H3",C64H68NO7,M+H,962.49902950083,3.6013979593912833,0.7459343356857933
1600,peak_1600_msfinder_1,Wikstroelide A;(+)-Wikstroelide A,"InChI=1S/C36H50O10/c1-7-8-9-10-11-12-13-14-15-16-17-18-33-44-30-26-29-32(20-37,43-29)31(40)34(41)25(19-22(4)27(34)39)36(26,46-33)23(5)28(42-24(6)38)35(30,45-33)21(2)3/h15-19,23,25-26,28-31,37,40-41H,2,7-14,20H2,1,3-6H3",C36H51O10,M+H,643.3476738072001,4.425202433268233,0.6665758648869518
1602,C19347,Bis(1-aziridinyl)morpholinophosphine sulfide,"InChI=1S/C8H16N3OPS/c14-13(9-1-2-9,10-3-4-10)11-5-7-12-8-6-11/h1-8H2",C8H17N3OPS,M+H,234.08244632135998,3.9596214294433665,0.9849135429964024
1603,C00423,trans-Cinnamate,"InChI=1S/C9H8O2/c10-9(11)7-6-8-4-2-1-3-5-8/h1-7H,(H,10,11)",C9H9O2,M+H,149.05970549697997,3.9596214294433665,0.6539243594957299
1604,peak_1604_sirius_1,Propan-2-yl 4-(4-propan-2-yloxycarbonylphenoxy)benzoate,"InChI=1S/C20H22O5/c1-13(2)23-19(21)15-5-9-17(10-6-15)25-18-11-7-16(8-12-18)20(22)24-14(3)4/h5-14H,1-4H3",C20H26NO5,M+NH4,360.18054680691,8.01200002034505,0.2807124063954666
1605,peak_1605_sirius_1,"3,3'-Oxybis(1-propanol) dibenzoate","InChI=1S/C20H22O5/c21-19(17-9-3-1-4-10-17)24-15-7-13-23-14-8-16-25-20(22)18-11-5-2-6-12-18/h1-6,9-12H,7-8,13-16H2",C20H23O5,M+H,343.15399980691,8.01200002034505,0.2166496076424429
1606,C10490,Safrole,"InChI=1S/C10H10O2/c1-2-3-8-4-5-9-10(6-8)12-7-11-9/h2,4-6H,1,3,7H2",C10H11O2,M+H,163.07535556144,8.01200002034505,0.6311866997897956
1607,peak_1607_msfinder_1,"2-[2-(2,4-dioxo-1,2,3,4-tetrahydroquinazolin-3-yl)acetamido]-4-(methylsulfanyl)butanoic acid","InChI=1S/C15H17N3O5S/c1-24-7-6-11(14(21)22)16-12(19)8-18-13(20)9-4-2-3-5-10(9)17-15(18)23/h2-5,11H,6-8H2,1H3,(H,16,19)(H,17,23)(H,21,22)",C15H18N3O5S,M+H,352.09616783345,4.0363899230957,0.6741329479768786
1609,C02717,N-Feruloyltyramine,"InChI=1S/C18H19NO4/c1-23-17-12-14(4-8-16(17)21)5-9-18(22)19-11-10-13-2-6-15(20)7-3-13/h2-9,12,20-21H,10-11H2,1H3,(H,19,22)",C18H19NNaO4,M+Na,336.12062609508,4.0363899230957,0.8690567484662577
1611,C02717,N-Feruloyltyramine,"InChI=1S/C18H19NO4/c1-23-17-12-14(4-8-16(17)21)5-9-18(22)19-11-10-13-2-6-15(20)7-3-13/h2-9,12,20-21H,10-11H2,1H3,(H,19,22)",C18H20NO4,M+H,314.13868409508,4.0363899230957,0.9888465616777284
1612,NPA023863,Scequinadoline G,"InChI=1S/C23H22N4O3/c1-13(2)19-20-25-17-9-5-3-7-15(17)21(28)27(20)14(12-24-19)11-23(30)16-8-4-6-10-18(16)26-22(23)29/h3-10,14,24,30H,11-12H2,1-2H3,(H,26,29)",C23H22N4NaO3,M+Na,425.15840858549,2.5681785583496164,0.023062139654067892
1613,C08947,Gymnemic acid I,"InChI=1S/C43H66O14/c1-10-21(2)36(53)57-34-33(50)43(20-54-22(3)45)24(17-38(34,4)5)23-11-12-26-39(6)15-14-28(55-37-31(49)29(47)30(48)32(56-37)35(51)52)40(7,19-44)25(39)13-16-41(26,8)42(23,9)18-27(43)46/h10-11,24-34,37,44,46-50H,12-20H2,1-9H3,(H,51,52)",C43H68O14,M+2H,404.22990440058,2.5681785583496164,0.03676159891827935
1614,C11512,Methyl jasmonate,"InChI=1S/C13H20O3/c1-3-4-5-6-11-10(7-8-12(11)14)9-13(15)16-2/h4-5,10-11H,3,6-9H2,1-2H3",C13H21O3,M+H,225.14852050331,2.5681785583496164,0.25554072096128166
1616,peak_1616_msfinder_1,UNPD168960,"InChI=1S/C13H18O2/c1-10(2)8-13(15)7-6-11-4-3-5-12(14)9-11/h3,5-6,8,13,15H,4,7,9H2,1-2H3",C13H19O2,M+H,207.13795581928,2.5681785583496164,0.37263774287995743
1617,peak_1617_sirius_1,"2-Cyclopropylethynyl-1,4-dimethyl-benzene","InChI=1S/C13H14/c1-10-3-4-11(2)13(9-10)8-7-12-5-6-12/h3-4,9,12H,5-6H2,1-2H3",C13H17O,M+H2O+H,189.12739145122,2.5681785583496164,0.290897517504774
1621,NPA019676,Granulatin,"InChI=1S/C19H16O8/c1-7-5-11(21)10(6-20)17-12(7)19(24)27-16-9(3)14(22)13(18(23)25-4)8(2)15(16)26-17/h5-6,21-22H,1-4H3",C19H16NaO8,M+Na,395.07373547224,2.460893249511717,0.027699530516431814
1623,C17759,1-O-Feruloyl-beta-D-glucose,"InChI=1S/C16H20O9/c1-23-10-6-8(2-4-9(10)18)3-5-12(19)25-16-15(22)14(21)13(20)11(7-17)24-16/h2-6,11,13-18,20-22H,7H2,1H3",C16H20NaO9,M+Na,379.09995022073,2.460893249511717,0.6863640515115536
1624,C01494,Ferulate,"InChI=1S/C10H10O4/c1-14-9-6-7(2-4-8(9)11)3-5-10(12)13/h2-6,11H,1H3,(H,12,13)",C10H11O4,M+H,195.06518480058,2.460893249511717,0.6350138121546962
1625,peak_1625_msfinder_1,"6-hydroxy-5-{7-hydroxy-6-methyl-1H,3H-furo[3,4-c]pyridin-1-yl}-1,3-dimethyl-2-sulfanylidene-1,2,3,4-tetrahydropyrimidin-4-one","InChI=1S/C14H15N3O4S/c1-6-10(18)8-7(4-15-6)5-21-11(8)9-12(19)16(2)14(22)17(3)13(9)20/h4,11,18-19H,5H2,1-3H3",C14H16N3O4S,M+H,322.08560314942,3.9153772989908835,0.6886730685290265
1627,C01735,Morphinone,"InChI=1S/C17H17NO3/c1-18-7-6-17-10-3-5-13(20)16(17)21-15-12(19)4-2-9(14(15)17)8-11(10)18/h2-5,10-11,16,19H,6-8H2,1H3",C17H17NNaO3,M+Na,306.11006141105,3.9153772989908835,0.028815054395766038
1629,peak_1629_sirius_1_msfinder_1,Paprazine,"InChI=1S/C17H17NO3/c19-15-6-1-13(2-7-15)5-10-17(21)18-12-11-14-3-8-16(20)9-4-14/h1-10,19-20H,11-12H2,(H,18,21)",C17H18NO3,M+H,284.12811941105,3.9153772989908835,0.9437174226461129
1635,peak_1635_msfinder_1,"11-[(5-hydroxy-4-oxo-6-{[4-(3-phenylprop-2-en-1-yl)piperazin-1-yl]methyl}-4H-pyran-2-yl)methyl]-7,11-diazatricyclo[7.3.1.0?,?]trideca-2,4-dien-6-one","InChI=1S/C31H36N4O4/c36-28-17-26(21-34-18-24-16-25(20-34)27-9-4-10-30(37)35(27)19-24)39-29(31(28)38)22-33-14-12-32(13-15-33)11-5-8-23-6-2-1-3-7-23/h1-10,17,24-25,38H,11-16,18-22H2",C31H37N4O4,M+H,529.28093165628,5.667720031738283,0.34507678410117437
1636,NPA003789,Diplodiatoxin,"InChI=1S/C18H28O4/c1-10-7-11(2)15-13(8-10)9-12(3)16(17(21)22)18(15,4)14(20)5-6-19/h9-11,13,15-16,19H,5-8H2,1-4H3,(H,21,22)",C18H28NaO4,M+Na,331.18797738072,5.667720031738283,0.4621513944223108
1637,NPA003789,Diplodiatoxin,"InChI=1S/C18H28O4/c1-10-7-11(2)15-13(8-10)9-12(3)16(17(21)22)18(15,4)14(20)5-6-19/h9-11,13,15-16,19H,5-8H2,1-4H3,(H,21,22)",C18H29O4,M+H,309.20603538072,5.667720031738283,0.6281481481481481
1639,peak_1639_sirius_1,"(2E,4E,6E,8E)-5,6-bis(ethenyl)undeca-2,4,6,8,10-pentaene-2,9-diol","InChI=1S/C15H18O2/c1-5-13(9-8-12(4)16)14(6-2)10-11-15(17)7-3/h5-11,16-17H,1-3H2,4H3",C18H27O3,M+IsoProp+H,291.19601981928,5.667720031738283,0.41264287380452525
1644,peak_1644_metfrag_8,hydroperoxymethyl(phosphanylimino)phosphane,"InChI=1S/CH5NO2P2/c3-4-1-6-2-5/h3H,1,5H2",CH6NO2P2,M+H,125.98682840156,3.493851979573567,0.23636040518926604
1645,peak_1645_metfrag_1,"tert-butyl N-[(3aR,5R,6S,7R,7aR)-5-[[tert-butyl(dimethyl)silyl]oxymethyl]-7-fluoro-6-phenylmethoxy-5,6,7,7a-tetrahydro-3aH-pyrano[3,2-d][1,3]thiazol-2-yl]-N-methylcarbamate","InChI=1S/C26H41FN2O5SSi/c1-25(2,3)34-24(30)29(7)23-28-20-19(27)21(31-15-17-13-11-10-12-14-17)18(33-22(20)35-23)16-32-36(8,9)26(4,5)6/h10-14,18-22H,15-16H2,1-9H3",C26H42FN2O5SSi,M+H,541.2562242999201,5.387286376953133,0.04566823371390194
1647,VF-NPL-QEHF009xxx_5,3-hydroxy-2-octylpentanedioic acid,"InChI=1S/C13H24O5/c1-2-3-4-5-6-7-8-10(13(17)18)11(14)9-12(15)16/h10-11,14H,2-9H2,1H3,(H,15,16)(H,17,18)",C26H49O10,2M+H,521.33202374274,5.387286376953133,0.7564294839748931
1648,C10497,Feruloylputrescine,"InChI=1S/C14H20N2O3/c1-19-13-10-11(4-6-12(13)17)5-7-14(18)16-9-3-2-8-15/h4-7,10,17H,2-3,8-9,15H2,1H3,(H,16,18)",C14H20N2NaO3,M+Na,287.13661051216997,2.0473452250162834,0.8355860846443608
1650,C10497,Feruloylputrescine,"InChI=1S/C14H20N2O3/c1-19-13-10-11(4-6-12(13)17)5-7-14(18)16-9-3-2-8-15/h4-7,10,17H,2-3,8-9,15H2,1H3,(H,16,18)",C14H21N2O3,M+H,265.15466851216996,2.0473452250162834,0.9622941346431667
1652,peak_1652_metfrag_1,(Z)-3-cyclohexyl-2-[[hydroxy-[4-(methoxymethoxy)butyl]phosphoryl]methyl]prop-2-enoic acid,"InChI=1S/C16H29O6P/c1-21-13-22-9-5-6-10-23(19,20)12-15(16(17)18)11-14-7-3-2-4-8-14/h11,14H,2-10,12-13H2,1H3,(H,17,18)(H,19,20)",C16H30O6P,M+H,349.17745165051,8.379287719726566,0.006254886630179812
1655,NPA004613,Tychonamide B,"InChI=1S/C72H105N13O19/c1-9-41(5)59-67(98)79-52(39-86)64(95)75-48(10-2)63(94)81-60(42(6)87)68(99)77-50(28-27-44-20-13-11-14-21-44)70(101)84-32-17-24-53(84)65(96)78-51(37-47(36-46(89)35-45-22-15-12-16-23-45)104-72(103)56(34-40(3)4)82(8)43(7)88)61(92)69(100)76-49(29-30-57(73)90)62(93)74-38-58(91)83-31-19-26-55(83)71(102)85-33-18-25-54(85)66(97)80-59/h10-16,20-23,40-42,46-47,49-56,59-61,86-87,89,92H,9,17-19,24-39H2,1-8H3,(H2,73,90)(H,74,93)(H,75,95)(H,76,100)(H,77,99)(H,78,96)(H,79,98)(H,80,97)(H,81,94)",C72H107N13O19,M+2H,728.889760106785,5.9658137003580665,0.7629432786584808
1657,NPA013048,IC202C,"InChI=1S/C23H44N6O7/c24-14-4-1-8-18-28(35)22(32)12-11-21(31)26-16-6-3-9-19-29(36)23(33)13-10-20(30)25-15-5-2-7-17-27-34/h17,34-36H,1-16,18-19,24H2,(H,25,30)(H,26,31)",C23H45N6O7,M+H,517.33442378169,5.9658137003580665,0.7908938391275981
1658,NPA000728,Cyclo(Pro-Phe-Pro-Phe),"InChI=1S/C28H32N4O4/c33-25-23-13-8-16-32(23)28(36)22(18-20-11-5-2-6-12-20)30-26(34)24-14-7-15-31(24)27(35)21(29-25)17-19-9-3-1-4-10-19/h1-6,9-12,21-24H,7-8,13-18H2,(H,29,33)(H,30,34)",C28H32N4NaO4,M+Na,511.23157352736,5.9658137003580665,0.00710339384372527
1659,C05465,Taurochenodeoxycholate,"InChI=1S/C26H45NO6S/c1-16(4-7-23(30)27-12-13-34(31,32)33)19-5-6-20-24-21(9-11-26(19,20)3)25(2)10-8-18(28)14-17(25)15-22(24)29/h16-22,24,28-29H,4-15H2,1-3H3,(H,27,30)(H,31,32,33)",C26H46NO6S,M+H,500.30403534659996,5.9658137003580665,0.03275986401565878
1660,NPA029104,Clonocoprogen C,"InChI=1S/C49H84N6O14/c1-5-6-7-8-9-10-11-12-13-14-15-16-17-24-43(59)50-41(23-20-29-54(67)44(60)32-36(2)25-30-56)49(65)69-31-26-37(3)33-45(61)53(66)27-18-21-39-47(63)52-40(48(64)51-39)22-19-28-55(68)46(62)34-38(4)42(58)35-57/h32-34,39-42,56-58,66-68H,5-31,35H2,1-4H3,(H,50,59)(H,51,64)(H,52,63)",C49H86N6O14,M+2H,491.30955170394003,5.9658137003580665,0.2225373547315994
1661,NPA000430,(E)-lowdenic acid,"InChI=1S/C26H40O6/c1-4-5-6-7-8-9-10-11-13-19(2)14-12-16-26(3)17-15-20(32-26)23-24(29)21(18-22(27)28)31-25(23)30/h15,17,19,21H,4-14,16,18H2,1-3H3,(H,27,28)",C26H40NaO6,M+Na,471.27170700662003,5.9658137003580665,0.006831767719897686
1662,NPA017833,"2-{5-[(1E)-3-methylbuta-1,3-dien-1-yl]-1H-indol-3-yl}ethanol","InChI=1S/C15H17NO/c1-11(2)3-4-12-5-6-15-14(9-12)13(7-8-17)10-16-15/h3-6,9-10,16-17H,1,7-8H2,2H3",C30H35N2O2,2M+H,455.26930434382,5.9658137003580665,0.9763421292083713
1663,NPA013972,Bisucaberin B,"InChI=1S/C18H34N4O7/c19-11-3-1-4-12-20-15(23)7-8-16(24)21(28)13-5-2-6-14-22(29)17(25)9-10-18(26)27/h28-29H,1-14,19H2,(H,20,23)(H,26,27)",C18H35N4O7,M+H,419.25002545053,5.9658137003580665,0.7946887665597968
1664,NPA016366,TMC-89B,"InChI=1S/C21H36N4O9/c1-9(2)6-13(16(29)21(7-26)8-34-21)23-19(32)14(11(4)27)25-20(33)15(12(5)28)24-18(31)10(3)17(22)30/h9-15,26-28H,6-8H2,1-5H3,(H2,22,30)(H,23,32)(H,24,31)(H,25,33)",C21H38N4O9,M+2H,245.13139037706497,5.9658137003580665,0.8517478948711406
1667,NPA006581,Halymecin F,"InChI=1S/C50H88O20/c1-7-11-15-19-36(23-34(54)25-43(56)57)66-45(59)29-40(65-33(6)53)28-39(22-18-14-10-4)68-44(58)26-35(55)24-37(20-16-12-8-2)67-46(60)30-41(27-38(64-32(5)52)21-17-13-9-3)69-50-49(63)48(62)47(61)42(31-51)70-50/h34-42,47-51,54-55,61-63H,7-31H2,1-6H3,(H,56,57)",C50H90O20,M+2H,505.30072361381997,4.54593404134115,0.8040683566523827
1668,peak_1668_sirius_1,"Ethanol, 2,2'-(decylimino)bis-","InChI=1S/C14H31NO2/c1-2-3-4-5-6-7-8-9-10-15(11-13-16)12-14-17/h16-17H,2-14H2,1H3",C14H32NO2,M+H,246.24275524269999,4.54593404134115,0.7063793103448276
1669,peak_1669_metfrag_1,(E)-N-(dichloromethyl)ethanimine,"InChI=1S/C3H5Cl2N/c1-2-6-3(4)5/h2-3H,1H3",C3H6Cl2N,M+H,125.98718052958,2.946732838948567,0.3491964099352953
1671,C04102,1-Palmitoylglycerophosphocholine,"InChI=1S/C24H50NO7P/c1-5-6-7-8-9-10-11-12-13-14-15-16-17-18-24(27)30-21-23(26)22-32-33(28,29)31-20-19-25(2,3)4/h23,26H,5-22H2,1-4H3",C24H51NO7P,M+H,496.33976595134,7.6472539265950505,0.9327903400353136
1672,SM821201_1,"4-Amino-N,N-dimethylbenzenesulfonamide","InChI=1S/C8H12N2O2S/c1-10(2)13(11,12)8-5-3-7(9)4-6-8/h3-6H,9H2,1-2H3",C16H25N4O4S2,2M+H,401.13117361832,7.6472539265950505,0.41249403910348115
1673,peak_1673_msfinder_1,"4-amino-2-[(4-amino-6-anilino-1,3,5-triazin-2-yl)methylthio]-5-pyrimidinecarboxylic acid ethyl ester","InChI=1S/C17H18N8O2S/c1-2-27-14(26)11-8-20-17(24-13(11)18)28-9-12-22-15(19)25-16(23-12)21-10-6-4-3-5-7-10/h3-8H,2,9H2,1H3,(H2,18,20,24)(H3,19,21,22,23,25)",C17H19N8O2S,M+H,399.13461902911996,7.6472539265950505,0.034309322795042285
1674,peak_1674_msfinder_1,methyl(octadecyl)amine,"InChI=1S/C19H41N/c1-3-4-5-6-7-8-9-10-11-12-13-14-15-16-17-18-19-20-2/h20H,3-19H2,1-2H3",C19H42N,M+H,284.33117632586,7.6472539265950505,0.6485998193315267
1675,peak_1675_msfinder_2,MINEs-105362,"InChI=1S/C10H12N6O3/c11-1-4-6(17)7(18)10(19-4)16-3-15-5-8(12)13-2-14-9(5)16/h2-4,6,10,17H,1,11H2,(H2,12,13,14)",C10H13N6O3,M+H,265.10436427204996,6.046015930175783,0.5495321959273528
1676,peak_1676_msfinder_1,"6-(4-oxo-2-phenyl-4H-3,1-benzoxazin-6-yl)-2-phenyl-4H-3,1-benzoxazin-4-one",InChI=1S/C28H16N2O4/c31-27-21-15-19(11-13-23(21)29-25(33-27)17-7-3-1-4-8-17)20-12-14-24-22(16-20)28(32)34-26(30-24)18-9-5-2-6-10-18/h1-16H,C28H17N2O4,M+H,445.11828300281996,7.534524536132817,0.0073582455634106925
1677,peak_1677_msfinder_1,N-(4-acetamidophenyl)-2-[(2-oxo-4-phenyl-2H-chromen-7-yl)oxy]acetamide,"InChI=1S/C25H20N2O5/c1-16(28)26-18-7-9-19(10-8-18)27-24(29)15-31-20-11-12-21-22(17-5-3-2-4-6-17)14-25(30)32-23(21)13-20/h2-14H,15H2,1H3,(H,26,28)(H,27,29)",C25H21N2O5,M+H,429.14449775131,7.534524536132817,0.6344547840610832
1691,peak_1691_sirius_1,3-(3-cyclopropylphenyl)-4-(5-cyclopropyl-2-propan-2-ylpyrazol-3-yl)-N-[(5-ethylsulfinylpyridin-2-yl)methyl]pyrrolidine-1-carboxamide,"InChI=1S/C31H39N5O2S/c1-4-39(38)26-13-12-25(32-17-26)16-33-31(37)35-18-27(24-7-5-6-23(14-24)21-8-9-21)28(19-35)30-15-29(22-10-11-22)34-36(30)20(2)3/h5-7,12-15,17,20-22,27-28H,4,8-11,16,18-19H2,1-3H3,(H,33,37)",C32H42N5O4S,M+CH2O2+H,592.29520245266,3.7028086344401,0.6952004517221908
1692,NPA003681,Pezizolide D,"InChI=1S/C14H18O5/c1-3-4-10-9(8-18-12(10)16)5-6-14(2)7-11(15)13(17)19-14/h3-4,11,15H,5-8H2,1-2H3",C14H19O5,M+H,267.12269967799,5.99022165934245,0.4488873435326842
1693,peak_1693_msfinder_1,octodrine,"InChI=1S/C8H19N/c1-7(2)5-4-6-8(3)9/h7-8H,4-6,9H2,1-3H3",C8H20N,M+H,130.1590256168,5.99022165934245,0.6290915455977595
1694,C03139,N-Amidino-L-aspartate,"InChI=1S/C5H9N3O4/c6-5(7)8-2(4(11)12)1-3(9)10/h2H,1H2,(H,9,10)(H,11,12)(H4,6,7,8)",C5H10N3O4,M+H,176.06658178164,0.833923784891765,0.2933308390234778
1697,peak_1697_sirius_1,"1,4,7,10-Tetraazacyclododecane-1,4,7,10-tetrakis(N-methylacetamide)","InChI=1S/C20H40N8O4/c1-21-17(29)13-25-5-7-26(14-18(30)22-2)9-11-28(16-20(32)24-4)12-10-27(8-6-25)15-19(31)23-3/h5-16H2,1-4H3,(H,21,29)(H,22,30)(H,23,31)(H,24,32)",C22H43N9NaO4,M+ACN+Na,520.33301680292,2.88612060546875,0.5916817956758541
1703,peak_1703_msfinder_1,octodrine,"InChI=1S/C8H19N/c1-7(2)5-4-6-8(3)9/h7-8H,4-6,9H2,1-3H3",C8H20N,M+H,130.1590256168,2.10386187235515,0.6389251726068297
1711,C05827,Methylimidazole acetaldehyde,"InChI=1S/C6H8N2O/c1-8-4-6(2-3-9)7-5-8/h3-5H,2H2,1H3",C6H9N2O,M+H,125.07093888627,5.978090922037767,0.8674625304984316
1712,peak_1712_metfrag_1,(E)-N-(dichloromethyl)ethanimine,"InChI=1S/C3H5Cl2N/c1-2-6-3(4)5/h2-3H,1H3",C3H6Cl2N,M+H,125.98718052958,3.9669898986816334,0.3069327731092436
1717,peak_1717_metfrag_1,(E)-N-(dichloromethyl)ethanimine,"InChI=1S/C3H5Cl2N/c1-2-6-3(4)5/h2-3H,1H3",C3H6Cl2N,M+H,125.98718052958,5.276346842447917,0.2657889323184529
1719,peak_1719_msfinder_1,beta-D-Glcp-(1->3)-6-deoxy-alpha-L-Talp2Me-(1->3)-beta-D-GlcpO[CH2]5NH2,"InChI=1S/C24H45NO15/c1-10-13(28)20(40-23-17(32)16(31)14(29)11(8-26)38-23)21(34-2)24(36-10)39-19-15(30)12(9-27)37-22(18(19)33)35-7-5-3-4-6-25/h10-24,26-33H,3-9,25H2,1-2H3",C24H46NO15,M+H,588.2861957483301,4.761236063639316,0.7150837988826816
1720,NPA017129,Cytochalasin K,"InChI=1S/C32H37NO6/c1-18-10-9-13-23-29-31(5,39-29)20(3)27-24(17-22-11-7-6-8-12-22)33-30(37)32(23,27)26(36)15-14-25(35)28(19(2)16-18)38-21(4)34/h6-9,11-16,18,20,23-24,27-29H,10,17H2,1-5H3,(H,33,37)",C32H37NNaO6,M+Na,554.25130591436,4.761236063639316,0.8819540955990735
1721,peak_1721_msfinder_1,"N-cyclopentyl-2-{[hydroxy({9-oxo-10,20-diazapentacyclo[11.7.0.0?,??.0?,?.0??,??]icosa-1(13),3,5,7,14,16,18-heptaen-11-yl})methylidene]amino}-4-(methylsulfanyl)butanimidic acid","InChI=1S/C29H32N4O3S/c1-37-15-14-23(27(34)30-17-8-2-3-9-17)32-28(35)24-16-21-18-10-6-7-13-22(18)31-25(21)26-19-11-4-5-12-20(19)29(36)33(24)26/h4-7,10-13,17,23-24,26,31H,2-3,8-9,14-16H2,1H3,(H,30,34)(H,32,35)",C29H33N4O3S,M+H,517.2267880821901,4.761236063639316,0.42535392535392536
1723,D04101,"Ethyl 2-cyano-3,3-diphenylacrylate","InChI=1S/C18H15NO2/c1-2-21-18(20)16(13-19)17(14-9-5-3-6-10-14)15-11-7-4-8-12-15/h3-12H,2H2,1H3",C36H31N2O4,2M+H,555.22783345404,5.256284077962233,0.27536700510896983
1724,C21268,6'-Oxo-G418,"InChI=1S/C20H38N4O10/c1-6(25)14-11(27)10(26)9(23)18(32-14)33-15-7(21)4-8(22)16(12(15)28)34-19-13(29)17(24-3)20(2,30)5-31-19/h7-19,24,26-30H,4-5,21-23H2,1-3H3",C20H39N4O10,M+H,495.26606943815995,5.256284077962233,0.34167844404064884
1725,peak_1725_sirius_1,20-Beta-Hydroxyscutione,"InChI=1S/C28H34O4/c1-15-12-25(3)14-22(30)28(6,32)13-21(25)27(5)10-9-26(4)18(23(15)27)8-7-17-16(2)24(31)20(29)11-19(17)26/h7-8,11,21,31-32H,9-10,12-14H2,1-6H3",C28H38NO4,M+NH4,452.2795325741,5.256284077962233,0.24255181347150268
1730,peak_1730_sirius_1,2-(3-Phenyl-2-propynyl)styrene,"InChI=1S/C17H14/c1-2-16-12-6-7-13-17(16)14-8-11-15-9-4-3-5-10-15/h2-7,9-10,12-13H,1,14H2",C17H15,M+H,219.11682645122,6.169417826334634,0.32391082616931377
1731,peak_1731_sirius_1_metfrag_13_msfinder_1,"3-methyl-2-({[2,3,4-trihydroxy-5-(hydroxymethyl)oxolan-2-yl]methyl}amino)pentanoic acid","InChI=1S/C12H23NO7/c1-3-6(2)8(11(17)18)13-5-12(19)10(16)9(15)7(4-14)20-12/h6-10,13-16,19H,3-5H2,1-2H3,(H,17,18)",C12H24NO7,M+H,294.15472808271,0.8598841349283849,0.9340514976353127
1732,NPA002778,CI-4,"InChI=1S/C11H19N5O2/c12-11(13)14-5-1-3-7-10(18)16-6-2-4-8(16)9(17)15-7/h7-8H,1-6H2,(H,15,17)(H4,12,13,14)",C11H19N5NaO2,M+Na,276.14309287366,0.8598841349283849,0.08370819479757485
1739,peak_1739_metfrag_8,"6-[(2Z)-2-[(2E)-2-[2-hydroxy-3-[(E)-2-(1,3,3-trimethylindol-1-ium-2-yl)ethenyl]cyclohex-2-en-1-ylidene]ethylidene]-3,3-dimethyl-1H-inden-1-yl]hexanoic acid","InChI=1S/C38H45NO3/c1-37(2)30-18-10-9-17-28(30)29(16-7-6-8-21-35(40)41)31(37)24-22-26-14-13-15-27(36(26)42)23-25-34-38(3,4)32-19-11-12-20-33(32)39(34)5/h9-12,17-20,22-25,29H,6-8,13-16,21H2,1-5H3,(H,40,41)",C38H47NO3,M+H,565.3550453457201,8.0259501139323,0.02902453620586476
1740,NPA003375,Aeruginosin DA511,"InChI=1S/C27H33N3O7/c28-25(35)23-13-17-5-10-20(33)14-22(17)30(23)27(37)21(11-15-1-6-18(31)7-2-15)29-26(36)24(34)12-16-3-8-19(32)9-4-16/h1-4,6-9,17,20-24,31-34H,5,10-14H2,(H2,28,35)(H,29,36)",C27H33N3NaO7,M+Na,534.2210684138701,4.87708841959635,0.04366703882892953
1742,peak_1742_metfrag_1,(E)-N-(dichloromethyl)ethanimine,"InChI=1S/C3H5Cl2N/c1-2-6-3(4)5/h2-3H,1H3",C3H6Cl2N,M+H,125.98718052958,4.87708841959635,0.3117302644861699
1743,peak_1743_msfinder_1,5-cyclopropyl-N-(diaminomethylidene)-1-quinolin-5-ylpyrazole-4-carboxamide,"InChI=1S/C17H16N6O/c18-17(19)22-16(24)12-9-21-23(15(12)10-6-7-10)14-5-1-4-13-11(14)3-2-8-20-13/h1-5,8-10H,6-7H2,(H4,18,19,22,24)",C17H17N6O,M+H,321.14583516183,5.5562881469726495,0.6335735875377819
1744,peak_1744_msfinder_1,octodrine,"InChI=1S/C8H19N/c1-7(2)5-4-6-8(3)9/h7-8H,4-6,9H2,1-3H3",C8H20N,M+H,130.1590256168,5.5562881469726495,0.5868150684931507
1746,peak_1746_metfrag_1,(E)-N-(dichloromethyl)ethanimine,"InChI=1S/C3H5Cl2N/c1-2-6-3(4)5/h2-3H,1H3",C3H6Cl2N,M+H,125.98718052958,5.375175984700517,0.36143867924528306
1750,peak_1750_sirius_1,2-[2-[2-[2-(4-Ethenoxybutoxy)ethoxy]ethoxy]ethoxy]ethanol,"InChI=1S/C14H28O6/c1-2-16-6-3-4-7-17-9-11-19-13-14-20-12-10-18-8-5-15/h2,15H,1,3-14H2",C16H32NO6,M+ACN+H,334.22241161986,2.6571935017903665,0.321264367816092
1751,peak_1751_sirius_1,"7-(3,5-dimethylphenyl)-2-(4-fluorophenyl)imidazo[1,2-a]pyrazin-8(7H)-one","InChI=1S/C29H33N5O4S/c1-18-9-11-21(12-10-18)17-30-29(35)27-26(28-31-19(2)15-20(3)34(28)32-27)22-13-14-24(38-4)25(16-22)39(36,37)33-23-7-5-6-8-23/h9-16,23,33H,5-8,17H2,1-4H3,(H,30,35)",C32H42N5O5S,M+IsoProp+H,608.29066573842,3.6076838175455666,0.4389017788089714
1752,peak_1752_msfinder_1,(2S)-2-[[2-[(2-amino-1-oxoethyl)amino]-1-oxoethyl]amino]-5-[(1-oxo-2-phosphonoethyl)amino]pentanoic acid,"InChI=1S/C11H21N4O8P/c12-4-8(16)14-5-9(17)15-7(11(19)20)2-1-3-13-10(18)6-24(21,22)23/h7H,1-6,12H2,(H,13,18)(H,14,16)(H,15,17)(H,19,20)(H2,21,22,23)",C11H22N4O8P,M+H,369.11697664953,1.4449092864990234,0.6942998264584168
1753,C05581,3-Methoxy-4-hydroxyphenylacetaldehyde,"InChI=1S/C9H10O3/c1-12-9-6-7(4-5-10)2-3-8(9)11/h2-3,5-6,11H,4H2,1H3",C9H11O3,M+H,167.07027018101,1.4449092864990234,0.6031635264014886
1755,peak_1755_sirius_1,"9,10,13-trihydroxyoctadeca-11,15-dienoic acid","InChI=1S/C18H32O5/c1-2-3-7-10-15(19)13-14-17(21)16(20)11-8-5-4-6-9-12-18(22)23/h3,7,13-17,19-21H,2,4-6,8-12H2,1H3,(H,22,23)",C18H36NO5,M+NH4,346.25879712921,4.683821614583334,0.26311354539709286
1756,NPA002135,Tanzawaic acid E,"InChI=1S/C18H26O3/c1-12-8-9-14-11-18(3,21)10-13(2)17(14)15(12)6-4-5-7-16(19)20/h4-9,12-15,17,21H,10-11H2,1-3H3,(H,19,20)",C18H27O3,M+H,291.19547069669,5.74884084065755,0.3787696019300363
1757,peak_1757_msfinder_1,methyl(octadecyl)amine,"InChI=1S/C19H41N/c1-3-4-5-6-7-8-9-10-11-12-13-14-15-16-17-18-19-20-2/h20H,3-19H2,1-2H3",C19H42N,M+H,284.33117632586,7.469050089518233,0.6479946524064171
1763,peak_1763_sirius_1,,"InChI=1S/C22H46O6/c1-3-5-7-9-11-23-13-15-25-17-19-27-21-22-28-20-18-26-16-14-24-12-10-8-6-4-2/h3-22H2,1-2H3",C22H50NO6,M+NH4,424.3632622,8.854092407226567,0.6884558740228843
1765,peak_1765_metfrag_1,(E)-N-(dichloromethyl)ethanimine,"InChI=1S/C3H5Cl2N/c1-2-6-3(4)5/h2-3H,1H3",C3H6Cl2N,M+H,125.98718052958,5.978090922037767,0.3387891934529679
1767,peak_1767_metfrag_3,"4-[[9-(cyclohexylmethyl)-3-methylidene-5-(4-phenoxypiperidin-1-yl)sulfanyl-1,5,9-triazacyclododec-1-yl]sulfanyl]-N,N-dimethylaniline","InChI=1S/C36H55N5OS2/c1-31-28-40(43-36-18-16-33(17-19-36)37(2)3)24-10-22-38(30-32-12-6-4-7-13-32)23-11-25-41(29-31)44-39-26-20-35(21-27-39)42-34-14-8-5-9-15-34/h5,8-9,14-19,32,35H,1,4,6-7,10-13,20-30H2,2-3H3",C36H56N5OS2,M+H,638.39207976317,4.87708841959635,0.3831775700934579
1768,NPA002536,quinocinnolinomycin C,"InChI=1S/C24H35N3O3/c1-4-17(2)11-9-7-5-6-8-10-12-19(28)14-13-18-15-20-22(29)16-21(25-3)24(30)23(20)27-26-18/h13-17,19,25,28H,4-12H2,1-3H3",C24H35N3NaO3,M+Na,436.25706000005,4.87708841959635,0.006541754159263502
1771,peak_1771_msfinder_1,"(15a,20R)-Dihydroxypregn-4-en-3-one 20-[glucosyl-(1->4)-6-acetyl-glucoside]","InChI=1S/C35H54O14/c1-15(21-12-22(39)25-19-6-5-17-11-18(38)7-9-34(17,3)20(19)8-10-35(21,25)4)46-32-30(44)28(42)31(24(48-32)14-45-16(2)37)49-33-29(43)27(41)26(40)23(13-36)47-33/h11,15,19-33,36,39-44H,5-10,12-14H2,1-4H3",C35H55O14,M+H,699.3586324144001,6.7452138264974,0.3042150274893096
1773,peak_1773_metfrag_1,"[7-[4-[4-(2,3-dihydro-1-benzothiophen-4-yl)piperazin-1-yl]butoxy]quinolin-2-yl] (6Z,9Z,12Z,15Z)-octadeca-6,9,12,15-tetraenoate","InChI=1S/C43H55N3O3S/c1-2-3-4-5-6-7-8-9-10-11-12-13-14-15-16-22-43(47)49-42-26-24-36-23-25-37(35-39(36)44-42)48-33-18-17-28-45-29-31-46(32-30-45)40-20-19-21-41-38(40)27-34-50-41/h3-4,6-7,9-10,12-13,19-21,23-26,35H,2,5,8,11,14-18,22,27-34H2,1H3",C43H56N3O3S,M+H,694.40368981905,6.7452138264974,0.4504068390153466
1775,peak_1775_metfrag_1,"[3-[5-(2,4-difluorophenyl)-3,3a,4,5,6,6a-hexahydro-2H-pyrrolo[3,2-b]pyrrol-1-yl]-4-methyl-1,2,3,4-tetrahydropyridin-6-yl]-methylsulfanium","InChI=1S/C19H25F2N3S/c1-11-7-19(25-2)22-10-18(11)24-6-5-15-17(24)9-16(23-15)13-4-3-12(20)8-14(13)21/h3-4,7-8,11,15-18,22-23H,5-6,9-10H2,1-2H3",C19H27F2N3S,M+H,367.18882635113,8.149152119954433,0.5146005509641873
1779,peak_1779_msfinder_1,UNPD174657,"InChI=1S/C28H36O5/c1-15-14-23(33-25(31)16(15)2)17(3)28(32)13-11-19-18-6-7-21-22(29)8-9-24(30)27(21,5)20(18)10-12-26(19,28)4/h7-9,17,20,22-23,29,32H,6,10-14H2,1-5H3",C28H37O5,M+H,453.26355025813,4.7550298055013,0.6495027269810716
1784,peak_1784_metfrag_1,(5S)-5-hydroxy-6-[4-[3-[4-[2-(1-hydroxycyclohexyl)ethynyl]-3-methylphenyl]pentan-3-yl]-2-methylphenoxy]hexanoic acid,"InChI=1S/C33H44O5/c1-5-33(6-2,27-14-13-26(24(3)21-27)17-20-32(37)18-8-7-9-19-32)28-15-16-30(25(4)22-28)38-23-29(34)11-10-12-31(35)36/h13-16,21-22,29,34,37H,5-12,18-19,23H2,1-4H3,(H,35,36)",C33H45O5,M+H,521.3261505159701,8.068462626139317,0.4439484126984127
1786,C00148,L-Proline,"InChI=1S/C5H9NO2/c7-5(8)4-2-1-3-6-4/h4,6H,1-3H2,(H,7,8)",C5H10NO2,M+H,116.07060453364001,1.2416071573893235,0.8763633403874328
1787,peak_1787_metfrag_11,"5-methyl-3-phenyl-2-(4-phenyl-5-propylsulfanyl-1,2,4-triazol-3-yl)-1H-indole","InChI=1S/C26H24N4S/c1-3-16-31-26-29-28-25(30(26)20-12-8-5-9-13-20)24-23(19-10-6-4-7-11-19)21-17-18(2)14-15-22(21)27-24/h4-15,17,27H,3,16H2,1-2H3",C26H25N4S,M+H,425.17944396564,1.8956344604492166,0.06593095642331637
1788,peak_1788_sirius_1,"4-hydroxy-4-(4-hydroxy-3-{[3,4,5-trihydroxy-6-(hydroxymethyl)oxan-2-yl]oxy}but-1-en-1-yl)-3,5,5-trimethylcyclohex-2-en-1-one","InChI=1S/C19H30O9/c1-10-6-11(22)7-18(2,3)19(10,26)5-4-12(8-20)27-17-16(25)15(24)14(23)13(9-21)28-17/h4-6,12-17,20-21,23-26H,7-9H2,1-3H3",C19H34NO9,M+NH4,420.22280554303,1.8956344604492166,0.03576688407321693
1789,C16151,"2,6-Dihydroxy-N-methylmyosmine","InChI=1S/C10H12N2O2/c1-12-6-2-3-8(12)7-4-5-9(13)11-10(7)14/h3-5H,2,6H2,1H3,(H2,11,13,14)",C20H25N4O4,2M+H,385.18703126952,1.8956344604492166,0.06416159215802764
1790,C02533,Dehydrovomifoliol,"InChI=1S/C13H18O3/c1-9-7-11(15)8-12(3,4)13(9,16)6-5-10(2)14/h5-7,16H,8H2,1-4H3",C13H19O3,M+H,223.13287043884998,1.8956344604492166,0.6466036113499569
1794,NPA012401,N-butylbenzenesulphonamide,"InChI=1S/C10H15NO2S/c1-2-3-9-11-14(12,13)10-7-5-4-6-8-10/h4-8,11H,2-3,9H2,1H3",C10H16NO2S,M+H,214.08962590142,0.8098675409952799,0.8996036988110965
1796,peak_1796_msfinder_1,abacavir 5'-carboxylic acid,"InChI=1S/C14H16N6O2/c15-14-18-11(17-8-2-3-8)10-12(19-14)20(6-16-10)9-4-1-7(5-9)13(21)22/h1,4,6-9H,2-3,5H2,(H,21,22)(H3,15,17,18,19)",C14H17N6O2,M+H,301.14074978139996,8.316846211751301,0.5732305536089699
1797,peak_1797_sirius_1,"5-Ethylidene-7-methyl-3-methylideneocta-1,6-dien-4-one","InChI=1S/C12H16O/c1-6-10(5)12(13)11(7-2)8-9(3)4/h6-8H,1,5H2,2-4H3",C13H21O2,M+CH3OH+H,209.15360413525,2.802932993570967,0.2860262008733625
1798,LU04930x_1,Diacetone acrylamide,"InChI=1S/C9H15NO2/c1-5-8(12)10-9(3,4)6-7(2)11/h5H,1,6H2,2-4H3,(H,10,12)",C9H16NO2,M+H,170.11755472701998,2.802932993570967,0.050266114725014854
1799,peak_1799_msfinder_1,Montiporyne E,"InChI=1S/C7H11NO/c1-6-3-2-4-8-7(9)5-6/h5H,2-4H2,1H3,(H,8,9)",C7H12NO,M+H,126.09133997853,2.802932993570967,0.6808423635248415
1800,peak_1800_metfrag_1,[(2R)-2-amino-3-oxo-3-(tetradecylamino)propyl] dihydrogen phosphate,"InChI=1S/C17H37N2O5P/c1-2-3-4-5-6-7-8-9-10-11-12-13-14-19-17(20)16(18)15-24-25(21,22)23/h16H,2-15,18H2,1H3,(H,19,20)(H2,21,22,23)",C17H38N2O5P,M+H,381.25128529764,5.630950927734366,0.03742769649540667
1802,peak_1802_sirius_1,N-[[1-(cyclopentylmethyl)cyclobutyl]methyl]cyclopropanamine,"InChI=1S/C14H25N/c1-2-5-12(4-1)10-14(8-3-9-14)11-15-13-6-7-13/h12-13,15H,1-11H2",C15H30NO,M+CH3OH+H,240.23218881018,5.630950927734366,0.2710245364300432
1804,peak_1804_sirius_1,N-[5-[[4-[5-[acetyl(hydroxy)amino]pentylamino]-4-oxobutanoyl]-hydroxyamino]pentyl]-N'-butyl-N'-hydroxybutanediamide,"InChI=1S/C24H45N5O8/c1-3-4-17-28(36)23(33)13-11-21(31)26-16-8-6-10-19-29(37)24(34)14-12-22(32)25-15-7-5-9-18-27(35)20(2)30/h35-37H,3-19H2,1-2H3,(H,25,32)(H,26,31)",C25H50N5O9,M+CH3OH+H,564.36030242906,2.9957394917805997,0.7022405660377358
1806,C10073,Hyperin,"InChI=1S/C21H20O12/c22-6-13-15(27)17(29)18(30)21(32-13)33-20-16(28)14-11(26)4-8(23)5-12(14)31-19(20)7-1-2-9(24)10(25)3-7/h1-5,13,15,17-18,21-27,29-30H,6H2",C21H20NaO12,M+Na,487.08469407944,3.0892979939778664,0.5088976767177459
1807,C10073,Hyperin,"InChI=1S/C21H20O12/c22-6-13-15(27)17(29)18(30)21(32-13)33-20-16(28)14-11(26)4-8(23)5-12(14)31-19(20)7-1-2-9(24)10(25)3-7/h1-5,13,15,17-18,21-27,29-30H,6H2",C21H21O12,M+H,465.10275207944,3.0892979939778664,0.8177029442197348
1808,peak_1808_msfinder_1,"1-(3,5-dimethoxyphenyl)-3-({5-[3-(3,4-dimethoxyphenyl)-1-methyl-1H-pyrazol-5-yl]-1-azabicyclo[2.2.2]octan-2-yl}methyl)thiourea","InChI=1S/C29H37N5O4S/c1-33-26(15-25(32-33)19-6-7-27(37-4)28(11-19)38-5)24-17-34-9-8-18(24)10-21(34)16-30-29(39)31-20-12-22(35-2)14-23(13-20)36-3/h6-7,11-15,18,21,24H,8-10,16-17H2,1-5H3,(H2,30,31,39)",C29H38N5O4S,M+H,552.2639018673401,4.552262878417967,0.9036953422053232
1810,peak_1810_msfinder_1,"2-({2,2-dimethyl-5-oxo-2H,3H,5H,9bH-[1,3]thiazolo[2,3-a]isoindol-3-yl}formamido)-N-(1-hydroxy-3-methylbutan-2-yl)-3-(1H-indol-3-yl)propanamide","InChI=1S/C29H34N4O4S/c1-16(2)23(15-34)32-25(35)22(13-17-14-30-21-12-8-7-9-18(17)21)31-26(36)24-29(3,4)38-28-20-11-6-5-10-19(20)27(37)33(24)28/h5-12,14,16,22-24,28,30,34H,13,15H2,1-4H3,(H,31,36)(H,32,35)",C29H35N4O4S,M+H,535.23735276622,4.552262878417967,0.7917817679558011
1811,C14230,4-Hydroxybenzophenone,"InChI=1S/C13H10O2/c14-12-8-6-11(7-9-12)13(15)10-4-2-1-3-5-10/h1-9,14H",C13H11O2,M+H,199.07535556144,5.091240437825517,0.9526183376816996
1813,peak_1813_metfrag_2,methyl 4-[[2-[4-(4-methoxyphenyl)piperazin-1-ium-1-yl]acetyl]amino]butanoate,"InChI=1S/C18H27N3O4/c1-24-16-7-5-15(6-8-16)21-12-10-20(11-13-21)14-17(22)19-9-3-4-18(23)25-2/h5-8H,3-4,9-14H2,1-2H3,(H,19,22)",C18H29N3O4,M+H,351.21525739401,5.033634440104167,0.0179655256130129
1814,NPA004556,Cephalosporolide H,"InChI=1S/C18H30O4/c1-4-5-6-7-8-9-13-10-11-18(21-13)12-14-15(22-18)17(2,3)16(19)20-14/h13-15H,4-12H2,1-3H3",C18H31O4,M+H,311.22168544517996,5.033634440104167,0.052896725440806036
1815,C10903,Cinmethylin,"InChI=1S/C18H26O2/c1-13(2)18-10-9-17(4,20-18)16(11-18)19-12-15-8-6-5-7-14(15)3/h5-8,13,16H,9-12H2,1-4H3",C18H27O2,M+H,275.20055607712,5.033634440104167,0.0014753614635587553
1816,NPA002961,Decarestrictine L,"InChI=1S/C9H16O3/c1-6(10)5-9-8(11)4-3-7(2)12-9/h7-9,11H,3-5H2,1-2H3",C9H17O3,M+H,173.11722037439,5.033634440104167,0.06407606448945846
1817,NPA009620,Dendryphiellic acid A,"InChI=1S/C9H14O2/c1-3-8(2)6-4-5-7-9(10)11/h4-8H,3H2,1-2H3,(H,10,11)",C9H15O2,M+H,155.10665569036,5.033634440104167,0.009329940627650468
1818,peak_1818_sirius_1,(Pent-4-yn-1-yl)cyclopropane,"InChI=1S/C8H12/c1-2-3-4-5-8-6-7-8/h1,8H,3-7H2",C8H13,M+H,109.10117638676,5.033634440104167,0.2884578079534431
1819,peak_1819_sirius_1_msfinder_1,2-{2-[2-(2-hydroxyethoxy)ethoxy]ethoxy}ethan-1-ol,"InChI=1S/C8H18O5/c9-1-3-11-5-7-13-8-6-12-4-2-10/h9-10H,1-8H2",C8H19O5,M+H,195.12269967799,1.5915322621663417,0.9612420269312545
1820,NPA021092,Rubradirin B,"InChI=1S/C40H33N3O15/c1-14-10-16(3)34(33(50)36(51)40(4)13-41-26-31(48)19-11-15(2)29(46)24(28(14)45)23(19)32(49)35(26)58-40)57-38(53)25-21(44)9-8-20(42-25)37(52)43-27-30(47)18-7-6-17(55-5)12-22(18)56-39(27)54/h6-12,16,33-34,41,44,46-47,50H,13H2,1-5H3,(H,43,52)",C40H34N3O15,M+H,796.19844337043,2.164780680338533,0.9740471938290839
1821,peak_1821_msfinder_1,"12-oxo-N-(4-phenyl-2-thiazolyl)-7,8,9,10-tetrahydro-6H-azepino[2,1-b]quinazoline-3-carboxamide","InChI=1S/C23H20N4O2S/c28-21(26-23-25-19(14-30-23)15-7-3-1-4-8-15)16-10-11-17-18(13-16)24-20-9-5-2-6-12-27(20)22(17)29/h1,3-4,7-8,10-11,13-14H,2,5-6,9,12H2,(H,25,26,28)",C23H21N4O2S,M+H,417.13797307586,2.164780680338533,0.6516624040920715
1822,C01518,Nigerose,"InChI=1S/C12H22O11/c13-1-3-5(15)7(17)8(18)12(22-3)23-10-6(16)4(2-14)21-11(20)9(10)19/h3-20H,1-2H2",C12H22NaO11,M+Na,365.10542952432996,2.164780680338533,0.0032345013477088624
1823,C00389,Quercetin,"InChI=1S/C15H10O7/c16-7-4-10(19)12-11(5-7)22-15(14(21)13(12)20)6-1-2-8(17)9(18)3-6/h1-5,16-19,21H",C15H11O7,M+H,303.04992865929,2.164780680338533,0.6579959981529937
1825,peak_1825_metfrag_2,"N-[3-[(3Z,5E)-6-[1-[5-[5-(3-cyclohexylprop-1-en-2-ylamino)pyridin-3-yl]-2H-pyrazolo[3,4-b]pyridin-3-yl]ethenylamino]-5-methylhepta-1,3,5-trien-4-yl]-5-fluorophenyl]-N',N'-dimethylethane-1,2-diamine","InChI=1S/C40H49FN8/c1-8-12-37(31-18-34(41)22-35(19-31)43-15-16-49(6)7)27(3)28(4)46-29(5)39-38-21-33(24-44-40(38)48-47-39)32-20-36(25-42-23-32)45-26(2)17-30-13-10-9-11-14-30/h8,12,18-25,30,43,45-46H,1-2,5,9-11,13-17H2,3-4,6-7H3,(H,44,47,48)",C40H50FN8,M+H,661.4136977774401,8.846146647135416,0.26624704956726986
1826,peak_1826_sirius_1,Hexaethylene glycol monododecyl ether,"InChI=1S/C24H50O7/c1-2-3-4-5-6-7-8-9-10-11-13-26-15-17-28-19-21-30-23-24-31-22-20-29-18-16-27-14-12-25/h25H,2-24H2,1H3",C24H54NO7,M+NH4,468.38947694848997,8.846146647135416,0.7295163979988882
1829,NPA021054,Bu-2545,"InChI=1S/C16H30N2O6S/c1-8(23-3)10(17-15(22)9-6-5-7-18(9)2)14-12(20)11(19)13(21)16(24-14)25-4/h8-14,16,19-21H,5-7H2,1-4H3,(H,17,22)",C16H31N2O6S,M+H,379.18973386758,8.355023193359367,0.8852373500260824
1835,peak_1835_msfinder_1,"2-[6-hydroxy-5-({[(2-methoxyethyl)carbamoyl]amino}methyl)-hexahydrofuro[3,2-b]furan-2-yl]-N-[(1-methyl-1H-pyrazol-4-yl)methyl]acetamide","InChI=1S/C18H29N5O6/c1-23-10-11(8-22-23)7-20-15(24)6-12-5-13-17(28-12)16(25)14(29-13)9-21-18(26)19-3-4-27-2/h8,10,12-14,16-17,25H,3-7,9H2,1-2H3,(H,20,24)(H2,19,21,26)",C18H30N5O6,M+H,412.21905967424,2.796682993570967,0.7033189033189033
1836,C03081,4-Methylumbelliferone,"InChI=1S/C10H8O3/c1-6-4-10(12)13-9-5-7(11)2-3-8(6)9/h2-5,11H,1H3",C10H9O3,M+H,177.05462011654998,2.6967079162597667,0.6313663505444327
1838,peak_1838_sirius_1,,"InChI=1S/C20H42O5/c1-2-3-4-5-6-7-8-9-10-11-13-22-15-17-24-19-20-25-18-16-23-14-12-21/h21H,2-20H2,1H3",C20H46NO5,M+NH4,380.33704745151,8.872353108723965,0.6955602536997886
1844,C07432,Phenmetrazine,"InChI=1S/C11H15NO/c1-9-11(13-8-7-12-9)10-5-3-2-4-6-10/h2-6,9,11-12H,7-8H2,1H3",C11H16NO,M+H,178.12264010745,1.4188967386881517,0.8666918786045192
1849,C09143,Pedilstatin,"InChI=1S/C30H40O7/c1-7-8-9-10-11-12-24(33)36-27-18(3)29(35)22-13-17(2)25(34)21(22)14-20(16-31)15-23(29)26-28(5,6)30(26,27)37-19(4)32/h9-13,15,18,21-23,26-27,31,35H,7-8,14,16H2,1-6H3",C30H44NO7,M+NH4,530.31122662619,6.356059773763017,0.3668556879990742
1850,C09143,Pedilstatin,"InChI=1S/C30H40O7/c1-7-8-9-10-11-12-24(33)36-27-18(3)29(35)22-13-17(2)25(34)21(22)14-20(16-31)15-23(29)26-28(5,6)30(26,27)37-19(4)32/h9-13,15,18,21-23,26-27,31,35H,7-8,14,16H2,1-6H3",C30H41O7,M+H,513.28467962619,6.356059773763017,0.681867184131091
1851,peak_1851_sirius_1,"N,N-bis(cyanomethyl)-3-ethylsulfanyl-1,2,4-triazole-1-carboxamide","InChI=1S/C9H10N6OS/c1-2-17-8-12-7-15(13-8)9(16)14(5-3-10)6-4-11/h7H,2,5-6H2,1H3",C10H13N6O3S,M+CH2O2+H,297.07643590285,6.356059773763017,0.6813483860709175
1858,NPA008610,Mycobactin J,"InChI=1S/C45H71N5O9/c1-5-7-8-9-10-11-12-13-14-15-16-17-21-30-39(51)49(56)31-24-23-29-37(47-42(53)40-34(4)58-43(48-40)35-26-19-18-20-27-35)45(55)59-38(6-2)33(3)41(52)46-36-28-22-25-32-50(57)44(36)54/h18-21,26-27,30,33-34,36-38,40,56-57H,5-17,22-25,28-29,31-32H2,1-4H3,(H,46,52)(H,47,53)",C45H71N5NaO9,M+Na,848.51439688661,8.143112691243482,0.968599587439835
1859,NPA003275,Staphylopeptide A,"InChI=1S/C20H34N6O6/c1-5-10(4)16-20(32)25-12(7-14(21)27)18(30)23-11(6-9(2)3)17(29)24-13(8-15(22)28)19(31)26-16/h9-13,16H,5-8H2,1-4H3,(H2,21,27)(H2,22,28)(H,23,30)(H,24,29)(H,25,32)(H,26,31)",C20H34N6NaO6,M+Na,477.24320083981996,8.143112691243482,0.9296552933953162
1860,NPA011952,Cyclipostin E,"InChI=1S/C23H41O7P/c1-20-22-21(18-27-23(22)25)19-29-31(26,30-20)28-17-15-13-11-9-7-5-3-2-4-6-8-10-12-14-16-24/h21,24H,2-19H2,1H3",C23H42O7P,M+H,461.26626665683995,8.143112691243482,0.0021727322107549796
1862,peak_1862_sirius_1,"4-[(1S,5S,8R,9S,10R,13S,14S,17S)-17-hydroxy-10,13-dimethyl-3-oxo-1,2,4,5,6,7,8,9,11,12,14,15,16,17-tetradecahydrocyclopenta[a]phenanthren-1-yl]but-2-ynyl propanoate","InChI=1S/C26H38O4/c1-4-24(29)30-14-6-5-7-17-15-19(27)16-18-8-9-20-21-10-11-23(28)25(21,2)13-12-22(20)26(17,18)3/h17-18,20-23,28H,4,7-16H2,1-3H3",C28H42NO4,M+ACN+H,456.31083270301997,8.143112691243482,0.2964666021297192
1864,NPA011777,Isochromophilone V,"InChI=1S/C19H23ClO4/c1-5-11(2)8-12(3)6-7-13-9-14-15(10-24-13)17(21)19(4,23)18(22)16(14)20/h6-11,17,21,23H,5H2,1-4H3",C19H24ClO4,M+H,351.13576290157,6.9439936319986995,0.7858293075684379
1865,C17700,Validoxylamine A,"InChI=1S/C14H25NO8/c16-3-5-1-7(11(20)13(22)9(5)18)15-8-2-6(4-17)10(19)14(23)12(8)21/h1,6-23H,2-4H2",C14H26NO8,M+H,336.16529276674,6.9439936319986995,0.529952915610286
1866,NPA005391,MF-EA-705α,"InChI=1S/C20H22O2/c1-4-5-11-18-15-16(2)13-14-19(18)17(3)10-8-6-7-9-12-20(21)22/h4-11,13-15H,1,12H2,2-3H3,(H,21,22)",C20H23O2,M+H,295.1692559482,6.9439936319986995,0.3094910591471801
1867,C14335,Pyrene,InChI=1S/C16H10/c1-3-11-7-9-13-5-2-6-14-10-8-12(4-1)15(11)16(13)14/h1-10H,C19H19O,M+IsoProp+H,263.1435903223,6.9439936319986995,0.9860583969035361
1868,C19488,"7,12-Dimethylbenz[a]anthracene","InChI=1S/C20H16/c1-13-16-8-5-6-9-17(16)14(2)20-18(13)12-11-15-7-3-4-10-19(15)20/h3-12H,1-2H3",C20H18,M+2H,129.06987625783998,6.9439936319986995,0.0027707808564232383
1871,peak_1871_msfinder_1,"1-({3-methyl-4-[(5-phenyl-1,3,4-oxadiazol-2-yl)methyl]-6-(propan-2-yl)cyclohex-2-en-1-yl}methyl)-4-(pyridin-2-yl)piperazine","InChI=1S/C29H37N5O/c1-21(2)26-18-24(19-28-31-32-29(35-28)23-9-5-4-6-10-23)22(3)17-25(26)20-33-13-15-34(16-14-33)27-11-7-8-12-30-27/h4-12,17,21,24-26H,13-16,18-20H2,1-3H3",C29H38N5O,M+H,472.30708683423,6.470401509602866,0.4086666666666666
1872,peak_1872_metfrag_3,"N-(2,2-dimethoxyethyl)-2-[4-(2,3-dimethylbutan-2-yl)-1-ethoxycyclohexyl]oxypropan-1-amine","InChI=1S/C21H43NO4/c1-9-25-21(26-17(4)14-22-15-19(23-7)24-8)12-10-18(11-13-21)20(5,6)16(2)3/h16-19,22H,9-15H2,1-8H3",C21H44NO4,M+H,374.3264848686,6.470401509602866,0.024079320113314373
1873,peak_1873_metfrag_8,"3-ethylidene-N-(2-methoxyethyl)-2-methyl-4-[5-[5-[4-(oxepan-4-ylidenemethyl)benzoyl]cyclooct-4-en-1-yl]pent-3-enylidene]cyclohexa-1,5-diene-1-carboxamide","InChI=1S/C40H49NO4/c1-4-37-30(2)38(40(43)41-25-28-44-3)23-22-34(37)15-7-5-6-11-31-12-8-16-35(17-9-13-31)39(42)36-20-18-33(19-21-36)29-32-14-10-26-45-27-24-32/h4-7,15-16,18-23,29,31H,8-14,17,24-28H2,1-3H3",C40H51NO4,M+H,609.3812600942101,8.00594380696615,0.31052956933855347
1874,C14439,Tributyl phosphate,"InChI=1S/C12H27O4P/c1-4-7-10-14-17(13,15-11-8-5-2)16-12-9-6-3/h4-12H2,1-3H3",C12H28O4P,M+H,267.17197234690997,7.60628763834635,0.9166706969096097
1875,peak_1875_metfrag_2,"2-chlorocyclohexa-2,5-diene-1,4-dione;hydron",InChI=1S/C6H3ClO2/c7-5-3-4(8)1-2-6(5)9/h1-3H,C6H5ClO2,M+H,143.99725805006,0.9020694732666017,0.2769461077844312
1876,NPA003532,Chinikomycin A,"InChI=1S/C31H37ClN2O6/c1-5-6-11-19(2)16-20(3)17-21(4)31(40)33-23-18-26(37)22(28(32)30(23)39)12-9-7-8-10-13-27(38)34-29-24(35)14-15-25(29)36/h7-10,12-13,16-19,35,37,39H,5-6,11,14-15H2,1-4H3,(H,33,40)(H,34,38)",C31H38ClN2O6,M+H,569.2412906007901,3.7288564046224,0.7530085959885386
1877,peak_1877_sirius_1,"3,6,9,12,15-pentaoxaheptadecane-1,17-diol","InChI=1S/C12H26O7/c13-1-3-15-5-7-17-9-11-19-12-10-18-8-6-16-4-2-14/h13-14H,1-12H2",C12H30NO7,M+NH4,300.20167617497,2.122330729166667,0.6623908591139377
1878,peak_1878_sirius_1_metfrag_9_msfinder_1,2-amino-4-[(1-carboxy-2-phenylethyl)carbamoyl]butanoic acid,"InChI=1S/C14H18N2O5/c15-10(13(18)19)6-7-12(17)16-11(14(20)21)8-9-4-2-1-3-5-9/h1-5,10-11H,6-8,15H2,(H,16,17)(H,18,19)(H,20,21)",C14H19N2O5,M+H,295.12884768684995,2.122330729166667,0.968361314731615
1879,peak_1879_sirius_1_msfinder_1,"3,6,9,12,15-pentaoxaheptadecane-1,17-diol","InChI=1S/C12H26O7/c13-1-3-15-5-7-17-9-11-19-12-10-18-8-6-16-4-2-14/h13-14H,1-12H2",C12H27O7,M+H,283.17512917497,2.122330729166667,0.9811026352288488
1880,SM836003_1,Indoline,"InChI=1S/C8H9N/c1-2-4-8-7(3-1)5-6-9-8/h1-4,9H,5-6H2",C8H10N,M+H,120.0807752945,2.122330729166667,0.01503871351995234
1884,peak_1884_msfinder_1,9-[2-(piperidin-1-yl)ethyl]-9H-purin-6-amine,"InChI=1S/C12H18N6/c13-11-10-12(15-8-14-11)18(9-16-10)7-6-17-4-2-1-3-5-17/h8-9H,1-7H2,(H2,13,14,15)",C12H19N6,M+H,247.16657060671997,1.3947114308675133,0.669586745381832
1887,peak_1887_sirius_1,"3,3'-[[[(3,6-Dioxo-1,4-cyclohexadienyl)methyl]imino]bismethylene]-[9,9'-trimethylenebis(9H-carbazole)]","InChI=1S/C36H29N3O2/c40-27-12-15-36(41)26(20-27)23-37-21-24-10-13-34-30(18-24)28-6-1-3-8-32(28)38(34)16-5-17-39-33-9-4-2-7-29(33)31-19-25(22-37)11-14-35(31)39/h1-4,6-15,18-20H,5,16-17,21-23H2",C37H34N3O3,M+CH3OH+H,568.2594661871,4.048831685384116,0.7212663454920853
1889,peak_1889_sirius_1,"[(2R,3R,4S,5S,6S)-3,4,5-triacetyloxy-6-[2-[2-(2-prop-2-ynoxyethoxy)ethoxy]ethoxy]oxan-2-yl]methyl acetate","InChI=1S/C23H34O13/c1-6-7-28-8-9-29-10-11-30-12-13-31-23-22(35-18(5)27)21(34-17(4)26)20(33-16(3)25)19(36-23)14-32-15(2)24/h1,19-23H,7-14H2,2-5H3",C24H39O14,M+CH3OH+H,551.23343015023,4.048831685384116,0.6954787234042553
1891,peak_1891_msfinder_1,antifungalmycin n2,"InChI=1S/C7H9NO/c1-5-7(2)3-6(8-7)4-9-5/h3,8H,1,4H2,2H3",C7H10NO,M+H,124.07568991407,2.7092979431152333,0.6473272490221643
1893,NPA008685,Marinoquinoline E,"InChI=1S/C19H13N3/c1-3-7-16-13(6-1)15(11-21-16)19-18-14(9-10-20-18)12-5-2-4-8-17(12)22-19/h1-11,20-21H",C38H27N6,2M+H,567.22917086456,4.492119344075517,0.7165209644189543
1894,peak_1894_msfinder_1,Cochinchinenene A;(+)-Cochinchinenene A,"InChI=1S/C33H34O6/c1-36-28-16-10-24(11-17-28)29(18-12-25-9-15-27(35)21-30(25)37-2)33-31(38-3)19-23(20-32(33)39-4)6-5-22-7-13-26(34)14-8-22/h5-11,13-17,19-21,29,34-35H,12,18H2,1-4H3",C33H35O6,M+H,527.2428148132401,4.492119344075517,0.6262604819021336
1896,VF-NPL-QEHF0128xx_4,"2-[(2R,4aS,8S,8aS)-8-[2-[(4aS,7R,8aR)-7-(1-carboxyethenyl)-1-hydroxy-4a-methyl-2-oxo-6,7,8,8a-tetrahydro-5H-naphthalen-1-yl]ethyl]-4a-methyl-7-oxo-1,2,3,4,8,8a-hexahydronaphthalen-2-yl]prop-2-enoic acid","InChI=1S/C30H38O7/c1-17(26(33)34)19-5-10-28(3)12-8-23(31)21(22(28)15-19)7-14-30(37)24-16-20(18(2)27(35)36)6-11-29(24,4)13-9-25(30)32/h8-9,12-13,19-22,24,37H,1-2,5-7,10-11,14-16H2,3-4H3,(H,33,34)(H,35,36)",C30H39O7,M+H,511.26902956173,4.492119344075517,0.01613987895090785
1897,peak_1897_sirius_1,"2-[4-(2-hydroxyethyl)-2,6-dimethoxyphenoxy]-6-(hydroxymethyl)oxane-3,4,5-triol","InChI=1S/C16H24O9/c1-22-9-5-8(3-4-17)6-10(23-2)15(9)25-16-14(21)13(20)12(19)11(7-18)24-16/h5-6,11-14,16-21H,3-4,7H2,1-2H3",C16H24NaO9,M+Na,383.13125034965,2.0165035247802665,0.3175604626708728
1898,peak_1898_msfinder_1,"1-[(3,4-dihydroxy-5-{[3-(pyridin-4-yl)-1,2,4-oxadiazol-5-yl]methyl}oxolan-2-yl)methyl]-3-(propan-2-yl)urea","InChI=1S/C17H23N5O5/c1-9(2)20-17(25)19-8-12-15(24)14(23)11(26-12)7-13-21-16(22-27-13)10-3-5-18-6-4-10/h3-6,9,11-12,14-15,23-24H,7-8H2,1-2H3,(H2,19,20,25)",C17H24N5O5,M+H,378.17719486129,2.0165035247802665,0.8391545495427972
1899,NPA015059,Not named,"InChI=1S/C11H24N4O3/c1-6(2)3-8(10(14)17)15-11(18)9(16)4-7(13)5-12/h6-9,16H,3-5,12-13H2,1-2H3,(H2,14,17)(H,15,18)",C11H24N4NaO3,M+Na,283.17405864995,2.0165035247802665,0.5059648329281392
1900,NPA001039,Corynechromone F,"InChI=1S/C14H16O6/c1-7(15)2-10-6-11(17)14-8(4-13(18)19)3-9(16)5-12(14)20-10/h3,5,7,10,15-16H,2,4,6H2,1H3,(H,18,19)",C14H16NaO6,M+Na,303.0839062331,1.4188967386881517,0.011786038077969296
1901,peak_1901_msfinder_1,"2-(3,4-dimethylphenoxy)ethanethioic acid S-(4-methylphenyl) ester","InChI=1S/C17H18O2S/c1-12-4-8-16(9-5-12)20-17(18)11-19-15-7-6-13(2)14(3)10-15/h4-10H,11H2,1-3H3",C17H19O2S,M+H,287.11002699368,1.4188967386881517,0.8487363494539781
1902,C17951,N-Acetylbialaphos,"InChI=1S/C13H24N3O7P/c1-7(11(18)15-8(2)13(20)21)14-12(19)10(16-9(3)17)5-6-24(4,22)23/h7-8,10H,5-6H2,1-4H3,(H,14,19)(H,15,18)(H,16,17)(H,20,21)(H,22,23)",C13H24N3NaO7P,M+Na,388.12440512221997,1.100019709269205,0.9835331106307722
1903,peak_1903_sirius_1,"2-{[3,4,5-trihydroxy-6-(hydroxymethyl)oxan-2-yl]oxy}benzoic acid","InChI=1S/C13H16O8/c14-5-8-9(15)10(16)11(17)13(21-8)20-7-4-2-1-3-6(7)12(18)19/h1-4,8-11,13-17H,5H2,(H,18,19)",C17H23N2O8,M+2ACN+H,383.14488747224004,1.100019709269205,0.26214771622934885
1904,C04076,L-2-Aminoadipate 6-semialdehyde,"InChI=1S/C6H11NO3/c7-5(6(9)10)3-1-2-4-8/h4-5H,1-3,7H2,(H,9,10)",C6H12NO3,M+H,146.08116921766998,1.100019709269205,0.7916777335104028
1905,C19915,Pyrazinoic acid,"InChI=1S/C5H4N2O2/c8-5(9)4-3-6-1-2-7-4/h1-3H,(H,8,9)",C10H9N4O4,2M+H,249.06183075383998,1.8154427846272834,0.052675332527206686
1906,C19717,"N,N-Dihydroxy-L-tryptophan","InChI=1S/C11H12N2O4/c14-11(15)10(13(16)17)5-7-6-12-9-4-2-1-3-8(7)9/h1-4,6,10,12,16-17H,5H2,(H,14,15)",C11H13N2O4,M+H,237.08698287389998,1.8154427846272834,0.018580403689346436
1908,peak_1908_msfinder_1,"3-cyclohexyl-1-[[(2R,3R)-5-[(2S)-1-hydroxypropan-2-yl]-3-methyl-6-oxo-9-[[oxo-(propan-2-ylamino)methyl]amino]-2,3,4,7-tetrahydro-1,5-benzoxazonin-2-yl]methyl]-1-methylurea","InChI=1S/C28H45N5O5/c1-18(2)29-27(36)30-23-11-12-24-21(13-23)14-26(35)33(20(4)17-34)15-19(3)25(38-24)16-32(5)28(37)31-22-9-7-6-8-10-22/h11-13,18-20,22,25,34H,6-10,14-17H2,1-5H3,(H,31,37)(H2,29,30,36)",C28H46N5O5,M+H,532.34934557035,7.43521626790365,0.8290592285533619
1909,peak_1909_metfrag_1,"tert-butyl (4R,9S)-4,5-diamino-7-benzyl-5,9-dihydroxy-3-methyl-6-oxo-11-phenylundecanoate","InChI=1S/C29H42N2O5/c1-20(17-25(33)36-28(2,3)4)26(30)29(31,35)27(34)23(18-22-13-9-6-10-14-22)19-24(32)16-15-21-11-7-5-8-12-21/h5-14,20,23-24,26,32,35H,15-19,30-31H2,1-4H3",C29H43N2O5,M+H,499.31664846037,8.0866958618164,0.4492447129909365
1911,C10400,Supinidine,"InChI=1S/C8H13NO/c10-6-7-3-5-9-4-1-2-8(7)9/h3,8,10H,1-2,4-6H2",C8H14NO,M+H,140.10699004299,2.15275955200195,0.6786091549295774
1913,peak_1913_sirius_1,Ac-Phe-Gly-Glu-Glu-Leu-OMe,"InChI=1S/C30H43N5O11/c1-17(2)14-23(30(45)46-4)35-29(44)21(11-13-26(40)41)34-28(43)20(10-12-25(38)39)33-24(37)16-31-27(42)22(32-18(3)36)15-19-8-6-5-7-9-19/h5-9,17,20-23H,10-16H2,1-4H3,(H,31,42)(H,32,36)(H,33,37)(H,34,43)(H,35,44)(H,38,39)(H,40,41)",C30H44N5O11,M+H,650.30318322331,3.9991752624511667,0.8510381611530891
1914,peak_1914_msfinder_1,"N6-[3-(propan-2-yloxy)propyl]-9H-purine-2,6-diamine","InChI=1S/C11H18N6O/c1-7(2)18-5-3-4-13-9-8-10(15-6-14-8)17-11(12)16-9/h6-7H,3-5H2,1-2H3,(H4,12,13,14,15,16,17)",C11H19N6O,M+H,251.16148522628998,3.9991752624511667,0.12075471698113216
1915,peak_1915_msfinder_1,1-[2-(2-pyrazol-1-ylethoxy)ethyl]pyrazole,"InChI=1S/C10H14N4O/c1-3-11-13(5-1)7-9-15-10-8-14-6-2-4-12-14/h1-6H,7-10H2",C10H15N4O,M+H,207.12403708851,3.8286315917968663,0.5713319810682894
1916,C21517,Perindoprilat,"InChI=1S/C17H28N2O5/c1-3-6-12(16(21)22)18-10(2)15(20)19-13-8-5-4-7-11(13)9-14(19)17(23)24/h10-14,18H,3-9H2,1-2H3,(H,21,22)(H,23,24)",C17H29N2O5,M+H,341.20709800915,7.702312215169267,0.7349803481190342
1917,C06427,"(9Z,12Z,15Z)-Octadecatrienoic acid","InChI=1S/C18H30O2/c1-2-3-4-5-6-7-8-9-10-11-12-13-14-15-16-17-18(19)20/h3-4,6-7,9-10H,2,5,8,11-17H2,1H3,(H,19,20)",C18H31O2,M+H,279.23185620604,7.702312215169267,0.6696330366963303
1923,NPA004656,Cylindrol A5,"InChI=1S/C27H37ClO6/c1-7-8-23(31)34-22(13-27(6)16(3)10-12-21(30)18(27)5)15(2)9-11-19-25(32)20(14-29)17(4)24(28)26(19)33/h9,14,16,18,22,32-33H,7-8,10-13H2,1-6H3",C27H38ClO6,M+H,493.23514259193,6.684174601236983,0.8908541291484435
1926,peak_1926_msfinder_1,CNP0449499,"InChI=1S/C18H19N5O2/c1-12-2-4-13(5-3-12)10-23-11-14(24)8-16(23)18-21-17(22-25-18)15-9-19-6-7-20-15/h2-7,9,14,16,24H,8,10-11H2,1H3",C18H20N5O2,M+H,338.16115087366,2.263949330647783,0.29810355849137016
1927,peak_1927_msfinder_1,N-[(5-{6-[4-(dimethylamino)phenyl]-2-methylpyrimidin-4-yl}-1-azabicyclo[2.2.2]octan-2-yl)methyl]-4-methoxybenzamide,"InChI=1S/C29H35N5O2/c1-19-31-27(20-5-9-23(10-6-20)33(2)3)16-28(32-19)26-18-34-14-13-22(26)15-24(34)17-30-29(35)21-7-11-25(36-4)12-8-21/h5-12,16,22,24,26H,13-15,17-18H2,1-4H3,(H,30,35)",C29H36N5O2,M+H,486.28635138934,6.077334594726566,0.6557206537890045
1928,peak_1928_msfinder_1,"N-[(2R,3R)-5-[(2S)-1-hydroxypropan-2-yl]-3-methyl-2-[[methyl(pyridin-4-ylmethyl)amino]methyl]-6-oxo-3,4-dihydro-2H-1,5-benzoxazocin-10-yl]-4-methylbenzenesulfonamide","InChI=1S/C29H36N4O5S/c1-20-8-10-24(11-9-20)39(36,37)31-26-7-5-6-25-28(26)38-27(18-32(4)17-23-12-14-30-15-13-23)21(2)16-33(29(25)35)22(3)19-34/h5-15,21-22,27,31,34H,16-19H2,1-4H3",C29H37N4O5S,M+H,553.24791745025,4.761236063639316,0.1534975369458128
1932,NPA007230,Luteoride C,"InChI=1S/C17H20N2O5/c1-17(22,10-20)7-6-11-4-3-5-13-12(9-18-15(11)13)8-14(19-23)16(21)24-2/h3-7,9,18,20,22-23H,8,10H2,1-2H3",C17H21N2O5,M+H,333.14449775131,3.9805107116699165,0.377003633254969
1933,NPA009136,Vertilecanin B Methy ester,"InChI=1S/C16H16N2O4/c1-22-14(19)10-18-16(21)13-8-7-12(9-17-13)15(20)11-5-3-2-4-6-11/h2-9,15,20H,10H2,1H3,(H,18,21)",C16H17N2O4,M+H,301.11828300281996,3.9805107116699165,0.014613778705636848
1934,C16507,(10S)-Juvenile hormone III diol phosphate,"InChI=1S/C16H29O7P/c1-12(7-6-8-13(2)11-15(17)22-5)9-10-14(16(3,4)18)23-24(19,20)21/h7,11,14,18H,6,8-10H2,1-5H3,(H2,19,20,21)",C16H30O7P,M+H,365.17236627008,6.937922668457033,0.8323139173802578
1939,peak_1939_msfinder_1,"tert-butyl N-{2-[2-methoxy-4-(propylamino)pyrazolo[1,5-a][1,3,5]triazin-8-yl]ethyl}carbamate","InChI=1S/C16H26N6O3/c1-6-8-17-13-21-14(24-5)20-12-11(10-19-22(12)13)7-9-18-15(23)25-16(2,3)4/h10H,6-9H2,1-5H3,(H,18,23)(H,17,20,21)",C16H27N6O3,M+H,351.21391472326997,4.712646484375,0.6409598827624107
1940,C09454,Frullanolide,"InChI=1S/C15H20O2/c1-9-5-4-7-15(3)8-6-11-10(2)14(16)17-13(11)12(9)15/h11,13H,2,4-8H2,1,3H3",C18H29O3,M+IsoProp+H,293.21166988374,4.712646484375,0.026831785345717285
1941,NPA009929,4-O-methyl erythrostominone,"InChI=1S/C18H18O8/c1-7(19)4-8-5-10(24-2)13-16(22)12-9(20)6-11(25-3)15(21)14(12)17(23)18(13)26-8/h6,8,10,22-23H,4-5H2,1-3H3",C18H18NaO8,M+Na,385.08938553670004,1.4509822845458984,0.02626262626262621
1942,NPA011429,Polanrazine C,"InChI=1S/C17H21N3O3S/c1-10(2)17(24-3)15(22)19-16(23,14(21)20-17)8-11-9-18-13-7-5-4-6-12(11)13/h4-7,9-10,18,23H,8H2,1-3H3,(H,19,22)(H,20,21)",C17H21N3NaO3S,M+Na,370.11958072323,1.4509822845458984,0.04933849864775963
1943,peak_1943_sirius_1,Decaloside,"InChI=1S/C15H22O9/c16-3-6-5-22-14(7-1-2-8(18)10(6)7)24-15-13(21)12(20)11(19)9(4-17)23-15/h1-2,5,7-21H,3-4H2",C15H26NO9,M+NH4,364.16020528519,1.4509822845458984,0.41440027894002784
1944,peak_1944_sirius_1,2-[[3-(ethoxycarbonylamino)-4-methylphenyl]carbamoyloxy]ethyl N-(3-acetamido-4-methylphenyl)carbamate,"InChI=1S/C23H28N4O7/c1-5-32-23(31)27-20-13-18(9-7-15(20)3)26-22(30)34-11-10-33-21(29)25-17-8-6-14(2)19(12-17)24-16(4)28/h6-9,12-13H,5,10-11H2,1-4H3,(H,24,28)(H,25,29)(H,26,30)(H,27,31)",C23H32N5O7,M+NH4,490.22962225715,2.8466102600097667,0.29661254199328113
1945,peak_1945_sirius_1,Ethyl 2-[4-(formamidomethyl)phenoxy]acetate,"InChI=1S/C12H15NO4/c1-2-16-12(15)8-17-11-5-3-10(4-6-11)7-13-9-14/h3-6,9H,2,7-8H2,1H3,(H,13,14)",C12H16NO4,M+H,238.10738396616,2.8466102600097667,0.2793803418803418
1946,NPA027040,Chevalone F,"InChI=1S/C26H36O4/c1-15-13-17(27)16-14-20-25(5)10-7-18-23(2,3)21(28)9-11-24(18,4)19(25)8-12-26(20,6)30-22(16)29-15/h13,18-20H,7-12,14H2,1-6H3",C26H38O4,M+2H,207.13795581928,2.8466102600097667,0.0042918454935623185
1947,peak_1947_sirius_1,,"InChI=1S/C13H14/c1-4-8-12-9-6-7-10-13(12)11(3)5-2/h4,6-10H,2H2,1,3H3",C13H17O,M+H2O+H,189.12739145122,2.8466102600097667,0.2531858619860543
1953,C05827,Methylimidazole acetaldehyde,"InChI=1S/C6H8N2O/c1-8-4-6(2-3-9)7-5-8/h3-5H,2H2,1H3",C6H9N2O,M+H,125.07093888627,4.742887878417966,0.7859114792056283
1954,NPA030498,Versicotide D,"InChI=1S/C23H22N4O4/c1-13-23(31)27-17-9-5-3-7-15(17)10-18(27)21(29)24-12-20(28)26-16-8-4-2-6-14(16)11-19(26)22(30)25-13/h2-9,13,18-19H,10-12H2,1H3,(H,24,29)(H,25,30)",C23H22N4NaO4,M+Na,441.15332320505996,1.8895243326823,0.04672057502246185
1955,NPA008866,Ganorbiformin G,"InChI=1S/C32H46O5/c1-19(28(35)36)9-11-25(37-21(3)33)20(2)22-13-17-32(8)24-10-12-26-29(4,5)27(34)15-16-30(26,6)23(24)14-18-31(22,32)7/h9-10,14,20,22,25-26H,11-13,15-18H2,1-8H3,(H,35,36)",C32H48O5,M+2H,256.174538290215,1.8895243326823,0.015359553176634844
1956,LU08620x_1,Pentaethylene glycol,"InChI=1S/C10H22O6/c11-1-3-13-5-7-15-9-10-16-8-6-14-4-2-12/h11-12H,1-10H2",C10H23O6,M+H,239.14891442648,1.8895243326823,0.9935059792508117
1957,peak_1957_msfinder_1,"30-amino-14-{[6-(ethylamino)piperidin-1-ium-3-yl]methyl}-9,22-dihydroxy-5,25-bis(hydroxymethyl)-32-{[2-(hydroxymethyl)but-2-enoyl]oxy}-13-methyl-7-oxo-4,12-dioxa-29??-azaheptacyclo[14.9.6.2??,??.0?,??.0?,?.0??,??.0??,??]tritriacontan-23-yl","InChI=1S/C46H76N4O10/c1-4-24(20-51)45(57)59-35-18-32-41(56)39-34(55)17-29(21-52)58-43(39)40-38-30-12-13-49-44(47)37(30)26(8-7-25-9-10-28(54)16-31(25)33(38)22-53)15-27(46(35,3)60-42(32)40)14-23-6-11-36(48-5-2)50-19-23/h4,23,25-33,35-44,48-54,56H,5-22,47H2,1-3H3",C46H53N4O10,M+H,821.37561988938,3.791702270507817,0.6697359101487403
1958,NPA003526,Torrubiellone B,"InChI=1S/C22H29NO6/c1-2-15(14-24)7-5-3-4-6-8-18(26)19-20(27)17(13-23-21(19)28)22(29)11-9-16(25)10-12-22/h3-8,13,15-16,24-25,29H,2,9-12,14H2,1H3,(H2,23,27,28)",C44H59N2O12,2M+H,807.40625131304,3.791702270507817,0.03379116591228337
1959,NPA005737,Curtisian D,"InChI=1S/C35H32O11/c1-20(36)19-29(42)46-35-31(25-12-16-27(40)17-13-25)33(44-22(3)38)32(43-21(2)37)30(24-10-14-26(39)15-11-24)34(35)45-28(41)18-9-23-7-5-4-6-8-23/h4-8,10-17,20,36,39-40H,9,18-19H2,1-3H3",C35H33O11,M+H,629.2017378466301,3.791702270507817,0.9843287546482508
1960,peak_1960_msfinder_1,"2-aminopentadec-4-ene-1,3-diol","InChI=1S/C15H31NO2/c1-2-3-4-5-6-7-8-9-10-11-12-15(18)14(16)13-17/h11-12,14-15,17-18H,2-10,13,16H2,1H3",C15H32NO2,M+H,258.24275524269996,7.137224833170566,0.683998927901367
1961,peak_1961_msfinder_1,UNPD23032,"InChI=1S/C12H16N2O9S/c13-4-1-2-5(6(3-4)24(14,20)21)22-12-9(17)7(15)8(16)10(23-12)11(18)19/h1-3,7-10,12,15-17H,13H2,(H,18,19)(H2,14,20,21)",C12H17N2O9S,M+H,365.06492727507003,2.239668273925783,0.038077106139933314
1964,peak_1964_msfinder_1,ethyl 4-[2-(furan-2-yl)ethenyl]-2-oxo-6-phenylcyclohex-3-ene-1-carboxylate,"InChI=1S/C21H20O4/c1-2-24-21(23)20-18(16-7-4-3-5-8-16)13-15(14-19(20)22)10-11-17-9-6-12-25-17/h3-12,14,18,20H,2,13H2,1H3",C21H21O4,M+H,337.14343512288,8.995965576171868,0.5677621283255085
1969,peak_1969_sirius_1,tert-butyl N-[6-[7-[(2-methylpropan-2-yl)oxycarbonylamino]heptylamino]hexyl]carbamate,"InChI=1S/C23H47N3O4/c1-22(2,3)29-20(27)25-18-14-9-7-8-12-16-24-17-13-10-11-15-19-26-21(28)30-23(4,5)6/h24H,7-19H2,1-6H3,(H,25,27)(H,26,28)",C27H54N5O4,M+2ACN+H,512.4170270063801,8.828911336263017,0.7425906735751295
1972,peak_1972_sirius_1_metfrag_8,"[2-hydroxy-3-[(9Z,11E,13E)-octadeca-9,11,13-trienoyl]oxypropyl] 2-(trimethylazaniumyl)ethyl phosphate","InChI=1S/C26H48NO7P/c1-5-6-7-8-9-10-11-12-13-14-15-16-17-18-19-20-26(29)32-23-25(28)24-34-35(30,31)33-22-21-27(2,3)4/h8-13,25,28H,5-7,14-24H2,1-4H3",C26H49NO7P,M+H,518.32411588688,6.840189107259117,0.7250768241263489
1973,peak_1973_msfinder_1,MINEs-154339,"InChI=1S/C21H37N/c1-20-12-4-3-5-15(20)6-8-17-18-9-7-16(11-14-22)21(18,2)13-10-19(17)20/h15-19H,3-14,22H2,1-2H3",C21H38N,M+H,304.29987619694,6.840189107259117,0.7262286601138127
1974,peak_1974_metfrag_1_msfinder_1,"(Z,2R,3R)-2-aminotetradec-7-ene-1,3-diol","InChI=1S/C14H29NO2/c1-2-3-4-5-6-7-8-9-10-11-14(17)13(15)12-16/h7-8,13-14,16-17H,2-6,9-12,15H2,1H3",C14H30NO2,M+H,244.22710517823998,6.840189107259117,0.9345905814772666
1977,peak_1977_sirius_1_msfinder_3,N-(1-Deoxy-1-Fructosyl)Phenylalanine,"InChI=1S/C15H21NO7/c17-7-11-12(18)13(19)15(22,23-11)8-16-10(14(20)21)6-9-4-2-1-3-5-9/h1-5,10-13,16-19,22H,6-8H2,(H,20,21)",C15H22NO7,M+H,328.13907801825,1.424936548868815,0.3656053498353129
1978,NPA001678,Bacillithiol,"InChI=1S/C13H22N2O10S/c14-4(3-26)11(21)15-8-10(20)9(19)6(2-16)25-13(8)24-5(12(22)23)1-7(17)18/h4-6,8-10,13,16,19-20,26H,1-3,14H2,(H,15,21)(H,17,18)(H,22,23)",C13H23N2O10S,M+H,399.10679208802,2.00855763753255,0.06689965052421365
1979,peak_1979_msfinder_1,2-[(1-aminocyclohexyl)formamido]-5-carbamimidamidopentanoic acid,"InChI=1S/C13H25N5O3/c14-12(15)17-8-4-5-9(10(19)20)18-11(21)13(16)6-2-1-3-7-13/h9H,1-8,16H2,(H,18,21)(H,19,20)(H4,14,15,17)",C13H26N5O3,M+H,300.20301568661,2.00855763753255,0.7201974496092143
1980,C00590,Coniferyl alcohol,"InChI=1S/C10H12O3/c1-13-10-7-8(3-2-6-11)4-5-9(10)12/h2-5,7,11-12H,6H2,1H3",C10H13O3,M+H,181.08592024547,2.00855763753255,0.8285243198680956
1981,peak_1981_msfinder_1,CNP0451161,"InChI=1S/C12H19N5O3/c1-15-7-16(2)11-9(15)10(14-12(19)17(11)3)13-6-5-8(18)20-4/h5-7H2,1-4H3,(H,13,14,19)",C12H20N5O3,M+H,282.15606549322996,1.20493418375651,0.6509706732755061
1986,peak_1986_sirius_1,2-Butyloctyl 4-(2-pentoxyethoxy)butanoate,"InChI=1S/C23H46O4/c1-4-7-10-11-15-22(14-9-6-3)21-27-23(24)16-13-18-26-20-19-25-17-12-8-5-2/h22H,4-21H2,1-3H3",C25H50NO4,M+ACN+H,428.37343296086,7.452497355143233,0.703708735226192
1989,peak_1989_metfrag_8,[1-[2-[[2-(1-cyclopropylsulfonylpyrazol-4-yl)pyrimidin-4-yl]amino]-5-[2-[6-[(dimethylamino)methyl]pyridin-3-yl]ethynyl]pyridin-4-yl]-4-methylpiperidin-4-yl]methanol,"InChI=1S/C32H37N9O3S/c1-32(22-42)11-14-40(15-12-32)28-16-30(35-18-24(28)6-4-23-5-7-26(34-17-23)21-39(2)3)37-29-10-13-33-31(38-29)25-19-36-41(20-25)45(43,44)27-8-9-27/h5,7,10,13,16-20,27,42H,8-9,11-12,14-15,21-22H2,1-3H3,(H,33,35,37,38)",C32H38N9O3S,M+H,628.2812832654901,5.250130208333333,0.2528186508694822
1991,NPA030852,Fusaridioic acid A,"InChI=1S/C18H30O6/c1-12(8-13(2)9-14(3)10-17(21)22)6-4-5-7-16(20)15(11-19)18(23)24/h9-10,12,15-16,19-20H,4-8,11H2,1-3H3,(H,21,22)(H,23,24)",C18H31O6,M-H4O2+H,307.19038568432,6.096091206868483,0.2604725034742903
1992,C05141,Estriol,"InChI=1S/C18H24O3/c1-18-7-6-13-12-5-3-11(19)8-10(12)2-4-14(13)15(18)9-16(20)17(18)21/h3,5,8,13-17,19-21H,2,4,6-7,9H2,1H3",C18H25O3,M+H,289.17982063223,6.096091206868483,0.6724983432736912
1993,peak_1993_sirius_1_msfinder_2,"2-amino-3-{1-[3,4,5-trihydroxy-6-(hydroxymethyl)oxan-2-yl]-1H-indol-3-yl}propanoic acid","InChI=1S/C17H22N2O7/c18-10(17(24)25)5-8-6-19(11-4-2-1-3-9(8)11)16-15(23)14(22)13(21)12(7-20)26-16/h1-4,6,10,12-16,20-23H,5,7,18H2,(H,24,25)",C17H23N2O7,M+H,367.14997705491,1.8334617614746167,0.8631959397108582
1994,peak_1994_sirius_1,(E)-1-Methoxy-2-isopropoxyethene,"InChI=1S/C6H12O2/c1-6(2)8-5-4-7-3/h4-6H,1-3H3",C8H16NO2,M+ACN+H,158.11755262589998,1.8334617614746167,0.7080781231942679
1995,VF-NPL-QEHF0029xx_2,N-Methylisoleucine,"InChI=1S/C7H15NO2/c1-4-5(2)6(8-3)7(9)10/h5-6,8H,4H2,1-3H3,(H,9,10)",C7H16NO2,M+H,146.11755472701998,1.8334617614746167,0.008804190348824181
2006,peak_2006_metfrag_1,"tert-butyl 4-[(5S)-4-[4-[[(5-tert-butyl-1-methylimidazole-2-carbonyl)amino]methyl]-3-methylphenyl]-5,6-dimethyl-6,7-dihydro-5H-cyclohepta[d]pyrimidin-8-yl]-3,6-dihydro-2H-pyridine-1-carboxylate","InChI=1S/C38H50N6O3/c1-23-17-29(26-13-15-44(16-14-26)36(46)47-38(7,8)9)19-30-32(25(23)3)33(42-22-41-30)27-11-12-28(24(2)18-27)20-40-35(45)34-39-21-31(43(34)10)37(4,5)6/h11-13,18-19,21-23,25H,14-17,20H2,1-10H3,(H,40,45)",C38H51N6O3,M+H,639.4017154967901,8.896743774414066,0.453147996729354
2010,peak_2010_sirius_1,"N,N-dimethyl-4-[2-(2-oxo-3-tetradecylimidazolidin-1-yl)ethyl]piperazine-1-carboxamide","InChI=1S/C26H51N5O2/c1-4-5-6-7-8-9-10-11-12-13-14-15-16-29-23-24-31(26(29)33)22-19-28-17-20-30(21-18-28)25(32)27(2)3/h4-24H2,1-3H3",C27H54N5O4,M+CH2O2+H,512.41703166502,8.977692667643232,0.707819782496116
2011,peak_2011_metfrag_1_msfinder_1,"(2S,3S,5E,9Z,12Z)-2-aminooctadeca-5,9,12-trien-3-ol","InChI=1S/C18H33NO/c1-3-4-5-6-7-8-9-10-11-12-13-14-15-16-18(20)17(2)19/h7-8,10-11,14-15,17-18,20H,3-6,9,12-13,16,19H2,1-2H3",C18H34NO,M+H,280.26349068759,8.977692667643232,0.7086383601756955
2014,peak_2014_sirius_1,"2,3-Diphenylpenta-2,4-dienoate","InChI=1S/C17H14O2/c1-2-15(13-9-5-3-6-10-13)16(17(18)19)14-11-7-4-8-12-14/h2-12H,1H2,(H,18,19)",C20H23O3,M+IsoProp+H,311.16471969036,7.822016398111983,0.4818079096045197
2015,C06358,Methyl cinnamate,"InChI=1S/C10H10O2/c1-12-10(11)8-7-9-5-3-2-4-6-9/h2-8H,1H3",C10H11O2,M+H,163.07535556144,7.822016398111983,0.012541806020066937
2016,NPA003535,Lansai B,"InChI=1S/C31H36N4O2/c1-8-29(2,3)18-13-14-22-20(15-18)31(5)17-24-26(37)34-23(25(36)35(24)28(31)33(22)7)16-30(4)19-11-9-10-12-21(19)32(6)27(30)34/h8-15,23-24,27-28H,1,16-17H2,2-7H3",C31H37N4O2,M+H,497.29110241714,7.5603291829426995,0.8293620292083013
2017,C02856,N3'-Acetylapramycin,"InChI=1S/C23H43N5O12/c1-6(30)28-9-3-7(24)14(31)17(34)19(9)38-21-8(25)4-10-20(39-21)16(33)13(27-2)22(36-10)40-23-18(35)15(32)12(26)11(5-29)37-23/h7-23,27,29,31-35H,3-5,24-26H2,1-2H3,(H,28,30)",C23H43N5NaO12,M+Na,604.2800398428801,4.539633687337233,0.9828209764918626
2018,peak_2018_msfinder_1,CNP0427016,"InChI=1S/C29H37N5O3/c1-32-18-21(24-6-4-5-7-25(24)32)19-34-15-14-26-28(34)29(36)31-17-22(33(26)2)10-13-27(35)30-16-20-8-11-23(37-3)12-9-20/h4-9,11-12,18,22,26,28H,10,13-17,19H2,1-3H3,(H,30,35)(H,31,36)",C29H38N5O3,M+H,504.29691607336997,4.539633687337233,0.6863719874635252
2020,peak_2020_sirius_1,"9,10,13-trihydroxyoctadeca-11,15-dienoic acid","InChI=1S/C18H32O5/c1-2-3-7-10-15(19)13-14-17(21)16(20)11-8-5-4-6-9-12-18(22)23/h3,7,13-17,19-21H,2,4-6,8-12H2,1H3,(H,22,23)",C18H33O5,M-H4O2+H,293.21112112921,5.03985544840495,0.25384615384615394
2021,peak_2021_msfinder_1,UNPD28675,"InChI=1S/C28H52N6O9/c1-12(2)10-17(23(37)34-22(16(9)36)28(42)43)30-26(40)20(14(5)6)32-24(38)18(11-35)31-27(41)21(15(7)8)33-25(39)19(29)13(3)4/h12-22,35-36H,10-11,29H2,1-9H3,(H,30,40)(H,31,41)(H,32,38)(H,33,39)(H,34,37)(H,42,43)",C28H53N6O9,M+H,617.3868532786701,8.915061442057299,0.9111172835219776
2022,peak_2022_sirius_1,,"InChI=1S/C17H36O4/c1-2-3-4-5-6-7-8-9-10-12-19-14-16-21-17-15-20-13-11-18/h18H,2-17H2,1H3",C17H40NO4,M+NH4,322.29518263856,8.453862508138018,0.738799661876585
2023,peak_2023_sirius_1_metfrag_2,,"InChI=1S/C17H36O4/c1-2-3-4-5-6-7-8-9-10-12-19-14-16-21-17-15-20-13-11-18/h18H,2-17H2,1H3",C17H37O4,M+H,305.26863563856,8.453862508138018,0.8910653607835299
2024,peak_2024_msfinder_1,Crc200 (Chiron-Behring),"InChI=1S/C29H39N5O7S/c1-17-14-24(41-4)18(2)19(3)26(17)42(39,40)33-22(16-25(35)36)28(37)32-23(29(38)34-12-6-5-7-13-34)15-20-8-10-21(11-9-20)27(30)31/h8-11,14,22-23,33H,5-7,12-13,15-16H2,1-4H3,(H3,30,31)(H,32,37)(H,35,36)",C29H40N5O7S,M+H,602.26429579051,4.652901204427083,0.7348410996295573
2026,peak_2026_msfinder_1,beta-anthropyranosyl-(1->3)-alpha-L-rhamnopyranosyl-(1->3)-alpha-L-rhamnopyranose,"InChI=1S/C24H43NO14/c1-8-12(25-11(26)7-24(4,5)33)15(29)20(34-6)23(36-8)39-19-14(28)10(3)37-22(17(19)31)38-18-13(27)9(2)35-21(32)16(18)30/h8-10,12-23,27-33H,7H2,1-6H3,(H,25,26)",C24H44NO14,M+H,570.2756310643001,4.652901204427083,0.7682578539371685
2027,peak_2027_sirius_1,"(2S,3R,4S,5R,6R)-2-[(2R,3S,4R,5R,6R)-4,5-dihydroxy-2-(hydroxymethyl)-6-[[(1S,2R,6R,8R,9S)-4,4,11,11-tetramethyl-3,5,7,10,12-pentaoxatricyclo[7.3.0.02,6]dodecan-8-yl]methoxy]oxan-3-yl]oxy-6-(hydroxymethyl)oxane-3,4,5-triol","InChI=1S/C24H40O16/c1-23(2)37-17-10(35-22-19(18(17)38-23)39-24(3,4)40-22)7-32-20-15(31)13(29)16(9(6-26)34-20)36-21-14(30)12(28)11(27)8(5-25)33-21/h8-22,25-31H,5-7H2,1-4H3",C24H41O16,M-H2O+H,567.22834720232,4.652901204427083,0.2728822226009886
2028,NPA024390,Toblerol A,"InChI=1S/C12H20O4/c1-2-3-7(13)10-12(16-10)11-9(15-11)5-6-4-8(6)14/h6-14H,2-5H2,1H3",C12H21O4,M+H,229.14343512288,4.652901204427083,0.0
2034,NPA001028,Not named,"InChI=1S/C31H52N6O9/c1-16(2)15-20(34-28(42)24(32)17(3)4)29(43)36-13-7-10-22(36)27(41)35-25(18(5)6)30(44)37-14-8-9-21(37)26(40)33-19(31(45)46)11-12-23(38)39/h16-22,24-25H,7-15,32H2,1-6H3,(H,33,40)(H,34,42)(H,35,41)(H,38,39)(H,45,46)",C31H54N6O9,M+2H,327.197064639335,8.385341898600267,0.12532842879663686
2035,peak_2035_msfinder_1,Alnustone,"InChI=1S/C19H18O/c20-19(16-15-18-11-5-2-6-12-18)14-8-7-13-17-9-3-1-4-10-17/h1-14H,15-16H2",C19H19O,M+H,263.14304119971,8.385341898600267,0.6428571428571428
2036,NPA007830,Cytochalasin R1,"InChI=1S/C30H41NO6/c1-18-10-9-13-22-26(33)29(5,36)19(2)25-23(16-21-11-7-6-8-12-21)31-27(34)30(22,25)24(37-20(3)32)14-15-28(4,35)17-18/h6-9,11-15,18-19,22-26,33,35-36H,10,16-17H2,1-5H3,(H,31,34)",C30H41NNaO6,M+Na,534.28260604328,5.971986897786467,0.05261606484893144
2037,NPA000126,Syringolin H,"InChI=1S/C25H43N5O6/c1-7-16(6)21(30-25(36)29-20(15(4)5)24(34)35)23(33)28-18-10-8-9-13-26-19(31)12-11-17(14(2)3)27-22(18)32/h11-12,14-18,20-21H,7-10,13H2,1-6H3,(H,26,31)(H,27,32)(H,28,33)(H,34,35)(H2,29,30,36)",C25H43N5NaO6,M+Na,532.31055212546,5.971986897786467,0.03704251386321611
2041,peak_2041_sirius_1,"Tetraethyl 2,5-dimethylhexane-2,2,3,3-tetracarboxylate","InChI=1S/C20H34O8/c1-9-25-15(21)19(13(5)6,16(22)26-10-2)20(14(7)8,17(23)27-11-3)18(24)28-12-4/h13-14H,9-12H2,1-8H3",C20H34NaO8,M+Na,425.21458605237996,8.9533925374349,0.07979442791452529
2042,NPA018004,Botcinic acid,"InChI=1S/C20H34O8/c1-6-7-8-14(21)9-10-15(22)27-16-11(2)17(23)20(5,28-13(16)4)18(24)12(3)19(25)26/h9-14,16-18,21,23-24H,6-8H2,1-5H3,(H,25,26)",C20H35O8,M+H,403.23264405237995,8.9533925374349,0.6617795753286148
2043,NPA000806,Longirostrerone D,"InChI=1S/C32H38O7/c1-7-17(2)10-19(4)11-18(3)8-9-24(34)29-30-23-16-38-26(28-20(5)12-22(33)15-25(28)35)13-21(23)14-27(36)32(30,6)39-31(29)37/h8-9,11,13-14,16-17,19-20,22,28,33H,7,10,12,15H2,1-6H3",C32H39O7,M+H,535.2690295617301,6.301749165852867,0.2419724770642201
2044,peak_2044_msfinder_1,UNPD110282,"InChI=1S/C31H34N4O2/c1-4-18-17-35-12-10-23-25-16-21(37-3)6-8-27(25)34-31(23)29(35)14-19(18)13-28-30-22(9-11-32-28)24-15-20(36-2)5-7-26(24)33-30/h4-8,15-16,18-19,29,33-34H,1,9-14,17H2,2-3H3",C31H35N4O2,M+H,495.27545235268,6.301749165852867,0.3299063704791628
2045,peak_2045_metfrag_1,"3,4-dihydroxy-5-oxo-6-phosphonooxybenzo[7]annulene-8-carboxylic acid","InChI=1S/C12H9O9P/c13-7-2-1-5-3-6(12(16)17)4-8(21-22(18,19)20)11(15)9(5)10(7)14/h1-4,13-14H,(H,16,17)(H2,18,19,20)",C12H10O9P,M+H,329.00569486462,6.301749165852867,0.621531194646723
2047,NPA021965,Acredinone C,"InChI=1S/C35H32O10/c1-17-14-20(36)28(33(39)30-22(40-3)10-8-11-23(30)41-4)29(35(17)44-7)21(37)16-19-27-26(15-18(2)34(19)43-6)45-25-13-9-12-24(42-5)31(25)32(27)38/h8-15,36H,16H2,1-7H3",C35H33O10,M+H,613.2068232270601,4.388525390625,0.8850893407270487
2048,NPA006446,Harzianumol B,"InChI=1S/C13H22O2/c1-3-5-7-9-11-13(15)12(14)10-8-6-4-2/h3-7,9,12-15H,8,10-11H2,1-2H3",C13H23O2,M+H,211.16925594819998,4.388525390625,0.03045848028214171
2049,peak_2049_msfinder_1,"8',16'-dihydroxy-19'-(1-hydroxyethyl)-10'-(hydroxymethyl)-22'-imino-6'-oxa-26',27'-dithia-2',21',23',30'-tetraazaspiro[cyclohexane-1,24'-pentacyclo[17.12.6.1?,?.1?,??.0??,??]nonatriacontane]-7'(38'),8',10'-trien-36'-yn-14'-yl acetate","InChI=1S/C42H65N5O7S2/c1-28(49)40-14-8-30-7-6-13-42(26-44-17-18-55-56-27-41(11-4-3-5-12-41)47-39(43)45-25-40)23-34(10-16-46-42)54-38-21-31(32(24-48)20-36(38)52)19-35(30)37(53-29(2)50)22-33(51)9-15-40/h20-21,28,30,33-35,37,44,46,48-49,51-52H,3-7,9-13,15-19,22-27H2,1-2H3,(H3,43,45,47)",C42H66N5O7S2,M+H,816.43981780289,4.480621337890634,0.5392178524083076
2050,peak_2050_msfinder_1,UNPD116386,"InChI=1S/C22H32N2S/c1-14-7-8-18-20-17(9-10-22(18,5)23-6)15(2)11-16(19(14)20)12-21(3,4)24-13-25/h15-20H,1,7-12H2,2-5H3",C22H33N2S,M+H,357.23589621461997,3.2739941914876334,0.6614906832298137
2051,peak_2051_sirius_1,,"InChI=1S/C12H26O5/c1-9(14)6-15-11(3)8-17-12(4)7-16-10(2)5-13/h9-14H,5-8H2,1-4H3",C12H27O5,M+H,251.18529993583,3.2739941914876334,0.100980596703526
2053,C11118,N-Methyl-2-pyrrolidinone,"InChI=1S/C5H9NO/c1-6-4-2-3-5(6)7/h2-4H2,1H3",C5H10NO,M+H,100.07568991407,1.4939281463623049,0.6695213702577236
2055,peak_2055_metfrag_3,"[1,4-dichloro-3-(2-chloropropan-2-yl)-4-methylpentan-2-yl] dihydrogen phosphate","InChI=1S/C9H18Cl3O4P/c1-8(2,11)7(9(3,4)12)6(5-10)16-17(13,14)15/h6-7H,5H2,1-4H3,(H2,13,14,15)",C9H19Cl3O4P,M+H,327.00810510284,6.307903544108067,0.015770144739684633
2057,peak_2057_msfinder_1,"6-{[2-(furan-2-carbonyloxy)-1-hydroxy-4-methylpentylidene]amino}-3,3-dimethyl-7-oxo-4-thia-1-azabicyclo[3.2.0]heptane-2-carboxylic acid","InChI=1S/C19H24N2O7S/c1-9(2)8-11(28-18(26)10-6-5-7-27-10)14(22)20-12-15(23)21-13(17(24)25)19(3,4)29-16(12)21/h5-7,9,11-13,16H,8H2,1-4H3,(H,20,22)(H,24,25)",C19H25N2O7S,M+H,425.13769829377003,6.423934936523434,0.6621085594989562
2058,NPA011943,Fiscalin B,"InChI=1S/C23H22N4O2/c1-13(2)20-21-25-18-10-6-4-8-16(18)23(29)27(21)19(22(28)26-20)11-14-12-24-17-9-5-3-7-15(14)17/h3-10,12-13,19-20,24H,11H2,1-2H3,(H,26,28)",C23H22N4NaO2,M+Na,409.16349396592,6.423934936523434,0.3360604153555695
2059,NPA012872,Penicyclone D,"InChI=1S/C14H18O5/c1-8(3-4-11(16)17)5-6-14-10(15)7-9(2)12(18)13(14)19-14/h3,7,12-13,18H,4-6H2,1-2H3,(H,16,17)",C14H19O5,M+H,267.12269967799,6.423934936523434,0.0
2060,peak_2060_msfinder_1,CNP0427016,"InChI=1S/C29H37N5O3/c1-32-18-21(24-6-4-5-7-25(24)32)19-34-15-14-26-28(34)29(36)31-17-22(33(26)2)10-13-27(35)30-16-20-8-11-23(37-3)12-9-20/h4-9,11-12,18,22,26,28H,10,13-17,19H2,1-3H3,(H,30,35)(H,31,36)",C29H38N5O3,M+H,504.29691607336997,5.7054911295573,0.18852772466539203
2061,NPA001767,Not named,"InChI=1S/C16H26O5S/c1-10(2)5-6-12-14(3,18)16(20)13(21-4)11(17)7-8-15(16,19)9-22-12/h5,12-13,18-20H,6-9H2,1-4H3",C16H26NaO5S,M+Na,353.13931311023,8.494071451822917,0.2667649226234341
2062,peak_2062_msfinder_1,2-(4-{2-[2-methyl-5-(propan-2-yl)-4-({[(propan-2-yl)carbamoyl]amino}methyl)cyclohex-2-en-1-yl]acetyl}piperazin-1-yl)piperidin-1-ium-3-yl,"InChI=1S/C26H47N5O2/c1-18(2)23-15-21(20(5)14-22(23)17-28-26(33)29-19(3)4)16-25(32)31-12-10-30(11-13-31)24-8-6-7-9-27-24/h14,18-19,21-24,27H,6-13,15-17H2,1-5H3,(H2,28,29,33)",C26H44N5O2,M+H,458.34895164717994,8.662262980143232,0.3612171699641329
2063,peak_2063_sirius_1,2-[2-[2-(2-Nonoxyethoxy)ethoxy]ethoxy]ethoxybenzene,"InChI=1S/C23H40O5/c1-2-3-4-5-6-7-11-14-24-15-16-25-17-18-26-19-20-27-21-22-28-23-12-9-8-10-13-23/h8-10,12-13H,2-7,11,14-22H2,1H3",C23H44NO5,M+NH4,414.32139738704996,8.662262980143232,0.2850868019242837
2064,NPA016947,Besarhanamide B,"InChI=1S/C21H39NO4/c1-4-5-6-7-8-9-10-11-12-13-14-15-21(25)22-20(16-18(2)23)17-26-19(3)24/h20H,4-17H2,1-3H3,(H,22,25)",C21H40NO4,M+H,370.29518473968,8.662262980143232,0.9687177724303885
2065,peak_2065_metfrag_1_msfinder_1,"(2S,3S,5E,9Z)-2-aminohexadeca-5,9-dien-3-ol","InChI=1S/C16H31NO/c1-3-4-5-6-7-8-9-10-11-12-13-14-16(18)15(2)17/h8-9,12-13,15-16,18H,3-7,10-11,14,17H2,1-2H3",C16H32NO,M+H,254.24784062313,8.662262980143232,0.6894355753293204
2066,C01226,12-OPDA,"InChI=1S/C18H28O3/c1-2-3-7-11-16-15(13-14-17(16)19)10-8-5-4-6-9-12-18(20)21/h3,7,13-16H,2,4-6,8-12H2,1H3,(H,20,21)",C18H28NaO3,M+Na,315.19306276115,7.491019185384117,0.33618984838497024
2067,C01226,12-OPDA,"InChI=1S/C18H28O3/c1-2-3-7-11-16-15(13-14-17(16)19)10-8-5-4-6-9-12-18(20)21/h3,7,13-16H,2,4-6,8-12H2,1H3,(H,20,21)",C18H29O3,M+H,293.21112076114997,7.491019185384117,0.5482512360373558
2068,NPA000960,Tanzawaic acid B,"InChI=1S/C18H26O2/c1-12-10-14(3)18-15(11-12)9-8-13(2)16(18)6-4-5-7-17(19)20/h4-9,12-16,18H,10-11H2,1-3H3,(H,19,20)",C18H27O2,M+H,275.20055607712,7.491019185384117,0.007157171485828728
2072,peak_2072_msfinder_1,UNPD137113,"InChI=1S/C29H30N4/c1-2-18-17-33-14-12-23-21-8-4-6-10-25(21)32-29(23)27(33)16-19(18)15-26-28-22(11-13-30-26)20-7-3-5-9-24(20)31-28/h2-10,19,27,31-32H,11-17H2,1H3",C29H31N4,M+H,435.25432298462,5.760970052083334,0.6668433139021375
2073,C04424,S-(2-Methylpropanoyl)-dihydrolipoamide,"InChI=1S/C12H23NO2S2/c1-9(2)12(15)17-8-7-10(16)5-3-4-6-11(13)14/h9-10,16H,3-8H2,1-2H3,(H2,13,14)",C12H23NNaO2S2,M+Na,300.10623933365997,0.9339466730753583,0.5753630177356266
2074,peak_2074_sirius_1,2-(2-(Allyloxy)ethoxy)ethanol,"InChI=1S/C7H14O3/c1-2-4-9-6-7-10-5-3-8/h2,8H,1,3-7H2",C11H21N2O3,M+2ACN+H,229.15466430993,0.9339466730753583,0.35540451655338745
2077,peak_2077_metfrag_1,"N-(3,3-dimethyl-1-oxobutan-2-yl)-3-[2-[2-(2-ethoxyethoxy)ethoxy]ethoxy]-N-[(2S)-2-formylpyrrolidin-1-yl]propanamide","InChI=1S/C22H40N2O7/c1-5-28-11-12-30-15-16-31-14-13-29-10-8-21(27)24(20(18-26)22(2,3)4)23-9-6-7-19(23)17-25/h17-20H,5-16H2,1-4H3",C22H41N2O7,M+H,445.29082763505,3.562247975667317,0.3449108469539376
2078,C08493,Indole-3-carboxaldehyde,"InChI=1S/C9H7NO/c11-6-7-5-10-9-4-2-1-3-8(7)9/h1-6,10H",C9H8NO,M+H,146.06003984961,3.562247975667317,0.6615062274473287
2080,peak_2080_sirius_1,1-[2-[2-[2-[2-[2-[2-[2-[2-[2-(2-Azidoethoxy)ethoxy]ethoxy]ethoxy]ethoxy]ethoxy]ethoxy]ethoxy]ethoxy]ethoxy]propane,"InChI=1S/C23H47N3O10/c1-2-4-27-6-8-29-10-12-31-14-16-33-18-20-35-22-23-36-21-19-34-17-15-32-13-11-30-9-7-28-5-3-25-26-24/h2-23H2,1H3",C27H54N5O10,M+2ACN+H,608.3865147238,3.0955561319986997,0.7161955301561385
2081,peak_2081_msfinder_1,"N-[4,5-dihydroxy-6-(hydroxymethyl)-2-(nonyloxy)oxan-3-yl]acetamide","InChI=1S/C17H33NO6/c1-3-4-5-6-7-8-9-10-23-17-14(18-12(2)20)16(22)15(21)13(11-19)24-17/h13-17,19,21-22H,3-11H2,1-2H3,(H,18,20)",C17H34NO6,M+H,348.23806378544003,3.0955561319986997,0.707479808029966
2082,NPA019259,Aureobasidin-U1,"InChI=1S/C59H90N8O11/c1-16-37(11)45-57(75)65(14)47(38(12)17-2)53(71)61-41(31-33(3)4)55(73)64(13)46(35(7)8)59(77)78-50(36(9)10)54(72)62-44(34(5)6)52(70)60-42(32-39-25-20-18-21-26-39)56(74)66(15)48(49(68)40-27-22-19-23-28-40)58(76)67-30-24-29-43(67)51(69)63-45/h18-23,25-28,33-38,41-50,68H,16-17,24,29-32H2,1-15H3,(H,60,70)(H,61,71)(H,62,72)(H,63,69)",C59H92N8O11,M+2H,544.343728875705,8.056352233886717,0.9182776036224312
2088,peak_2088_sirius_1,Glc2Ac3Ac4Ac6Ac(b1-6)Glc(a)-O-allyl,"InChI=1S/C23H34O15/c1-6-7-31-22-18(30)17(29)16(28)14(37-22)8-33-23-21(36-13(5)27)20(35-12(4)26)19(34-11(3)25)15(38-23)9-32-10(2)24/h6,14-23,28-30H,1,7-9H2,2-5H3",C26H43O16,M+IsoProp+H,611.25511038937,5.243963114420566,0.287668918918919
2089,NPA023444,Bacillamidin E,"InChI=1S/C35H54N2O8/c1-22(2)15-12-10-8-6-5-7-9-11-13-18-29(39)36-26-21-30(40)45-33(26)32(41)34(42)37-25(19-23(3)4)28-20-24-16-14-17-27(38)31(24)35(43)44-28/h14,16-17,22-23,25-26,28,32-33,38,41H,5-13,15,18-21H2,1-4H3,(H,36,39)(H,37,42)",C35H55N2O8,M+H,631.3952927058401,7.987737528483066,0.8988147020443671
2090,peak_2090_sirius_1_msfinder_1,Methylthioadenosine Sulfoxide,"InChI=1S/C11H15N5O4S/c1-21(19)2-5-7(17)8(18)11(20-5)16-4-15-6-9(12)13-3-14-10(6)16/h3-5,7-8,11,17-18H,2H2,1H3,(H2,12,13,14)",C11H16N5O4S,M+H,314.09175115828,1.0128096262613933,0.9808996786861836
2091,peak_2091_msfinder_1,"1-[2-(pyridin-3-yl)piperidin-1-yl]-3-{3,3,9-trimethyl-7,8-diazatricyclo[4.3.0.0?,?]nona-1(6),8-dien-7-yl}propan-1-one","InChI=1S/C23H30N4O/c1-15-21-19(13-17-22(21)23(17,2)3)27(25-15)12-9-20(28)26-11-5-4-8-18(26)16-7-6-10-24-14-16/h6-7,10,14,17-18,22H,4-5,8-9,11-13H2,1-3H3",C23H31N4O,M+H,379.24923760419,3.3521644592285167,0.6467626741599345
2092,NPA002382,N-methoxyseptorinol,"InChI=1S/C17H22N2O5/c1-5-10(2)13-17(22)19(24-4)14(16(18-13)23-3)15(21)11-6-8-12(20)9-7-11/h6-10,15,20-21H,5H2,1-4H3",C17H23N2O5,M+H,335.16014781577,3.3521644592285167,0.8672731513879169
2093,NPA013853,Equisetin,"InChI=1S/C22H31NO4/c1-5-6-15-9-8-14-11-13(2)7-10-16(14)22(15,3)20(26)18-19(25)17(12-24)23(4)21(18)27/h5-6,8-9,13-17,24,26H,7,10-12H2,1-4H3",C22H32NO4,M+H,374.23258448184,8.229904174804684,0.6800140807885242
2094,NPA024606,"(3Z,5E,7E,9E,11E,13Z,15E,17E)-18-methyl-19-oxoicosa-3,5,7,9,11,13,15,17-octaenoic acid","InChI=1S/C21H24O3/c1-19(20(2)22)17-15-13-11-9-7-5-3-4-6-8-10-12-14-16-18-21(23)24/h3-17H,18H2,1-2H3,(H,23,24)",C21H25O3,M+H,325.17982063223,8.229904174804684,0.026476730310262542
2095,C00829,Naphthalene,InChI=1S/C10H8/c1-2-6-10-8-4-3-7-9(10)5-1/h1-8H,C10H9,M+H,129.06987625783998,8.229904174804684,0.010825780463242674
2097,C17452,Rehmaionoside C,"InChI=1S/C19H32O8/c1-11(21)6-9-19(25)17(2,3)7-5-8-18(19,4)27-16-15(24)14(23)13(22)12(10-20)26-16/h6,9,12-16,20,22-25H,5,7-8,10H2,1-4H3",C19H32NaO8,M+Na,411.19893598792,2.8090789794921833,0.47026022304832715
2098,peak_2098_sirius_3_msfinder_1,Lauroside E,"InChI=1S/C19H32O8/c1-10(26-18-17(25)16(24)15(23)14(9-21)27-18)4-5-13-11(8-20)6-12(22)7-19(13,2)3/h6,10,13-18,20-21,23-25H,4-5,7-9H2,1-3H3",C19H33O8,M+H,389.21699398792,2.8090789794921833,0.6324962733631465
2099,peak_2099_sirius_1,"2,15-Dimethyl-1,3,8,13,15-hexadecapentene-7,10-dione","InChI=1S/C18H24O2/c1-15(2)9-5-7-11-17(19)13-14-18(20)12-8-6-10-16(3)4/h5-6,9-10,13-14H,1,3,7-8,11-12H2,2,4H3",C20H27NNaO2,M+ACN+Na,336.19339501266,2.8090789794921833,0.6955628594905505
2101,C08705,Ryanodine,"InChI=1S/C25H35NO9/c1-12(2)22(31)17(34-16(28)14-7-6-10-26-14)23(32)18(4)11-21(30)19(22,5)25(23,33)24(35-21)15(27)13(3)8-9-20(18,24)29/h6-7,10,12-13,15,17,26-27,29-33H,8-9,11H2,1-5H3",C25H36NO9,M+H,494.23845770861004,6.684174601236983,0.9798140770252324
2102,NPA026292,Gln-Leu-Val-Pro,"InChI=1S/C21H37N5O6/c1-11(2)10-14(24-18(28)13(22)7-8-16(23)27)19(29)25-17(12(3)4)20(30)26-9-5-6-15(26)21(31)32/h11-15,17H,5-10,22H2,1-4H3,(H2,23,27)(H,24,28)(H,25,29)(H,31,32)",C21H37N5NaO6,M+Na,478.26360193208,6.684174601236983,0.6715130212494008
2103,C17759,1-O-Feruloyl-beta-D-glucose,"InChI=1S/C16H20O9/c1-23-10-6-8(2-4-9(10)18)3-5-12(19)25-16-15(22)14(21)13(20)11(7-17)24-16/h2-6,11,13-18,20-22H,7H2,1H3",C16H24NO9,M+NH4,374.14455522073,2.383660380045567,0.7259111855886049
2104,peak_2104_sirius_1,2-[(E)-but-2-en-2-yl]benzaldehyde,"InChI=1S/C11H12O/c1-3-9(2)11-7-5-4-6-10(11)8-12/h3-8H,1-2H3",C11H12NaO,M+Na,183.07803300633,3.7977729797363335,0.17649891644594262
2105,peak_2105_msfinder_1,UNPD64684,"InChI=1S/C13H17NO2/c1-13-7-6-10-8(2-5-12(16)14-10)9(13)3-4-11(13)15/h6,8-9H,2-5,7H2,1H3,(H,14,16)",C13H18NO2,M+H,220.13320479147998,5.312603251139317,0.5104087812263437
2106,peak_2106_sirius_1,,"InChI=1S/C4H5NO3/c5-3(1-2-6)4(7)8/h1,3H,5H2,(H,7,8)",C7H14NO4,M+IsoProp+H,176.09228302429,0.87788626352946,0.5370870870870872
2108,SM822901_1,Icaridin,"InChI=1S/C12H23NO3/c1-3-10(2)16-12(15)13-8-5-4-6-11(13)7-9-14/h10-11,14H,3-9H2,1-2H3",C12H24NO3,M+H,230.17506960443,4.388525390625,0.9828502048869328
2109,peak_2109_sirius_1,N-(3-methyl-2-methylidenebut-3-enyl)prop-2-enamide,"InChI=1S/C9H13NO/c1-5-9(11)10-6-8(4)7(2)3/h5H,1-2,4,6H2,3H3,(H,10,11)",C12H22NO2,M+IsoProp+H,212.16505404299,4.388525390625,0.2755854293148309
2110,peak_2110_msfinder_1,"2-(3,4-dimethylphenoxy)ethanethioic acid S-(4-methylphenyl) ester","InChI=1S/C17H18O2S/c1-12-4-8-16(9-5-12)20-17(18)11-19-15-7-6-13(2)14(3)10-15/h4-10H,11H2,1-3H3",C17H19O2S,M+H,287.11002699368,1.1928156534830734,0.5605339524085897
2111,peak_2111_msfinder_1,"2-{[hydroxy({9-oxo-10,20-diazapentacyclo[11.7.0.0?,??.0?,?.0??,??]icosa-1(13),3,5,7,14,16,18-heptaen-11-yl})methylidene]amino}-4-(methylsulfanyl)-N-[(oxolan-2-yl)methyl]butanimidic acid","InChI=1S/C29H32N4O4S/c1-38-14-12-23(27(34)30-16-17-7-6-13-37-17)32-28(35)24-15-21-18-8-4-5-11-22(18)31-25(21)26-19-9-2-3-10-20(19)29(36)33(24)26/h2-5,8-11,17,23-24,26,31H,6-7,12-16H2,1H3,(H,30,34)(H,32,35)",C29H33N4O4S,M+H,533.22170270176,4.055081431070967,0.5301363836339639
2112,peak_2112_msfinder_1,UNPD137113,"InChI=1S/C29H30N4/c1-2-18-17-33-14-12-23-21-8-4-6-10-25(21)32-29(23)27(33)16-19(18)15-26-28-22(11-13-30-26)20-7-3-5-9-24(20)31-28/h2-10,19,27,31-32H,11-17H2,1H3",C29H31N4,M+H,435.25432298462,4.055081431070967,0.683960692871419
2113,C16326,9(S)-HOT,"InChI=1S/C18H30O3/c1-2-3-4-5-6-8-11-14-17(19)15-12-9-7-10-13-16-18(20)21/h3-4,6,8,11,14,17,19H,2,5,7,9-10,12-13,15-16H2,1H3,(H,20,21)",C18H30NaO3,M+Na,317.20871282561,7.931814575195316,0.2829064919594997
2114,C16326,9(S)-HOT,"InChI=1S/C18H30O3/c1-2-3-4-5-6-8-11-14-17(19)15-12-9-7-10-13-16-18(20)21/h3-4,6,8,11,14,17,19H,2,5,7,9-10,12-13,15-16H2,1H3,(H,20,21)",C18H31O3,M+H,295.22677082561,7.931814575195316,0.2404262404262405
2115,peak_2115_msfinder_1,Crc200 (Chiron-Behring),"InChI=1S/C29H39N5O7S/c1-17-14-24(41-4)18(2)19(3)26(17)42(39,40)33-22(16-25(35)36)28(37)32-23(29(38)34-12-6-5-7-13-34)15-20-8-10-21(11-9-20)27(30)31/h8-11,14,22-23,33H,5-7,12-13,15-16H2,1-4H3,(H3,30,31)(H,32,37)(H,35,36)",C29H40N5O7S,M+H,602.26429579051,3.8781710306803334,0.7874613627200645
2116,NPA016605,Microsporin B,"InChI=1S/C28H42N4O5/c1-3-21(33)14-8-5-9-15-22-26(35)29-19(2)25(34)31-23(18-20-12-6-4-7-13-20)28(37)32-17-11-10-16-24(32)27(36)30-22/h4,6-7,12-13,19,21-24,33H,3,5,8-11,14-18H2,1-2H3,(H,29,35)(H,30,36)(H,31,34)",C28H42N4NaO5,M+Na,537.3047384692301,7.441301981608066,0.3813390785548558
2118,peak_2118_sirius_1,"Ethanol, 2,2'-(octylimino)bis-","InChI=1S/C12H27NO2/c1-2-3-4-5-6-7-8-13(9-11-14)10-12-15/h14-15H,2-12H2,1H3",C12H28NO2,M+H,218.21145511378,3.5259979248046833,0.7118432547110944
2119,peak_2119_metfrag_3,"6-[[2-[(6-aminopiperidin-1-ium-3-yl)methyl]cyclohexyl]methyl]-8-hydroxy-1-[3,4,5-trihydroxy-6-(hydroxymethyl)oxan-2-yl]oxy-1,2,3,4,4a,8a,9a,10a-octahydroanthracene-9,10-dione","InChI=1S/C33H50N2O9/c34-25-9-8-16(14-35-25)10-18-4-1-2-5-19(18)11-17-12-21-26(22(37)13-17)30(40)27-20(28(21)38)6-3-7-23(27)43-33-32(42)31(41)29(39)24(15-36)44-33/h12-13,16,18-21,23-27,29,31-33,35-37,39,41-42H,1-11,14-15,34H2",C33H52N2O9,M+H,620.3667322287201,7.124735005696617,0.17535545023696686
2120,peak_2120_sirius_1,"(8aR)-6-[6-(2-azidoethoxy)-4,5-dihydroxy-2-(hydroxymethyl)oxan-3-yl]oxy-2-phenyl-4,4a,6,7,8,8a-hexahydropyrano[3,2-d][1,3]dioxine-7,8-diol","InChI=1S/C21H29N3O11/c22-24-23-6-7-30-20-15(28)13(26)17(11(8-25)32-20)35-21-16(29)14(27)18-12(33-21)9-31-19(34-18)10-4-2-1-3-5-10/h1-5,11-21,25-29H,6-9H2",C25H36N5O11,M+2ACN+H,582.24057876323,2.263949330647783,0.840952380952381
2125,C12452,Acetyltropine,"InChI=1S/C10H17NO2/c1-7(12)13-10-5-8-3-4-9(6-10)11(8)2/h8-10H,3-6H2,1-2H3",C10H18NO2,M+H,184.13320479147998,1.3045405069986984,0.8791170287316048
2126,C11975,Avermectin B2a,"InChI=1S/C48H74O15/c1-11-24(2)43-28(6)35(49)22-47(63-43)21-33-18-32(62-47)16-15-26(4)42(25(3)13-12-14-31-23-56-45-40(50)27(5)17-34(46(52)59-33)48(31,45)53)60-39-20-37(55-10)44(30(8)58-39)61-38-19-36(54-9)41(51)29(7)57-38/h12-15,17,24-25,28-30,32-45,49-51,53H,11,16,18-23H2,1-10H3",C48H76O15,M+2H,446.25866183928497,2.6509681701660166,0.03319049474094271
2127,peak_2127_msfinder_1,UNPD214309,"InChI=1S/C19H31N5O7/c1-10(16(27)22-15(11(2)25)19(30)31)21-17(28)12-5-3-8-24(12)18(29)13-6-4-7-23(13)14(26)9-20/h10-13,15,25H,3-9,20H2,1-2H3,(H,21,28)(H,22,27)(H,30,31)",C19H32N5O7,M+H,442.22962435827,2.6509681701660166,0.25153054578611433
2128,NPA013340,YW-3699,"InChI=1S/C34H52O6/c1-10-19(4)14-33(9,38)17-28(35)40-27-16-32(8)15-24-20(5)11-12-25-21(6)30(36)31(37)34(25,39)22(7)23(24)13-26(32)29(27)18(2)3/h11,18-19,23-27,29,36,38-39H,7,10,12-17H2,1-6,8-9H3",C34H52NaO6,M+Na,579.3656073933801,6.757351684570316,0.020629190304280676
2129,peak_2129_metfrag_1,[2-[(1-methoxy-4-methyl-1-oxopentan-2-yl)amino]-2-oxoethyl] 3-(prop-2-ynylsulfamoyl)benzoate,"InChI=1S/C19H24N2O7S/c1-5-9-20-29(25,26)15-8-6-7-14(11-15)18(23)28-12-17(22)21-16(10-13(2)3)19(24)27-4/h1,6-8,11,13,16,20H,9-10,12H2,2-4H3,(H,21,22)",C19H25N2O7S,M+H,425.13769829377003,6.757351684570316,0.09213305174234421
2130,NPA016098,Penicyclone E,"InChI=1S/C14H18O5/c1-8(3-4-11(16)17)5-6-14-10(15)7-9(2)12(18)13(14)19-14/h5,7,12-13,18H,3-4,6H2,1-2H3,(H,16,17)",C14H19O5,M+H,267.12269967799,6.757351684570316,0.025039123630672955
2131,C16207,Anthraquinone,InChI=1S/C14H8O2/c15-13-9-5-1-2-6-10(9)14(16)12-8-4-3-7-11(12)13/h1-8H,C14H10O2,M+2H,105.03349074849,6.757351684570316,0.009934186017633295
2132,peak_2132_sirius_1,"bis[(2R)-2-chloro-4-methylpentyl] 4-(4-phenylphenyl)cyclohexa-2,4-diene-1,1-dicarboxylate","InChI=1S/C32H38Cl2O4/c1-22(2)18-28(33)20-37-30(35)32(31(36)38-21-29(34)19-23(3)4)16-14-27(15-17-32)26-12-10-25(11-13-26)24-8-6-5-7-9-24/h5-16,22-23,28-29H,17-21H2,1-4H3",C32H41Cl2O5,M+H2O+H,575.23255606702,5.31864013671875,0.19924367761758455
2133,C16594,7-Mercaptoheptanoylthreonine,"InChI=1S/C11H21NO4S/c1-8(13)10(11(15)16)12-9(14)6-4-2-3-5-7-17/h8,10,13,17H,2-7H2,1H3,(H,12,14)(H,15,16)",C22H43N2O8S2,2M+H,527.2455346678801,5.31864013671875,0.8279878158036194
2134,C04698,Methyl-2-alpha-L-fucopyranosyl-beta-D-galactoside,"InChI=1S/C13H24O10/c1-4-6(15)8(17)10(19)12(21-4)23-11-9(18)7(16)5(3-14)22-13(11)20-2/h4-19H,3H2,1-2H3",C13H24NaO10,M+Na,363.12616496922,5.31864013671875,0.6597292896397313
2136,NPA008308,Kalimantacin C,"InChI=1S/C29H46N2O7/c1-20(13-22(3)14-23(4)16-28(35)36)11-9-7-6-8-10-12-21(2)15-25(32)18-26(33)19-31-27(34)17-24(5)38-29(30)37/h6-8,10,16,21-22,24,26,33H,1,9,11-15,17-19H2,2-5H3,(H2,30,37)(H,31,34)(H,35,36)",C29H47N2O7,M+H,535.33777782843,6.763422648111983,0.9359388072188359
2140,NPA029104,Clonocoprogen C,"InChI=1S/C49H84N6O14/c1-5-6-7-8-9-10-11-12-13-14-15-16-17-24-43(59)50-41(23-20-29-54(67)44(60)32-36(2)25-30-56)49(65)69-31-26-37(3)33-45(61)53(66)27-18-21-39-47(63)52-40(48(64)51-39)22-19-28-55(68)46(62)34-38(4)42(58)35-57/h32-34,39-42,56-58,66-68H,5-31,35H2,1-4H3,(H,50,59)(H,51,64)(H,52,63)",C49H86N6O14,M+2H,491.30955170394003,6.763422648111983,0.9959839357429718
2141,NPA011777,Isochromophilone V,"InChI=1S/C19H23ClO4/c1-5-11(2)8-12(3)6-7-13-9-14-15(10-24-13)17(21)19(4,23)18(22)16(14)20/h6-11,17,21,23H,5H2,1-4H3",C19H24ClO4,M+H,351.13576290157,6.763422648111983,0.8298163048428724
2142,NPA009497,Synechoxanthin,"InChI=1S/C40H44O4/c1-27(15-11-17-29(3)19-21-35-23-25-37(39(41)42)33(7)31(35)5)13-9-10-14-28(2)16-12-18-30(4)20-22-36-24-26-38(40(43)44)34(8)32(36)6/h9-26H,1-8H3,(H,41,42)(H,43,44)",C40H46O4,M+2H,295.1692559482,6.763422648111983,0.0221907811452825
2143,NPA000083,Oxydifficidin,"InChI=1S/C31H45O7P/c1-6-16-24(2)21-22-28-18-15-14-17-25(3)30(38-39(34,35)36)20-13-11-9-7-8-10-12-19-29(32)27(5)26(4)23-31(33)37-28/h6-10,12,14-17,19,27-30,32H,1,4,11,13,18,20-23H2,2-3,5H3,(H2,34,35,36)",C31H47O7P,M+2H,281.15242139288,6.763422648111983,0.737690546924463
2152,peak_2152_metfrag_1,cyclopropylmethyl-ethenyl-iminophosphanium,"InChI=1S/C6H11NP/c1-2-8(7)5-6-3-4-6/h2,6-7H,1,3-5H2",C6H12NP,M+H,129.07018735738,8.563327026367183,0.7867719644619942
2153,peak_2153_sirius_1,1-[6-[2-Hydroxy-3-[[2-hydroxy-3-[6-(2-hydroxybutoxy)hexoxy]propyl]-methylamino]propoxy]hexoxy]butan-2-ol,"InChI=1S/C27H57NO8/c1-4-24(29)20-33-14-10-6-8-12-16-35-22-26(31)18-28(3)19-27(32)23-36-17-13-9-7-11-15-34-21-25(30)5-2/h24-27,29-32H,4-23H2,1-3H3",C28H62NO9,M+CH3OH+H,556.4419067981,8.804486083984367,0.471691108223501
2154,NPA019813,Manumycin D,"InChI=1S/C31H40N2O7/c1-5-6-11-20(2)16-21(3)17-22(4)30(39)32-23-19-31(40,27(37)18-26(23)36)15-10-8-7-9-12-28(38)33-29-24(34)13-14-25(29)35/h7-10,12,15-17,19-20,27,34,37,40H,5-6,11,13-14,18H2,1-4H3,(H,32,39)(H,33,38)",C31H40N2NaO7,M+Na,575.27276963505,2.524482981363933,0.7679109245231359
2155,peak_2155_sirius_1,"1-(3-Tricyclo[3.2.1.02,4]octanyl)hex-4-yn-1-one","InChI=1S/C14H18O/c1-2-3-4-5-11(15)14-12-9-6-7-10(8-9)13(12)14/h9-10,12-14H,4-8H2,1H3",C15H23O2,M+CH3OH+H,235.16925419971,5.499067687988283,0.1668667466986795
2157,NPA029410,Formicolide B,"InChI=1S/C33H48O7/c1-7-12-27(34)19-17-25(5)32(38)26(6)30-16-10-8-9-15-28(35)33(39)24(4)14-11-13-22(2)21-29(36)23(3)18-20-31(37)40-30/h7-15,18,21,25-30,32,34-36,38H,16-17,19-20H2,1-6H3",C33H49O7,M+H,557.3472798840301,6.751312255859366,0.027771127603543277
2158,peak_2158_msfinder_1,"3-[6-(5-phenoxy-1H-1,2,3,4-tetrazol-1-yl)-hexahydrofuro[3,2-b]furan-3-yl]-1-phenylurea","InChI=1S/C20H20N6O4/c27-19(21-13-7-3-1-4-8-13)22-15-11-28-18-16(12-29-17(15)18)26-20(23-24-25-26)30-14-9-5-2-6-10-14/h1-10,15-18H,11-12H2,(H2,21,22,27)",C20H21N6O4,M+H,409.16187914946,6.751312255859366,0.38704518192722903
2159,C10547,Burseran,"InChI=1S/C22H26O6/c1-23-20-9-15(10-21(24-2)22(20)25-3)7-17-12-26-11-16(17)6-14-4-5-18-19(8-14)28-13-27-18/h4-5,8-10,16-17H,6-7,11-13H2,1-3H3",C22H27O6,M+H,387.1802145554,6.751312255859366,0.01035103510351032
2160,NPA006775,Aurantiomide B,"InChI=1S/C18H22N4O4/c1-10(2)9-18(26)17-20-12-6-4-3-5-11(12)16(25)22(17)13(15(24)21-18)7-8-14(19)23/h3-6,10,13,26H,7-9H2,1-2H3,(H2,19,23)(H,21,24)",C18H23N4O4,M+H,359.17138120505996,2.63862482706705,0.914482368470677
2161,NPA017783,Radianspene H,"InChI=1S/C22H32O6/c1-10(2)14-19(27-11(3)23)17(25)16-18-15-13(20(26)28-18)12(24)6-7-21(15,4)8-9-22(14,16)5/h10,12,14,16-19,24-25H,6-9H2,1-5H3",C22H34O6,M+2H,197.11722037439,2.63862482706705,0.021739130434782594
2162,C02505,2-Phenylacetamide,"InChI=1S/C8H9NO/c9-8(10)6-7-4-2-1-3-5-7/h1-5H,6H2,(H2,9,10)",C8H10NO,M+H,136.07568991406998,2.63862482706705,0.5680492546986391
2166,peak_2166_msfinder_1,"[(2R,3R,6S)-3-amino-6-[2-(4-cyclohexyl-1-triazolyl)ethyl]-2-oxanyl]methanol","InChI=1S/C16H28N4O2/c17-14-7-6-13(22-16(14)11-21)8-9-20-10-15(18-19-20)12-4-2-1-3-5-12/h10,12-14,16,21H,1-9,11,17H2",C16H29N4O2,M+H,309.2285021593,3.8716773986816335,0.5983270460882402
2167,C18830,Ethyl 3-(N-butylacetamido)propionate,"InChI=1S/C11H21NO3/c1-4-6-8-12(10(3)13)9-7-11(14)15-5-2/h4-9H2,1-3H3",C11H22NO3,M+H,216.15941953996997,3.8716773986816335,0.9654801769399314
2170,NPA031026,Aeruginosamide 639,"InChI=1S/C33H45N5O6S/c1-7-33(4,5)36-23(18-21-12-14-22(39)15-13-21)28(40)35-27(20(2)3)31(42)38-17-9-11-26(38)30(41)37-16-8-10-25(37)29-34-24(19-45-29)32(43)44-6/h7,12-15,19-20,23,25-27,36,39H,1,8-11,16-18H2,2-6H3,(H,35,40)",C33H46N5O6S,M+H,640.31633136432,5.129692586263017,0.5441214977742865
2171,NPA005983,Blazeispirol U,"InChI=1S/C28H36O4/c1-16-20-11-14-27(32-28(16)23(30)17(2)24(3,4)31-28)22-8-7-18-15-19(29)9-12-25(18,5)21(22)10-13-26(20,27)6/h7-8,10,13,15-17,20,23,30H,9,11-12,14H2,1-6H3",C28H37O4,M+H,437.26863563856,5.129692586263017,0.557345971563981
2172,NPA006353,"2,5-dihydroxy-3-isopropenyl-6-(3-methylbut-3-en-1-ynyl)benzaldehyde","InChI=1S/C17H18O3/c1-11(2)5-7-13-9-16(19)14(8-6-12(3)4)15(10-18)17(13)20/h5,9-10,19-20H,3,7H2,1-2,4H3",C34H37O6,2M+H,541.2584648777,5.717849222819017,0.17143255684195846
2173,peak_2173_msfinder_1,2alpha-acetyloxy-4beta-hydroxy-6alpha-angeloyloxy- 10beta-cinnamoyloxydauc-8-ene,"InChI=1S/C31H40O7/c1-8-21(5)29(34)37-24-16-20(4)17-25(38-27(33)15-14-23-12-10-9-11-13-23)30(7)26(36-22(6)32)18-31(35,19(2)3)28(24)30/h8-15,17,19,24-26,28,35H,16,18H2,1-7H3",C31H41O7,M+H,525.28467962619,5.717849222819017,0.6474004816546253
2174,NPA008504,Communesin H,"InChI=1S/C30H36N4O2/c1-5-9-22(35)33-16-14-29-19-11-6-7-12-20(19)31-26-30(29)15-17-34(27(29)33)24(25-28(2,3)36-25)18-10-8-13-21(23(18)30)32(26)4/h6-8,10-13,24-27,31H,5,9,14-17H2,1-4H3",C30H37N4O2,M+H,485.29110241714,5.717849222819017,0.738168480832939
2176,peak_2176_msfinder_1,"{[4-({5-[(1H-indol-3-yl)methyl]-1,3,4-oxadiazol-2-yl}methyl)-3-methyl-6-(propan-2-yl)cyclohex-2-en-1-yl]methyl}[(pyridin-3-yl)methyl]amine","InChI=1S/C29H35N5O/c1-19(2)26-12-22(20(3)11-23(26)17-31-16-21-7-6-10-30-15-21)13-28-33-34-29(35-28)14-24-18-32-27-9-5-4-8-25(24)27/h4-11,15,18-19,22-23,26,31-32H,12-14,16-17H2,1-3H3",C29H36N5O,M+H,470.29143676977,6.7085454305013,0.3291451649091317
2180,peak_2180_metfrag_2,"(6R)-6-[(2R,3R,5R,6S)-3,5-dihydroxy-6-methyloxan-2-yl]oxy-N-[3-(2-oxopyrrolidin-1-yl)propyl]heptanamide","InChI=1S/C20H36N2O6/c1-14(27-20-17(24)13-16(23)15(2)28-20)7-3-4-8-18(25)21-10-6-12-22-11-5-9-19(22)26/h14-17,20,23-24H,3-13H2,1-2H3,(H,21,25)",C20H37N2O6,M+H,401.26461288656,3.428945922851567,0.06381909547738707
2181,C02470,Xanthurenic acid,"InChI=1S/C10H7NO4/c12-7-3-1-2-5-8(13)4-6(10(14)15)11-9(5)7/h1-4,12H,(H,11,13)(H,14,15)",C10H8NO4,M+H,206.04478370831998,1.6227303822835284,0.8372965141055144
2183,NPA008259,Cryptoporic acid D,"InChI=1S/C42H60O14/c1-23-9-11-29-39(3)13-7-15-41(29,5)27(23)19-53-33(35(47)48)25(17-31(43)44)37(51)56-22-40(4)14-8-16-42(6)28(24(2)10-12-30(40)42)20-54-34(36(49)50)26(18-32(45)46)38(52)55-21-39/h25-30,33-34H,1-2,7-22H2,3-6H3,(H,43,44)(H,45,46)(H,47,48)(H,49,50)",C42H61O14,M+H,789.40558260778,5.207211303710934,0.8852967898243489
2187,NPA006159,EI-1507-1,"InChI=1S/C20H18O6/c1-18(24)8-10-6-7-19-17(23)14-11(4-3-5-13(14)25-2)16(22)20(19,26-19)15(10)12(21)9-18/h3-7,17,23-24H,8-9H2,1-2H3",C20H19O6,M+H,355.11761429756,2.6261894226074167,0.0012547051442910462
2188,peak_2188_msfinder_1,"2-(2-cyclopropylhydrazinyl)-9-[(2R,5R)-3,4-dihydroxy-5-(hydroxymethyl)oxolan-2-yl]-1H-purin-6-one","InChI=1S/C13H18N6O5/c20-3-6-8(21)9(22)12(24-6)19-4-14-7-10(19)15-13(16-11(7)23)18-17-5-1-2-5/h4-6,8-9,12,17,20-22H,1-3H2,(H2,15,16,18,23)",C13H19N6O5,M+H,339.14114370456997,2.6261894226074167,0.6695652173913043
2189,peak_2189_sirius_1,"2,15-Bis(ethenoxy)hexadeca-1,15-diene","InChI=1S/C20H34O2/c1-5-21-19(3)17-15-13-11-9-7-8-10-12-14-16-18-20(4)22-6-2/h5-6H,1-4,7-18H2",C20H38NO2,M+NH4,324.28970333496,8.621518961588533,0.2816510579257717
2191,NPA010775,Cinnabaramide G,"InChI=1S/C25H40N2O7S/c1-5-6-7-11-14-18-21(30)27-25(24(18,3)33,20(29)17-12-9-8-10-13-17)23(32)35-15-19(22(31)34-4)26-16(2)28/h9,12,17-20,29,33H,5-8,10-11,13-15H2,1-4H3,(H,26,28)(H,27,30)",C25H40N2NaO7S,M+Na,535.24484080945,7.2147766113281335,0.9178356713426854
2192,NPA003535,Lansai B,"InChI=1S/C31H36N4O2/c1-8-29(2,3)18-13-14-22-20(15-18)31(5)17-24-26(37)34-23(25(36)35(24)28(31)33(22)7)16-30(4)19-11-9-10-12-21(19)32(6)27(30)34/h8-15,23-24,27-28H,1,16-17H2,2-7H3",C31H36N4NaO2,M+Na,519.27304441714,7.2147766113281335,0.3633491311216429
2193,NPA026967,Zizhine H,"InChI=1S/C30H32O9/c1-19(18-38-29(36)14-8-20-6-9-23(32)10-7-20)5-12-26(34)22(17-31)4-2-3-21-15-28(39-30(21)37)25-16-24(33)11-13-27(25)35/h4-11,13-16,26,28,31-35H,2-3,12,17-18H2,1H3",C30H32NaO9,M+Na,559.19385060749,1.8334617614746167,0.007980697847067675
2195,NPA028138,Inonotolide B,"InChI=1S/C22H30O5/c1-12(23)26-16-11-25-18-13-10-15-17-20(2,14(13)6-9-21(16,18)3)7-5-8-22(17,4)19(24)27-15/h10,14-18H,5-9,11H2,1-4H3",C22H30NaO5,M+Na,397.19854206475,7.8862309773763,0.026169706582077734
2196,peak_2196_sirius_1,"4,5-Dimethyl-2,2,2-tri(propan-2-yloxy)-1,3,2lambda5-dioxaphosphole","InChI=1S/C13H27O5P/c1-9(2)14-19(15-10(3)4,16-11(5)6)17-12(7)13(8)18-19/h9-11H,1-8H3",C16H36O6P,M+IsoProp+H,355.22495096648,7.8862309773763,0.8139238199380354
2197,peak_2197_sirius_1,"3,6,9,12-Tetraoxadocosan-1-ol","InChI=1S/C18H38O5/c1-2-3-4-5-6-7-8-9-11-20-13-15-22-17-18-23-16-14-21-12-10-19/h19H,2-18H2,1H3",C18H42NO5,M+NH4,352.30574732259,7.8862309773763,0.28826409729900493
2198,NPA029824,Penicitriketo,"InChI=1S/C12H18O9/c1-5(14)12(18)2-6(4-19-12)20-11-10(17)9(16)8(15)7(3-13)21-11/h2,7-11,13,15-18H,3-4H2,1H3",C12H18NaO9,M+Na,329.08430015627,0.8399612426757818,0.6899563318777293
2199,NPA002888,Phenazostatin A,"InChI=1S/C28H20N4O3/c1-16(35-17-13-14-22-25(15-17)30-21-10-4-3-9-20(21)29-22)18-7-5-11-23-26(18)31-24-12-6-8-19(27(24)32-23)28(33)34-2/h3-16H,1-2H3",C28H22N4O3,M+2H,231.08404626051498,0.8399612426757818,0.9120372422966083
2200,C21960,"(11Z,14Z,17Z,20Z)-Hexacosatetraenoic acid","InChI=1S/C26H44O2/c1-2-3-4-5-6-7-8-9-10-11-12-13-14-15-16-17-18-19-20-21-22-23-24-25-26(27)28/h6-7,9-10,12-13,15-16H,2-5,8,11,14,17-25H2,1H3,(H,27,28)",C26H46O2,M+2H,195.17434132863,5.49288431803385,0.005508602475098101
2201,NPA005199,"Megastigma-4,6(E),8(Z)-triene","InChI=1S/C13H20/c1-5-6-9-12-11(2)8-7-10-13(12,3)4/h5-6,8-9H,7,10H2,1-4H3",C13H21,M+H,177.16377664459998,5.49288431803385,0.5450381679389313
2202,C03996,5'-O-beta-D-Glucosylpyridoxine,"InChI=1S/C14H21NO8/c1-6-10(18)8(3-16)7(2-15-6)5-22-14-13(21)12(20)11(19)9(4-17)23-14/h2,9,11-14,16-21H,3-5H2,1H3",C14H22NO8,M+H,332.13399263782,1.7408933003743499,0.04390602055800308
2204,peak_2204_metfrag_9_msfinder_1,"2-amino-3-[4-hydroxy-3-[(2R,3R,4S,5S,6R)-3,4,5-trihydroxy-6-(hydroxymethyl)oxan-2-yl]oxyphenyl]propanoic acid","InChI=1S/C15H21NO9/c16-7(14(22)23)3-6-1-2-8(18)9(4-6)24-15-13(21)12(20)11(19)10(5-17)25-15/h1-2,4,7,10-13,15,17-21H,3,5,16H2,(H,22,23)",C15H22NO9,M+H,360.12890725739004,2.1769640604655,0.7836593785960875
2205,peak_2205_sirius_1,"2,5-diethoxy-N-(4-((6-(3,4,5-trimethyl-1H-pyrazol-1-yl)pyridazin-3-yl)oxy)phenyl)benzenesulfonamide","InChI=1S/C26H29N5O5S/c1-6-34-22-12-13-23(35-7-2)24(16-22)37(32,33)30-20-8-10-21(11-9-20)36-26-15-14-25(27-28-26)31-19(5)17(3)18(4)29-31/h8-16,30H,6-7H2,1-5H3",C29H38N5O6S,M+IsoProp+H,584.25428022907,5.078792826334634,0.8847776471401895
2206,C00864,Pantothenate,"InChI=1S/C9H17NO5/c1-9(2,5-11)7(14)8(15)10-4-3-6(12)13/h7,11,14H,3-5H2,1-2H3,(H,10,15)(H,12,13)",C9H18NO5,M+H,220.11794865019,1.6104763031005866,0.9552977571539056
2207,NPA004862,Lobophorin I,"InChI=1S/C61H88N2O21/c1-27-14-17-42(80-47-25-59(10,63(72)73)54(35(9)79-47)62-58(71)75-13)28(2)19-37-20-36(26-64)31(5)24-61(37)56(69)48(57(70)84-61)55(68)60(11)39(27)16-15-38-49(60)29(3)18-30(4)51(38)82-46-23-43(50(67)32(6)76-46)81-44-22-41(66)53(34(8)78-44)83-45-21-40(65)52(74-12)33(7)77-45/h14-16,19-20,26,29-35,37-47,49-54,65-68H,17-18,21-25H2,1-13H3,(H,62,71)",C61H90N2O21,M+2H,593.3012549280351,3.6965960184733,0.005138539042821133
2208,peak_2208_metfrag_2,"2-(1,5-dihydroxypentan-3-ylamino)ethyl (Z)-octadec-9-enoate","InChI=1S/C25H49NO4/c1-2-3-4-5-6-7-8-9-10-11-12-13-14-15-16-17-25(29)30-23-20-26-24(18-21-27)19-22-28/h9-10,24,26-28H,2-8,11-23H2,1H3",C25H50NO4,M+H,428.37343506198,7.584758504231767,0.01881081081081093
2209,C09673,Glutinosone,"InChI=1S/C14H20O2/c1-8(2)10-4-5-11-7-13(15)14(16)9(3)12(11)6-10/h7,9-10,12,14,16H,1,4-6H2,2-3H3",C14H21O2,M+H,221.15360588374,7.584758504231767,0.7338543809132044
2210,NPA024392,Toblerol C,"InChI=1S/C13H22O2/c1-2-3-4-5-6-7-8-9-11-10-12(11)13(14)15/h7-8,11-12H,2-6,9-10H2,1H3,(H,14,15)",C13H23O2,M+H,211.16925594819998,3.9929504394531334,0.026380068392769962
2213,NPA025828,Phototemtide A,"InChI=1S/C34H53N5O8/c1-7-9-11-16-24-18-26(41)35-19-27(42)37-28(20(3)4)32(44)36-25(17-23-14-12-10-13-15-23)31(43)39-30(22(6)40)33(45)38-29(21(5)8-2)34(46)47-24/h10,12-15,20-22,24-25,28-30,40H,7-9,11,16-19H2,1-6H3,(H,35,41)(H,36,44)(H,37,42)(H,38,45)(H,39,43)",C34H53N5NaO8,M+Na,682.3786316869,4.38226470947265,0.7773953993841696
2214,peak_2214_sirius_1,"6-(Imidazol-1-ylmethyl)-1,3,5-triazine-2,4-diamine","InChI=1S/C7H9N7/c8-6-11-5(12-7(9)13-6)3-14-2-1-10-4-14/h1-2,4H,3H2,(H4,8,9,11,12,13)",C10H18N7O,M+IsoProp+H,252.15728332108,4.38226470947265,0.7227595851299382
2219,peak_2219_msfinder_1,MINEs-296124,"InChI=1S/C15H29N4O7P/c1-9(2)12(17)14(21)18-10(5-3-7-16)13(20)19-11(15(22)23)6-4-8-27(24,25)26/h4,6,9-12H,3,5,7-8,16-17H2,1-2H3,(H,18,21)(H,19,20)(H,22,23)(H2,24,25,26)",C15H30N4O7P,M+H,409.1846622878,3.1898061116536502,0.6519543669347297
2220,peak_2220_msfinder_1,"7-(2-ethyl-1-piperidinyl)-5-methyl-2-(3-methylphenyl)pyrazolo[1,5-a]pyrimidine","InChI=1S/C21H26N4/c1-4-18-10-5-6-11-24(18)21-13-16(3)22-20-14-19(23-25(20)21)17-9-7-8-15(2)12-17/h7-9,12-14,18H,4-6,10-11H2,1-3H3",C21H27N4,M+H,335.2230228557,3.1898061116536502,0.6617076326002587
2221,peak_2221_metfrag_5,"4-(3-ethyl-1,2,4-thiadiazol-5-yl)-N'-methyl-N-(2-methyl-2-methylsulfanylpropyl)piperazine-1-carboximidamide","InChI=1S/C15H28N6S2/c1-6-12-18-14(23-19-12)21-9-7-20(8-10-21)13(16-4)17-11-15(2,3)22-5/h6-11H2,1-5H3,(H,16,17)",C15H29N6S2,M+H,357.18896327782,3.9743835449218663,0.01346027577150355
2222,peak_2222_sirius_1,"2,2'-(Cyclobutane-1,1-diyl)diethanol","InChI=1S/C8H16O2/c9-6-4-8(5-7-10)2-1-3-8/h9-10H,1-7H2",C10H20NO2,M+ACN+H,186.14885275481998,1.9342264811198,0.23209876543209873
2223,peak_2223_msfinder_1,UNPD18298,"InChI=1S/C17H32N2O7S/c1-9(25-3)11(18-16(24)10-5-4-6-19(10)2)15-13(22)12(21)14(23)17(26-15)27-8-7-20/h9-15,17,20-23H,4-8H2,1-3H3,(H,18,24)",C17H33N2O7S,M+H,409.20029855161,8.211739603678383,0.5838509316770186
2227,NPA007927,Not named,"InChI=1S/C20H28N2O3S2/c1-14(2)11-12-25-16-9-7-15(8-10-16)13-20(27-6)19(24)21(3)18(26-5)17(23)22(20)4/h7-11,18H,12-13H2,1-6H3",C20H28N2NaO3S2,M+Na,431.14335311881,7.5419250488281335,0.9635003861317726
2228,NPA004789,Dehydromatricarianol,"InChI=1S/C10H8O/c1-2-3-4-5-6-7-8-9-10-11/h8-9,11H,10H2,1H3",C10H9O,M+H,145.06479087741,7.5419250488281335,0.005571892895836483
2229,peak_2229_metfrag_2,2-fluorohex-5-yn-1-ol,"InChI=1S/C6H9FO/c1-2-3-4-6(7)5-8/h1,6,8H,3-5H2",C6H10FO,M+H,117.07101907236999,7.5419250488281335,0.009738822487826426
2231,peak_2231_msfinder_1,4-[2-(4-{2-[4-(2-{4-[2-(4-aminophenyl)diazen-1-yl]phenyl}diazen-1-yl)phenyl]diazen-1-yl}phenyl)diazen-1-yl]aniline,"InChI=1S/C30H24N10/c31-21-1-5-23(6-2-21)33-35-25-9-13-27(14-10-25)37-39-29-17-19-30(20-18-29)40-38-28-15-11-26(12-16-28)36-34-24-7-3-22(32)4-8-24/h1-20H,31-32H2",C30H25N10,M+H,525.22581681782,4.724673461914066,0.7422310452775445
2232,NPA009327,Torrubiellutin C,"InChI=1S/C28H39NO6/c1-17-13-14-25(31)29(7)24(16-23-11-9-8-10-12-23)28(33)34-21(5)20(4)27(35-22(6)30)19(3)15-18(2)26(17)32/h8-15,17,19-21,24,26-27,32H,16H2,1-7H3",C28H40NO6,M+H,486.28501397882,4.724673461914066,0.5038155544731288
2233,C14335,Pyrene,InChI=1S/C16H10/c1-3-11-7-9-13-5-2-6-14-10-8-12(4-1)15(11)16(13)14/h1-10H,C19H19O,M+IsoProp+H,263.1435903223,4.724673461914066,0.983929848330887
2234,peak_2234_sirius_1_metfrag_18,"[(2R)-2-hydroxy-3-[(9E,11E)-octadeca-9,11-dienoyl]oxypropyl] 2-(trimethylazaniumyl)ethyl phosphate","InChI=1S/C26H50NO7P/c1-5-6-7-8-9-10-11-12-13-14-15-16-17-18-19-20-26(29)32-23-25(28)24-34-35(30,31)33-22-21-27(2,3)4/h10-13,25,28H,5-9,14-24H2,1-4H3",C26H51NO7P,M+H,520.33976595134,7.317850240071617,0.19241312229197982
2236,NPA007003,Not named,"InChI=1S/C38H56N6O12/c1-19(2)31(46)29-36(51)44(11)30(24(7)54-12)38(53)55-23(6)28(40-25(8)45)37(52)56-27(18-26-16-14-13-15-17-26)35(50)43(10)21(4)32(47)39-20(3)34(49)42(9)22(5)33(48)41-29/h13-17,19-20,22-24,27-31,46H,4,18H2,1-3,5-12H3,(H,39,47)(H,40,45)(H,41,48)",C38H58N6O12,M+2H,395.20508663315,3.4878145853678335,0.5014279885760915
2237,peak_2237_msfinder_1,"3-Oxo-7,8-dihydro-alpha-ionol","InChI=1S/C13H22O2/c1-9-7-11(15)8-13(3,4)12(9)6-5-10(2)14/h7,10,12,14H,5-6,8H2,1-4H3",C13H23O2,M+H,211.16925594819998,3.4878145853678335,0.6430875576036866
2238,C21647,Roseoflavin,"InChI=1S/C18H23N5O6/c1-8-4-9-11(5-10(8)22(2)3)23(6-12(25)15(27)13(26)7-24)16-14(19-9)17(28)21-18(29)20-16/h4-5,12-13,15,24-27H,6-7H2,1-3H3,(H,21,28,29)",C18H24N5O6,M+H,406.17210948086,2.2214869181315167,0.045035609551738465
2241,peak_2241_msfinder_1,"6-[(4-methoxyphenyl)methyl]-1-methyl-2-[3-oxo-3-(4-phenylpiperazin-1-yl)propyl]-decahydropyrrolo[3,2-e][1,4]diazepin-5-one","InChI=1S/C29H39N5O3/c1-31-24(10-13-27(35)33-18-16-32(17-19-33)23-6-4-3-5-7-23)20-30-29(36)28-26(31)14-15-34(28)21-22-8-11-25(37-2)12-9-22/h3-9,11-12,24,26,28H,10,13-21H2,1-2H3,(H,30,36)",C29H40N5O3,M+H,506.31256613783,4.406806945800783,0.6364398256788468
2244,peak_2244_metfrag_1,"2-N-(2-aminoethyl)-4-N-dodecyl-6-methylpyrimidine-2,4-diamine","InChI=1S/C19H37N5/c1-3-4-5-6-7-8-9-10-11-12-14-21-18-16-17(2)23-19(24-18)22-15-13-20/h16H,3-15,20H2,1-2H3,(H2,21,22,23,24)",C19H38N5,M+H,336.31217221466,8.860146077473965,0.4289164385767188
2248,peak_2248_sirius_1,Methylursubin,"InChI=1S/C18H26O11/c1-25-8-2-4-9(5-3-8)28-18-16(24)14(22)13(21)11(29-18)7-27-17-15(23)12(20)10(19)6-26-17/h2-5,10-24H,6-7H2,1H3",C18H30NO11,M+NH4,436.18133465325,2.3961496988932334,0.7001414427157001
2250,peak_2250_sirius_8,"1-[(1R,2S)-2-[1-[(3R,4S)-4-(1-hydroxycyclopentyl)-3-[1-[(3R,4S)-3-(1-hydroxycyclopentyl)-4-(methylamino)cyclohexyl]propan-2-ylamino]cyclohexyl]propan-2-ylamino]cyclohexyl]cyclopentan-1-ol","InChI=1S/C40H73N3O3/c1-28(42-36-13-5-4-12-32(36)38(44)18-6-7-19-38)25-31-14-16-33(39(45)20-8-9-21-39)37(27-31)43-29(2)24-30-15-17-35(41-3)34(26-30)40(46)22-10-11-23-40/h28-37,41-46H,4-27H2,1-3H3",C40H73N3NaO3,M+Na,666.55441122479,8.465969340006517,0.16756685548676065
2252,NPA011528,Neopestalotin C,"InChI=1S/C23H33NO5/c1-6-7-15-12(2)10-14-11-22(4,29)9-8-16(14)23(15,5)20(27)17-19(26)18(13(3)25)24-21(17)28/h6-7,10,13-16,18,25,27,29H,8-9,11H2,1-5H3,(H,24,28)",C23H34NO5,M+H,404.24314916586997,8.298681640625,0.39169093975164804
2253,peak_2253_msfinder_1,"4-carbamoyl-2-{3-methyl-2-[(3-oxo-1,2,3,4-tetrahydroquinoxaline-1-carbonyl)amino]butanamido}butanoic acid","InChI=1S/C19H25N5O6/c1-10(2)16(17(27)22-12(18(28)29)7-8-14(20)25)23-19(30)24-9-15(26)21-11-5-3-4-6-13(11)24/h3-6,10,12,16H,7-9H2,1-2H3,(H2,20,25)(H,21,26)(H,22,27)(H,23,30)(H,28,29)",C19H26N5O6,M+H,420.18775954532,2.460893249511717,0.6896161366676958
2255,C05851,Coumarin,InChI=1S/C9H6O2/c10-9-6-5-7-3-1-2-4-8(7)11-9/h1-6H,C9H7O2,M+H,147.04405543252,2.1467056274414,0.8648787505137691
2256,NPA006945,Norbikaverin,"InChI=1S/C19H12O8/c1-6-3-7(26-2)4-10-11(6)16(23)14-17(24)12-8(20)5-9(21)15(22)13(12)18(25)19(14)27-10/h3-5,20-22H,1-2H3",C19H12NaO8,M+Na,391.04243534332,1.8455699920654332,0.9851150202976996
2258,C10414,Dalbergin,"InChI=1S/C16H12O4/c1-19-15-9-14-12(7-13(15)17)11(8-16(18)20-14)10-5-3-2-4-6-10/h2-9,17H,1H3",C16H14O4,M+2H,135.04405543252,1.8455699920654332,0.002911679068262618
2260,peak_2260_msfinder_1,"N3-(4-{[1,1'-biphenyl]-4-yl}pyrimidin-2-yl)-N6-(cyclohexylmethyl)-hexahydrofuro[3,2-b]furan-3,6-diamine","InChI=1S/C29H34N4O2/c1-3-7-20(8-4-1)17-31-25-18-34-28-26(19-35-27(25)28)33-29-30-16-15-24(32-29)23-13-11-22(12-14-23)21-9-5-2-6-10-21/h2,5-6,9-16,20,25-28,31H,1,3-4,7-8,17-19H2,(H,30,32,33)",C29H35N4O2,M+H,471.27545235268,4.274492390950517,0.05135301353013544
2261,peak_2261_sirius_1,"3,6,9,12-Tetraoxatricosan-1-ol","InChI=1S/C19H40O5/c1-2-3-4-5-6-7-8-9-10-12-21-14-16-23-18-19-24-17-15-22-13-11-20/h20H,2-19H2,1H3",C19H44NO5,M+NH4,366.32139738704996,8.465969340006517,0.7114103087175303
2263,C18559,Metominostrobin,"InChI=1S/C16H16N2O3/c1-17-16(19)15(18-20-2)13-10-6-7-11-14(13)21-12-8-4-3-5-9-12/h3-11H,1-2H3,(H,17,19)",C32H33N4O6,2M+H,569.2394607665001,4.055081431070967,0.39437205433878564
2264,peak_2264_sirius_1,Tubocapsanolide D,"InChI=1S/C28H40O7/c1-14-12-20(35-24(32)15(14)2)16(3)27(33)11-9-18-17-13-23(31)28(34)22(30)7-6-21(29)26(28,5)19(17)8-10-25(18,27)4/h6-7,16-20,22-23,30-31,33-34H,8-13H2,1-5H3",C28H41O7,M-H4O2+H,453.26355062619,4.055081431070967,0.30096434178066833
2267,NPA015621,Asperic acid,"InChI=1S/C16H28O4/c1-10(9-12(3)15(18)19)8-11(2)14-6-7-16(5,20-14)13(4)17/h8,10,12-14,17H,6-7,9H2,1-5H3,(H,18,19)",C16H28NaO4,M+Na,307.18797738072,7.226907857259117,0.004509582863585049
2268,peak_2268_sirius_1,"(3R,13R)-3,13-dihydroxymyristic acid","InChI=1S/C14H28O4/c1-12(15)9-7-5-3-2-4-6-8-10-13(16)11-14(17)18/h12-13,15-16H,2-11H2,1H3,(H,17,18)",C16H32NO4,M+ACN+H,302.23258238072,7.226907857259117,0.23221614227086174
2270,peak_2270_msfinder_1,"1-[(2R,3R)-5-[(2S)-1-hydroxypropan-2-yl]-3-methyl-2-[[methyl(methylsulfonyl)amino]methyl]-6-oxo-2,3,4,7-tetrahydro-1,5-benzoxazonin-9-yl]-3-(1-naphthalenyl)urea","InChI=1S/C29H36N4O6S/c1-19-16-33(20(2)18-34)28(35)15-22-14-23(12-13-26(22)39-27(19)17-32(3)40(4,37)38)30-29(36)31-25-11-7-9-21-8-5-6-10-24(21)25/h5-14,19-20,27,34H,15-18H2,1-4H3,(H2,30,31,36)",C29H37N4O6S,M+H,569.24283206982,3.532035319010417,0.5818421548314183
2271,peak_2271_sirius_1,"3z-1-O-beta-d-glucopyranosyl-3-hexene-1,5-diol","InChI=1S/C12H22O7/c1-7(14)4-2-3-5-18-12-11(17)10(16)9(15)8(6-13)19-12/h2,4,7-17H,3,5-6H2,1H3",C14H26NO7,M+ACN+H,320.17037604605,1.6780345916747998,0.475245816801794
2272,peak_2272_msfinder_1,Artocarbene,"InChI=1S/C19H18O4/c1-19(2)8-7-15-17(22)9-12(10-18(15)23-19)3-4-13-5-6-14(20)11-16(13)21/h3-11,20-22H,1-2H3",C19H19O4,M+H,311.12778505842,8.044187418619801,0.366243654822335
2273,C09800,Swertiamarin,"InChI=1S/C16H22O10/c1-2-7-14(24-6-8-13(21)23-4-3-16(7,8)22)26-15-12(20)11(19)10(18)9(5-17)25-15/h2,6-7,9-12,14-15,17-20,22H,1,3-5H2",C16H22NaO10,M+Na,397.11051490476,1.8094032287597666,0.009232154920062907
2274,C17759,1-O-Feruloyl-beta-D-glucose,"InChI=1S/C16H20O9/c1-23-10-6-8(2-4-9(10)18)3-5-12(19)25-16-15(22)14(21)13(20)11(7-17)24-16/h2-6,11,13-18,20-22H,7H2,1H3",C16H21O9,M-H2O+H,339.10744422073003,3.9421941121419333,0.3063272727272728
2275,NPA019282,Nocardioazine B,"InChI=1S/C29H32N4O2/c1-17(2)13-14-29-16-23-24(34)32-22(15-28(3)18-9-5-7-11-20(18)30-26(28)32)25(35)33(23)27(29)31(4)21-12-8-6-10-19(21)29/h5-13,22-23,26-27,30H,14-16H2,1-4H3",C29H32N4NaO2,M+Na,491.24174428822,6.9683848063151,0.7183764495985727
2276,NPA008835,Blazeispirol Z,"InChI=1S/C28H38O5/c1-16(29)10-13-25(6)20-11-14-26(7)19-12-15-27(26,21(20)8-9-22(25)30)33-28(17(19)2)23(31)18(3)24(4,5)32-28/h8-9,11,14,17-19,23,31H,10,12-13,15H2,1-7H3",C28H39O5,M+H,455.27920032259,6.9683848063151,0.5081858991285979
2277,C09249,Usambarensine,"InChI=1S/C29H28N4/c1-2-18-17-33-14-12-23-21-8-4-6-10-25(21)32-29(23)27(33)16-19(18)15-26-28-22(11-13-30-26)20-7-3-5-9-24(20)31-28/h2-11,13,19,27,31-32H,12,14-17H2,1H3",C29H29N4,M+H,433.23867292016,6.9683848063151,0.6908659817093824
2280,NPA014322,Cyclomarin C,"InChI=1S/C56H82N8O10/c1-16-56(11,12)64-29-39(38-24-20-21-25-40(38)64)47(66)45-55(73)63(14)42(28-34(8)30-65)50(68)57-36(10)49(67)61-46(48(74-15)37-22-18-17-19-23-37)53(71)58-43(33(6)7)54(72)62(13)41(27-32(4)5)51(69)59-44(52(70)60-45)35(9)26-31(2)3/h16-26,29,32-36,41-48,65-66H,1,27-28,30H2,2-15H3,(H,57,68)(H,58,71)(H,59,69)(H,60,70)(H,61,67)",C56H84N8O10,M+2H,514.314971437,7.2208475748698,0.028936170212765955
2281,peak_2281_msfinder_1,N-[2-(dimethylamino)ethyl]-2-[4-(3-hydroxy-6-methyl-4-oxo-4H-pyran-2-yl)oxan-4-yl]acetamide,"InChI=1S/C17H26N2O5/c1-12-10-13(20)15(22)16(24-12)17(4-8-23-9-5-17)11-14(21)18-6-7-19(2)3/h10,22H,4-9,11H2,1-3H3,(H,18,21)",C17H27N2O5,M+H,339.19144794468997,7.2208475748698,0.5690318070604683
2282,C19318,Allyl isovalerate,"InChI=1S/C8H14O2/c1-4-5-10-8(9)6-7(2)3/h4,7H,1,5-6H2,2-3H3",C16H29O4,2M+H,285.20603538072,7.2208475748698,0.0011428571428571122
2286,NPA024141,Farylhydrazone C,"InChI=1S/C11H12N2O3/c1-7(8(2)14)12-13-10-6-4-3-5-9(10)11(15)16/h3-6,13H,1-2H3,(H,15,16)",C11H13N2O3,M+H,221.09206825433,0.88999252319336,0.017705643673920912
2287,NPA020821,Jietacin A,"InChI=1S/C18H34N2O2/c1-4-20(22)19-16-12-7-5-6-10-14-18(21)15-11-8-9-13-17(2)3/h4,17H,1,5-16H2,2-3H3",C18H36N2O2,M+2H,156.13829017191,0.88999252319336,0.008495416946120993
2289,peak_2289_sirius_3_metfrag_1_msfinder_1,"3-oxo-3-[(3,4,5-trihydroxy-6-{[4-(2,6,6-trimethyl-4-oxocyclohex-2-en-1-yl)butan-2-yl]oxy}oxan-2-yl)methoxy]propanoic acid","InChI=1S/C22H34O10/c1-11-7-13(23)9-22(3,4)14(11)6-5-12(2)31-21-20(29)19(28)18(27)15(32-21)10-30-17(26)8-16(24)25/h7,12,14-15,18-21,27-29H,5-6,8-10H2,1-4H3,(H,24,25)",C22H35O10,M+H,459.22247329152,3.81606470743815,0.9343593971874857
2290,EQ32740x_1,Mianserin,"InChI=1S/C18H20N2/c1-19-10-11-20-17-9-5-3-7-15(17)12-14-6-2-4-8-16(14)18(20)13-19/h2-9,18H,10-13H2,1H3",C36H41N4,2M+H,529.33257330692,8.977692667643232,0.002107350935911634
2292,peak_2292_sirius_1,"N-[(2S,3R,4R,5S,6R)-2-[(2R,3S,4R,5R,6S)-5-acetamido-6-[(2R,3S,4R,5R,6S)-5-acetamido-6-[(2R,3S,4R,5S)-5-acetamido-1,2,4,6-tetrahydroxyhexan-3-yl]oxy-4-hydroxy-2-(hydroxymethyl)oxan-3-yl]oxy-4-hydroxy-2-(hydroxymethyl)oxan-3-yl]oxy-4,5-dihydroxy-6-(hydroxymethyl)oxan-3-yl]acetamide","InChI=1S/C32H56N4O21/c1-10(42)33-14(5-37)22(47)27(15(46)6-38)55-31-20(35-12(3)44)25(50)29(17(8-40)53-31)57-32-21(36-13(4)45)26(51)28(18(9-41)54-32)56-30-19(34-11(2)43)24(49)23(48)16(7-39)52-30/h14-32,37-41,46-51H,5-9H2,1-4H3,(H,33,42)(H,34,43)(H,35,44)(H,36,45)",C32H56N4NaO21,M+Na,855.33292283357,2.8976623535156336,0.7158185840707965
2296,peak_2296_sirius_1,"3-[(2E,3Z,4E,6Z,8E)-2-[(3,3-difluoroazetidin-1-yl)methylimino]-9-methoxy-3-propylidenenona-4,6,8-trienyl]-4-methyl-5-[3-(trifluoromethoxy)phenyl]-1,3-oxazolidin-2-one","InChI=1S/C28H32F5N3O4/c1-4-10-21(11-7-5-6-8-14-38-3)24(34-19-35-17-27(29,30)18-35)16-36-20(2)25(39-26(36)37)22-12-9-13-23(15-22)40-28(31,32)33/h5-15,20,25H,4,16-19H2,1-3H3",C29H37F5N3O5,M+CH3OH+H,602.26478633658,4.198663075764967,0.4398904523562187
2297,peak_2297_msfinder_1,"6-(Octahydro-1h-Indol-1-Ylmethyl)Decahydroquinazoline-2,4-Diamine","InChI=1S/C17H33N5/c18-16-13-9-11(5-6-14(13)20-17(19)21-16)10-22-8-7-12-3-1-2-4-15(12)22/h11-17,20-21H,1-10,18-19H2",C17H34N5,M+H,308.28087208574,7.855789693196616,0.7010885554574875
2298,peak_2298_sirius_1_metfrag_9,"2-[2-[2-(1,1-Dideuteriodecoxy)ethoxy]ethoxy]ethanol","InChI=1S/C16H34O4/c1-2-3-4-5-6-7-8-9-11-18-13-15-20-16-14-19-12-10-17/h17H,2-16H2,1H3",C16H35O4,M+H,291.2529855741,7.855789693196616,0.3264638999431495
2299,peak_2299_msfinder_1,UNPD213509,"InChI=1S/C21H22O2/c22-21(23)16-7-6-13-11-18-17(10-12-4-2-1-3-5-12)15-9-8-14(16)19(13)20(15)18/h1-9,13-20H,10-11H2,(H,22,23)",C21H23O2,M+H,307.1692559482,8.52650044759115,0.610204081632653
2300,peak_2300_sirius_1,"6,7,12,13-Tetrahydroxyoctadeca-8,10-dienoic acid","InChI=1S/C18H32O6/c1-2-3-4-9-14(19)15(20)10-5-6-11-16(21)17(22)12-7-8-13-18(23)24/h5-6,10-11,14-17,19-22H,2-4,7-9,12-13H2,1H3,(H,23,24)",C18H32NaO6,M+Na,367.20910674878,3.741104380289717,0.7085333746321821
2301,C15513,Benzyl acetate,"InChI=1S/C9H10O2/c1-8(10)11-7-9-5-3-2-4-6-9/h2-6H,7H2,1H3",C9H11O2,M+H,151.07535556144,1.1729030609130866,0.6060043852251644
2305,C14235,Triphenyl phosphate,"InChI=1S/C18H15O4P/c19-23(20-16-10-4-1-5-11-16,21-17-12-6-2-7-13-17)22-18-14-8-3-9-15-18/h1-15H",C18H16O4P,M+H,327.07807196015,7.60152689615885,0.9103610214264749
2309,C07411,Paramethadione,"InChI=1S/C7H11NO3/c1-4-7(2)5(9)8(3)6(10)11-7/h4H2,1-3H3",C7H11NNaO3,M+Na,180.06311121766998,0.8659217198689784,0.024442706296441075
2310,C07214,2-Methylbenzaldehyde,"InChI=1S/C8H8O/c1-7-4-2-3-5-8(7)6-9/h2-6H,1H3",C8H9O,M+H,121.06479087741,0.8659217198689784,0.007459207459207362
2311,C07672,Biguanide,"InChI=1S/C2H7N5/c3-1(4)7-2(5)6/h(H7,3,4,5,6,7)",C2H7N5Na,M+Na,124.05936324775999,0.91416130065918,0.9780469341408025
2314,C07777,Buclizine,"InChI=1S/C28H33ClN2/c1-28(2,3)25-13-9-22(10-14-25)21-30-17-19-31(20-18-30)27(23-7-5-4-6-8-23)24-11-15-26(29)16-12-24/h4-16,27H,17-21H2,1-3H3",C28H34ClN2,M+H,433.24050275445,6.645926411946617,0.9288422280548265
2316,NPA021155,Streptovirudin D2,"InChI=1S/C38H62N4O16/c1-4-19(2)13-11-9-7-5-6-8-10-12-14-24(46)40-27-31(51)28(48)22(55-37(27)58-36-26(39-20(3)44)30(50)29(49)23(18-43)56-36)17-21(45)34-32(52)33(53)35(57-34)42-16-15-25(47)41-38(42)54/h12,14-16,19,21-23,26-37,43,45,48-53H,4-11,13,17-18H2,1-3H3,(H,39,44)(H,40,46)(H,41,47,54)",C38H64N4O16,M+2H,416.21531696455,6.645926411946617,0.035833536932974974
2317,peak_2317_sirius_1,"[Dideuterio-(2,3,4,5,6-pentadeuteriophenyl)methyl]-dodecyl-dimethylazanium","InChI=1S/C21H38N/c1-4-5-6-7-8-9-10-11-12-16-19-22(2,3)20-21-17-14-13-15-18-21/h13-15,17-18H,4-12,16,19-20H2,1-3H3",C21H38N,M+H,304.29987619694,6.645926411946617,0.27712418300653585
2318,peak_2318_msfinder_1,"(E,E)-1,7-Diphenyl-4,6-heptadien-3-ol","InChI=1S/C19H20O/c20-19(16-15-18-11-5-2-6-12-18)14-8-7-13-17-9-3-1-4-10-17/h1-14,19-20H,15-16H2",C19H21O,M+H,265.15869126417,6.645926411946617,0.3622618687632295
2319,NPA020225,Okaramine S,"InChI=1S/C33H38N4O3/c1-19(2)12-14-21-8-6-10-24-23(17-34-27(21)24)16-26-29(38)37-30-33(40,18-32(37,5)31(39)35-26)25-11-7-9-22(28(25)36-30)15-13-20(3)4/h6-13,17,26,30,34,36,40H,14-16,18H2,1-5H3,(H,35,39)",C33H40N4O3,M+2H,270.154471550585,1.87149085998535,0.916541891803919
2320,C15628,SR 12813,"InChI=1S/C24H42O7P2/c1-11-28-32(26,29-12-2)21(33(27,30-13-3)31-14-4)17-18-15-19(23(5,6)7)22(25)20(16-18)24(8,9)10/h15-17,25H,11-14H2,1-10H3",C24H44O7P2,M+2H,253.127564843745,1.87149085998535,0.9142316670691459
2321,NPA023107,N-1S-(4-methylaminophenylmethyl)-2-oxo-propyl acetamide,"InChI=1S/C13H18N2O2/c1-9(16)13(15-10(2)17)8-11-4-6-12(14-3)7-5-11/h4-7,13-14H,8H2,1-3H3,(H,15,17)",C13H19N2O2,M+H,235.14410382813998,1.87149085998535,0.027077065494098607
2322,peak_2322_sirius_1,"1-[[4-[Bis(butoxymethyl)amino]-6-cyclohexyl-1,3,5-triazin-2-yl]-(butoxymethyl)amino]pentan-1-ol","InChI=1S/C29H55N5O4/c1-5-9-18-26(35)34(24-38-21-12-8-4)29-31-27(25-16-14-13-15-17-25)30-28(32-29)33(22-36-19-10-6-2)23-37-20-11-7-3/h25-26,35H,5-24H2,1-4H3",C29H58N5O5,M+H2O+H,556.44324627308,8.947271728515632,0.7271713793452924
2330,C09458,Gyrocarpine,"InChI=1S/C37H40N2O6/c1-38-14-12-24-20-32(42-4)34-21-27(24)28(38)17-23-8-11-31(41-3)33(18-23)44-26-9-6-22(7-10-26)16-29-35-25(13-15-39(29)2)19-30(40)36(43-5)37(35)45-34/h6-11,18-21,28-29,40H,12-17H2,1-5H3",C37H41N2O6,M+H,609.29591301548,3.613858286539717,0.028195786472358653
2335,NPA030583,"7-(14-hydroxypropan-13-yl)-8-isobutyl-7,8-dihydrobenzo[c]oxepin-1(3H)-one","InChI=1S/C17H24O3/c1-11(2)8-13-10-20-17(19)15-7-5-4-6-14(15)16(13)12(3)9-18/h4-7,11-13,16,18H,8-10H2,1-3H3",C17H25O3,M+H,277.17982063223,7.000180562337233,0.04461181923522606
2337,NPA021849,Mohangic acid D,"InChI=1S/C28H41NO7/c1-18(9-7-5-6-8-10-24(31)16-27(34)35)28(36)20(3)15-19(2)25(32)17-26(33)22-11-13-23(14-12-22)29-21(4)30/h5-14,18-20,24-26,28,31-33,36H,15-17H2,1-4H3,(H,29,30)(H,34,35)",C28H42NO7,M+H,504.29557866285,5.213309224446617,0.6912411971830986
2338,peak_2338_metfrag_4,"5-[(E,3R,4R)-9-aminosulfanyl-3-ethyl-4-(2-morpholin-4-ylethoxy)non-5-enyl]-3-[3-(3-methylphenyl)propyl]-3,4-dihydro-2H-1,5-benzoxazepine-7-carboxamide","InChI=1S/C37H56N4O4S/c1-3-32(35(13-5-4-6-24-46-39)44-23-20-40-18-21-43-22-19-40)16-17-41-27-31(12-8-11-30-10-7-9-29(2)25-30)28-45-36-15-14-33(37(38)42)26-34(36)41/h5,7,9-10,13-15,25-26,31-32,35H,3-4,6,8,11-12,16-24,27-28,39H2,1-2H3,(H2,38,42)",C37H57N4O4S,M+H,653.40950347528,7.96346282958985,0.07627829002514674
2339,peak_2339_metfrag_2,"ethyl (3S)-3-[2-fluoro-5-(4-fluoro-2,6-dimethylphenyl)-3-methylphenyl]-3-[[(2S)-2-[5-[2-[(3R)-3-fluoropyrrolidin-1-yl]ethyl]-4-methyl-2-oxopyridin-1-yl]-4-methylpentyl]amino]propanoate","InChI=1S/C38H50F3N3O3/c1-8-47-36(46)19-34(33-18-29(14-27(7)38(33)41)37-25(5)15-31(40)16-26(37)6)42-20-32(13-23(2)3)44-21-28(24(4)17-35(44)45)9-11-43-12-10-30(39)22-43/h14-18,21,23,30,32,34,42H,8-13,19-20,22H2,1-7H3",C38H51F3N3O3,M+H,654.38770297169,3.8897232055664,0.23121480289621887
2340,C09229,Ochrolifuanine A,"InChI=1S/C29H34N4/c1-2-18-17-33-14-12-23-21-8-4-6-10-25(21)32-29(23)27(33)16-19(18)15-26-28-22(11-13-30-26)20-7-3-5-9-24(20)31-28/h3-10,18-19,26-27,30-32H,2,11-17H2,1H3",C29H35N4,M+H,439.28562311354,3.8897232055664,0.7645312886470443
2341,peak_2341_msfinder_1,octodrine,"InChI=1S/C8H19N/c1-7(2)5-4-6-8(3)9/h7-8H,4-6,9H2,1-3H3",C8H20N,M+H,130.1590256168,4.388525390625,0.3399455464799689
2343,peak_2343_msfinder_1,"N-benzyl-2-[7-hydroxy-8-(hydroxymethyl)-4a,8-dimethyl-2-[(pyridin-3-yl)amino]-4H,4aH,5H,6H,7H,8H,8aH,9H-naphtho[2,3-d][1,3]thiazol-4-yl]-N-methylacetamide","InChI=1S/C29H36N4O3S/c1-28-12-11-24(35)29(2,18-34)23(28)15-22-26(32-27(37-22)31-20-10-7-13-30-16-20)21(28)14-25(36)33(3)17-19-8-5-4-6-9-19/h4-10,13,16,21,23-24,34-35H,11-12,14-15,17-18H2,1-3H3,(H,31,32)",C29H37N4O3S,M+H,521.25808821111,5.686886596679684,0.5877123142250531
2351,peak_2351_msfinder_1,"2-{3,4-dihydroxy-5-[(propane-2-sulfonamido)methyl]oxolan-2-yl}-N-(propan-2-yl)acetamide","InChI=1S/C13H26N2O6S/c1-7(2)15-11(16)5-9-12(17)13(18)10(21-9)6-14-22(19,20)8(3)4/h7-10,12-14,17-18H,5-6H2,1-4H3,(H,15,16)",C13H27N2O6S,M+H,339.15843373866,5.468076070149733,0.5919811320754716
2352,peak_2352_msfinder_1,"N-[(2R,3S,6S)-2-(hydroxymethyl)-6-[2-oxo-2-(1-piperidinyl)ethyl]-3,6-dihydro-2H-pyran-3-yl]ethanesulfonamide","InChI=1S/C15H26N2O5S/c1-2-23(20,21)16-13-7-6-12(22-14(13)11-18)10-15(19)17-8-4-3-5-9-17/h6-7,12-14,16,18H,2-5,8-11H2,1H3",C15H27N2O5S,M+H,347.16351911909,7.3288813273111995,0.4462832338578405
2353,peak_2353_metfrag_1,methyl 2-[(3-methylimidazol-3-ium-1-carbonyl)-propan-2-ylamino]acetate,"InChI=1S/C11H18N3O3/c1-9(2)14(7-10(15)17-4)11(16)13-6-5-12(3)8-13/h5-6,8-9H,7H2,1-4H3",C11H19N3O3,M+H,241.14209245214,5.39332377115885,0.01810500905250445
2354,peak_2354_sirius_1,2-(Tetradecylamino)ethanol,"InChI=1S/C16H35NO/c1-2-3-4-5-6-7-8-9-10-11-12-13-14-17-15-16-18/h17-18H,2-16H2,1H3",C16H36NO,M+H,258.27914075204995,6.783534749348967,0.24205109354898002
2355,C10013,Sativanine B,"InChI=1S/C30H38N4O4/c1-5-6-12-24-30(37)34(19-33(24)4)26-27(22-10-8-7-9-11-22)38-23-15-13-21(14-16-23)17-18-31-28(35)25(20(2)3)32-29(26)36/h7-11,13-18,20,24-27H,5-6,12,19H2,1-4H3,(H,31,35)(H,32,36)",C30H38N4NaO4,M+Na,541.27852372074,4.315054829915367,0.4891730253660549
2356,peak_2356_sirius_1,1-[2-[2-[2-[2-(2-Pentoxyethoxy)ethoxy]ethoxy]ethoxy]ethoxy]pentane,"InChI=1S/C20H42O6/c1-3-5-7-9-21-11-13-23-15-17-25-19-20-26-18-16-24-14-12-22-10-8-6-4-2/h3-20H2,1-2H3",C20H46NO6,M+NH4,396.33196207108,7.880073038736983,0.627346231591106
2357,NPA012775,Cineromycin B,"InChI=1S/C17H26O4/c1-12-6-5-7-13(2)15(18)8-10-17(4,20)11-9-16(19)21-14(12)3/h7-12,14-15,18,20H,5-6H2,1-4H3",C17H27O4,M+H,295.19038531626,7.196614074707033,0.04756871035940813
2358,peak_2358_msfinder_1,UNPD111190,"InChI=1S/C17H24O3/c1-11-10-13(18)15-16(2,3)8-5-9-17(15,4)12(11)6-7-14(19)20/h6-7,10,12,15H,5,8-9H2,1-4H3,(H,19,20)",C17H25O3,M+H,277.17982063223,7.196614074707033,0.03907039407207802
2359,peak_2359_metfrag_1,"N-(4-tert-butyl-1,3-thiazol-2-yl)-2-[(5,8-dimethyl-[1,2,4]triazino[5,6-b]indol-3-yl)sulfanyl]acetamide","InChI=1S/C20H22N6OS2/c1-11-6-7-13-12(8-11)16-17(26(13)5)23-19(25-24-16)29-10-15(27)22-18-21-14(9-28-18)20(2,3)4/h6-9H,10H2,1-5H3,(H,21,22,27)",C20H23N6OS2,M+H,427.13692770401,4.274492390950517,0.17432598039215685
2361,peak_2361_sirius_1,"(1E,3E,5E,7E,9E)-1,3,5,7,9-Cyclodecapentene",InChI=1S/C10H10/c1-2-4-6-8-10-9-7-5-3-1/h1-10H,C13H19O,M+IsoProp+H,191.14359032229999,2.8153208414713498,0.5827680762014722
2363,peak_2363_msfinder_1,"N3-(2-furanylmethylideneamino)-5-methyl-1,2,4-triazole-3,4-diamine","InChI=1S/C8H10N6O/c1-6-11-13-8(14(6)9)12-10-5-7-3-2-4-15-7/h2-5H,9H2,1H3,(H,12,13)",C8H11N6O,M+H,207.09888496845,3.834914906819667,0.28104993597951344
2364,C11924,Perillic acid,"InChI=1S/C10H14O2/c1-7(2)8-3-5-9(6-4-8)10(11)12/h5,8H,1,3-4,6H2,2H3,(H,11,12)",C10H15O2,M+H,167.10665569036,3.834914906819667,0.7930568079350766
2365,NPA013853,Equisetin,"InChI=1S/C22H31NO4/c1-5-6-15-9-8-14-11-13(2)7-10-16(14)22(15,3)20(26)18-19(25)17(12-24)23(4)21(18)27/h5-6,8-9,13-17,24,26H,7,10-12H2,1-4H3",C22H32NO4,M+H,374.23258448184,8.3350336710612,0.05808396441438124
2368,peak_2368_msfinder_1,"3-pentoxypropane-1,2-diol","InChI=1S/C8H18O3/c1-2-3-4-5-11-7-8(10)6-9/h8-10H,2-7H2,1H3",C8H19O3,M+H,163.13287043884998,3.5506294250488333,0.6631608868675384
2369,VF-NPL-QEHF00192x_1,"(4S,5Z,6S)-4-(2-methoxy-2-oxoethyl)-5-[2-[(E)-3-phenylprop-2-enoyl]oxyethylidene]-6-[(2S,3R,4S,5S,6R)-3,4,5-trihydroxy-6-(hydroxymethyl)oxan-2-yl]oxy-4H-pyran-3-carboxylic acid","InChI=1S/C16H23NO7/c1-9-13(18)23-8-10-4-6-17(22)7-5-11(12(10)17)24-14(19)16(3,21)15(9,2)20/h4,9,11-12,20-21H,5-8H2,1-3H3",C16H23NNaO7,M+Na,364.13667008271,1.7973116556803332,0.9671142245573069
2370,NPA017825,"2-ethyl-7-hydroxy-6,7-dihydro-5H-indolizin-3-one","InChI=1S/C10H13NO2/c1-2-7-5-8-6-9(12)3-4-11(8)10(7)13/h5-6,9,12H,2-4H2,1H3",C10H14NO2,M+H,180.10190466256,2.134549204508467,0.03505291005291011
2373,C14832,"12,13-Epoxy-9-hydroxy-10-octadecenoate","InChI=1S/C18H32O4/c1-2-3-7-11-16-17(22-16)14-13-15(19)10-8-5-4-6-9-12-18(20)21/h13-17,19H,2-12H2,1H3,(H,20,21)",C18H34O4,M+2H,157.12230575482,5.4867009480794335,0.0
2374,C08607,Neurosporaxanthin,"InChI=1S/C35H46O2/c1-27(17-11-19-29(3)21-13-22-32(6)34(36)37)15-9-10-16-28(2)18-12-20-30(4)24-25-33-31(5)23-14-26-35(33,7)8/h9-13,15-22,24-25H,14,23,26H2,1-8H3,(H,36,37)",C35H46NaO2,M+Na,521.33899872172,2.8913225809733003,0.9735318759996954
2375,peak_2375_msfinder_2,MINEs-382642,"InChI=1S/C26H34N2O5S2/c1-17(2)10-8-9-13-26(4,30)25-28-20(16-35-25)24-27-19(15-34-24)11-12-21(31-5)18(3)22(32-6)14-23(29)33-7/h8-18,21,30H,1-7H3",C26H35N2O5S2,M+H,519.1981905513301,3.122646077473967,0.6473081148956208
2377,C16507,(10S)-Juvenile hormone III diol phosphate,"InChI=1S/C16H29O7P/c1-12(7-6-8-13(2)11-15(17)22-5)9-10-14(16(3,4)18)23-24(19,20)21/h7,11,14,18H,6,8-10H2,1-5H3,(H2,19,20,21)",C16H30O7P,M+H,365.17236627008,3.2446479797363335,0.867731244350708
2382,peak_2382_sirius_1,HO-Peg7-CH2cooh,"InChI=1S/C16H32O10/c17-1-2-20-3-4-21-5-6-22-7-8-23-9-10-24-11-12-25-13-14-26-15-16(18)19/h17H,1-15H2,(H,18,19)",C16H36NO10,M+NH4,402.23337022706,2.497526550292967,0.44094584660622393
2383,peak_2383_sirius_1_metfrag_6,"3,5,5-trimethyl-4-(3-{[3,4,5-trihydroxy-6-({[3,4,5-trihydroxy-6-(hydroxymethyl)oxan-2-yl]oxy}methyl)oxan-2-yl]oxy}butyl)cyclohex-2-en-1-one","InChI=1S/C25H42O12/c1-11-7-13(27)8-25(3,4)14(11)6-5-12(2)35-24-22(33)20(31)18(29)16(37-24)10-34-23-21(32)19(30)17(28)15(9-26)36-23/h7,12,14-24,26,28-33H,5-6,8-10H2,1-4H3",C25H43O12,M+H,535.2749027885001,3.10369822184245,0.7406006674082314
2384,NPA024392,Toblerol C,"InChI=1S/C13H22O2/c1-2-3-4-5-6-7-8-9-11-10-12(11)13(14)15/h7-8,11-12H,2-6,9-10H2,1H3,(H,14,15)",C13H23O2,M+H,211.16925594819998,3.10369822184245,0.0009743423189346734
2386,C13392,Azulene,InChI=1S/C10H8/c1-2-5-9-7-4-8-10(9)6-3-1/h1-8H,C10H9,M+H,129.06987625783998,7.15556640625,0.001545197012619015
2387,NPA004235,Asterriquinone SU-5503,"InChI=1S/C33H30N2O6/c1-16(2)12-14-22-24(18-8-5-6-11-21(18)34-22)26-29(36)31(38)27(32(39)30(26)37)25-19-9-7-10-20(33(40)41)28(19)35-23(25)15-13-17(3)4/h5-13,34-36,39H,14-15H2,1-4H3,(H,40,41)",C33H32N2O6,M+2H,276.11246934659,1.0508883158365883,0.5510357411183857
2388,C15628,SR 12813,"InChI=1S/C24H42O7P2/c1-11-28-32(26,29-12-2)21(33(27,30-13-3)31-14-4)17-18-15-19(23(5,6)7)22(25)20(16-18)24(8,9)10/h15-17,25H,11-14H2,1-10H3",C24H44O7P2,M+2H,253.127564843745,1.0508883158365883,0.8494292676670514
2389,NPA026172,N-acetyl-homoserine lactone,"InChI=1S/C6H9NO3/c1-4(8)7-5-2-3-10-6(5)9/h5H,2-3H2,1H3,(H,7,8)",C6H9NNaO3,M+Na,166.04746115321,1.0508883158365883,0.00454710803928704
2392,peak_2392_msfinder_1,"[(3S)-2-[(S)-tert-butylsulfinyl]-3-(2-hydroxyethyl)-4-[3-(2-methoxyphenyl)phenyl]-1,3-dihydropyrrolo[3,4-c]pyridin-6-yl]-(1-piperidinyl)methanone","InChI=1S/C32H39N3O4S/c1-32(2,3)40(38)35-21-24-20-26(31(37)34-16-8-5-9-17-34)33-30(29(24)27(35)15-18-36)23-12-10-11-22(19-23)25-13-6-7-14-28(25)39-4/h6-7,10-14,19-20,27,36H,5,8-9,15-18,21H2,1-4H3",C32H40N3O4S,M+H,562.2734039229401,2.40245208740235,0.5742885922941324
2394,C16791,Halichondrin B,"InChI=1S/C60H86O19/c1-26-13-33-7-9-37-27(2)14-35(65-37)11-12-58-23-46-54(78-58)55-56(72-46)57(79-58)53-38(69-55)10-8-34(67-53)16-48(64)73-52-31(6)51-43(68-42(52)17-39(66-33)30(26)5)19-41-45(71-51)22-60(74-41)24-47-50(77-60)29(4)21-59(76-47)20-28(3)49-44(75-59)18-40(70-49)36(63)15-32(62)25-61/h26,28-29,31-47,49-57,61-63H,2,5,7-25H2,1,3-4,6H3",C60H88O19,M+2H,556.295441271805,5.643119812011717,0.07254623044096731
2395,NPA001142,Sulfoalkylresorcinol,"InChI=1S/C23H40O5S/c1-2-3-11-15-23(29(26,27)28)16-13-10-8-6-4-5-7-9-12-14-20-17-21(24)19-22(25)18-20/h17-19,23-25H,2-16H2,1H3,(H,26,27,28)",C23H40NaO5S,M+Na,451.24886356145,5.276346842447917,0.3560987903225806
2396,peak_2396_msfinder_1,phthalic anhydride,InChI=1S/C8H4O3/c9-7-5-3-1-2-4-6(5)8(10)11-7/h1-4H,C8H5O3,M+H,149.02331998763,6.052140808105467,0.6706610481959442
2398,NPA019282,Nocardioazine B,"InChI=1S/C29H32N4O2/c1-17(2)13-14-29-16-23-24(34)32-22(15-28(3)18-9-5-7-11-20(18)30-26(28)32)25(35)33(23)27(29)31(4)21-12-8-6-10-19(21)29/h5-13,22-23,26-27,30H,14-16H2,1-4H3",C29H33N4O2,M+H,469.25980228822,5.7116719563802,0.181640625
2399,NPA001142,Sulfoalkylresorcinol,"InChI=1S/C23H40O5S/c1-2-3-11-15-23(29(26,27)28)16-13-10-8-6-4-5-7-9-12-14-20-17-21(24)19-22(25)18-20/h17-19,23-25H,2-16H2,1H3,(H,26,27,28)",C23H40NaO5S,M+Na,451.24886356145,5.7116719563802,0.30053908355795145
2400,C09249,Usambarensine,"InChI=1S/C29H28N4/c1-2-18-17-33-14-12-23-21-8-4-6-10-25(21)32-29(23)27(33)16-19(18)15-26-28-22(11-13-30-26)20-7-3-5-9-24(20)31-28/h2-11,13,19,27,31-32H,12,14-17H2,1H3",C29H29N4,M+H,433.23867292016,5.7116719563802,0.5418469342085633
2401,peak_2401_sirius_1,"N-[(4E,8E)-1-[3,4-dihydroxy-6-(hydroxymethyl)-5-[3,4,5-trihydroxy-6-(hydroxymethyl)oxan-2-yl]oxyoxan-2-yl]oxy-3-hydroxypentadeca-4,8-dien-2-yl]butanamide","InChI=1S/C31H55NO13/c1-3-5-6-7-8-9-10-11-12-13-15-20(35)19(32-23(36)14-4-2)18-42-30-28(41)26(39)29(22(17-34)44-30)45-31-27(40)25(38)24(37)21(16-33)43-31/h9-10,13,15,19-22,24-31,33-35,37-41H,3-8,11-12,14,16-18H2,1-2H3,(H,32,36)",C32H58NO15,M+CH2O2+H,696.3800965914901,3.3441146850586,0.023718439173680217
2403,peak_2403_msfinder_1,"11-({5-hydroxy-1-methyl-4-oxo-6-[(4-phenylpiperidin-1-yl)methyl]-1,4-dihydropyridin-2-yl}methyl)-7,11-diazatricyclo[7.3.1.0?,?]trideca-2,4-dien-6-one","InChI=1S/C30H36N4O3/c1-31-25(19-33-16-21-14-24(18-33)26-8-5-9-29(36)34(26)17-21)15-28(35)30(37)27(31)20-32-12-10-23(11-13-32)22-6-3-2-4-7-22/h2-9,15,21,23-24,37H,10-14,16-20H2,1H3",C30H37N4O3,M+H,501.28601703671,4.3086420694987,0.6517288004635889
2404,NPA003272,Sch 419560,"InChI=1S/C18H30O3/c1-3-5-7-9-10-12-15-14-17(19)16(18(20)21-15)13-11-8-6-4-2/h14,19H,3-13H2,1-2H3",C18H30NaO3,M+Na,317.20871282561,8.032041931152351,0.0036529680365297024
2408,NPA022983,(±)-ganotheaecolumol C,"InChI=1S/C20H26O5/c1-14(7-5-8-15(2)13-21)6-3-4-11-20(24)19(23)17-12-16(22)9-10-18(17)25-20/h6,8-10,12,21-22,24H,3-5,7,11,13H2,1-2H3",C20H26NaO5,M+Na,369.16724193582996,2.1162391662597666,0.002561912894961549
2409,peak_2409_msfinder_1,isovaleryl diethylamide,"InChI=1S/C9H19NO/c1-5-10(6-2)9(11)7-8(3)4/h8H,5-7H2,1-4H3",C9H20NO,M+H,158.15394023636998,6.9178807576497325,0.6419486958396206
2410,NPA001540,MR-304A,"InChI=1S/C8H11NO4/c1-4(10)8(13)6(11)3-5(9-2)7(8)12/h3-4,6-7,10-13H,1H3",C8H12NO4,M+H,186.07608383724,0.9642049789428717,0.01836844948676386
2411,peak_2411_metfrag_1,bis(3-morpholin-4-ylpropyl) sulfate,"InChI=1S/C14H28N2O6S/c17-23(18,21-9-1-3-15-5-11-19-12-6-15)22-10-2-4-16-7-13-20-14-8-16/h1-14H2",C14H29N2O6S,M+H,353.17408380312,5.90250142415365,0.38181818181818183
2412,NPA023582,Heterocornol H,"InChI=1S/C17H24O3/c1-11(2)4-5-13-6-8-16(19)15-10-20-17(12(3)18)9-7-14(13)15/h4,6,8,12,17-19H,5,7,9-10H2,1-3H3",C17H25O3,M+H,277.17982063223,5.90250142415365,0.020945541591861128
2413,peak_2413_metfrag_1,2-(15-methylhexadecanoylamino)ethyl-oxidoazanium,"InChI=1S/C19H40N2O2/c1-18(2)14-12-10-8-6-4-3-5-7-9-11-13-15-19(22)20-16-17-21-23/h18H,3-17,21H2,1-2H3,(H,20,22)",C19H41N2O2,M+H,329.3162545372,6.2454493204752675,0.44952503622605056
2414,NPA022102,Pseurotin G,"InChI=1S/C22H23NO8/c1-4-14(24)10-11-15(25)16-12(2)17(26)21(31-16)19(28)22(30-3,23-20(21)29)18(27)13-8-6-5-7-9-13/h5-11,19,24-25,28H,4H2,1-3H3,(H,23,29)",C22H24NO8,M+H,430.14964270228,7.548166402180983,0.9666274509803922
2415,NPA022517,Penitalarin B,"InChI=1S/C23H34O5/c1-16(13-14-24)10-8-11-18(3)15-17(2)9-6-7-12-19-23(4)21(28-23)20(27-19)22(25)26-5/h6-12,16-17,19-21,24H,13-15H2,1-5H3",C23H34NaO5,M+Na,413.22984219367,7.548166402180983,0.0
2416,C10167,(+)-Prosopinine,"InChI=1S/C18H35NO3/c1-2-16(21)11-9-7-5-3-4-6-8-10-15-12-13-18(22)17(14-20)19-15/h15,17-20,22H,2-14H2,1H3",C18H35NNaO3,M+Na,336.25091199119,7.548166402180983,0.9662603922834773
2417,peak_2417_msfinder_1,Gamma-Caprolactone,"InChI=1S/C6H10O2/c1-2-5-3-4-6(7)8-5/h5H,2-4H2,1H3",C6H11O2,M+H,115.07535556144,7.548166402180983,0.43223052294557096
2418,peak_2418_msfinder_1,UNPD167184,"InChI=1S/C21H22O2/c22-19(23)11-17-16-9-8-15-14(12-4-2-1-3-5-12)7-6-13-10-18(17)21(16)20(13)15/h1-9,13-18,20-21H,10-11H2,(H,22,23)",C21H23O2,M+H,307.1692559482,8.643924967447917,0.6366043063889869
2419,peak_2419_sirius_1,1-Benzylidene-2-methylindene,"InChI=1S/C17H14/c1-13-11-15-9-5-6-10-16(15)17(13)12-14-7-3-2-4-8-14/h2-12H,1H3",C17H17O,M+H2O+H,237.12739145122,7.746621195475267,0.2526690391459073
2420,peak_2420_sirius_1,"N-(2,3-dihydro-1,4-benzodioxin-6-yl)-2-(2-nitro-9-oxoacridin-10-yl)acetamide","InChI=1S/C23H17N3O6/c27-22(24-14-5-8-20-21(11-14)32-10-9-31-20)13-25-18-4-2-1-3-16(18)23(28)17-12-15(26(29)30)6-7-19(17)25/h1-8,11-12H,9-10,13H2,(H,24,27)",C26H26N3O7,M+IsoProp+H,492.17707527862,4.345075480143233,0.8634093557516231
2422,NPA009377,Terpendole L,"InChI=1S/C37H49NO5/c1-20(2)12-13-22-10-9-11-25-28(22)24-19-23-14-17-36(39)34(7,35(23,8)30(24)38-25)16-15-26-37(36)32(43-37)29-31(40-26)33(5,6)42-27(41-29)18-21(3)4/h9-12,18,23,26-27,29,31-32,38-39H,13-17,19H2,1-8H3",C37H50NO5,M+H,588.3683496815501,8.01200002034505,0.029848094518965973
2424,peak_2424_metfrag_1,"1-[4-(2-methoxyethoxy)butyl]-2-methyl-3-[1-(1,3,5-trimethylpyrazol-4-yl)propan-2-yl]guanidine","InChI=1S/C18H35N5O2/c1-14(13-17-15(2)22-23(5)16(17)3)21-18(19-4)20-9-7-8-10-25-12-11-24-6/h14H,7-13H2,1-6H3,(H2,19,20,21)",C18H36N5O2,M+H,354.28635138934,7.112368265787767,0.06034776679168086
2425,NPA021508,Psychrophilin I,"InChI=1S/C23H24N4O3/c1-13(2)20-22(29)25-18-9-5-3-8-16(18)23(30)27-12-14(11-17(24)21(28)26-20)15-7-4-6-10-19(15)27/h3-10,12-13,17,20H,11,24H2,1-2H3,(H,25,29)(H,26,28)",C23H24N4NaO3,M+Na,427.17405864995,5.085003153483067,0.40021990104453
2426,NPA000228,Tirandamycin G,"InChI=1S/C22H31NO7/c1-10(6-7-14(24)16-15(25)9-23-21(16)28)8-11(2)19-12(3)20-18(27)17(26)13(4)22(5,29-19)30-20/h6-8,11-13,17-20,24,26-27H,9H2,1-5H3,(H,23,28)",C22H32NO7,M+H,422.21732834055,5.085003153483067,0.5401254319723539
2427,C13482,Phosphodimethylethanolamine,"InChI=1S/C4H12NO4P/c1-5(2)3-4-9-10(6,7)8/h3-4H2,1-2H3,(H2,6,7,8)",C8H25N2O8P2,2M+H,339.10806573578003,2.02268040974935,0.0984360625574976
2428,C19434,8-Hydroxyquinoline,"InChI=1S/C9H7NO/c11-8-5-1-3-7-4-2-6-10-9(7)8/h1-6,11H",C9H8NO,M+H,146.06003984961,2.07208875020345,0.04190695886197626
2430,peak_2430_metfrag_2,"(2S)-2-[(22S)-18-fluoro-4,22,28-trimethyl-21,27-dioxa-1,6,8-triazahexacyclo[26.2.2.16,9.110,14.02,7.015,20]tetratriaconta-2,4,7,9(34),10,12,14(33),15(20),16,18,24-undecaen-3-yl]-2-hydroxyacetic acid","InChI=1S/C34H36FN3O5/c1-21-19-38-20-27-24-9-6-8-23(17-24)26-11-10-25(35)18-28(26)43-22(2)7-4-5-16-42-34(3)12-14-37(15-13-34)30(32(38)36-27)29(21)31(39)33(40)41/h4-6,8-11,17-20,22,31,39H,7,12-16H2,1-3H3,(H,40,41)",C34H37FN3O5,M+H,586.27117543415,4.072969309488934,0.6783709201636693
2432,NPA011081,Chevalone B,"InChI=1S/C28H40O5/c1-16-14-19-18(24(30)31-16)15-22-27(6)11-8-20-25(3,4)23(32-17(2)29)10-12-26(20,5)21(27)9-13-28(22,7)33-19/h14,20-23H,8-13,15H2,1-7H3",C28H41O5,M+H,457.29485038704996,4.8526611328125,0.04445727482678985
2434,peak_2434_sirius_2,"6-N-hexadecyl-4-N-(3-methylphenyl)-5-nitropyrimidine-4,6-diamine","InChI=1S/C27H43N5O2/c1-3-4-5-6-7-8-9-10-11-12-13-14-15-16-20-28-26-25(32(33)34)27(30-22-29-26)31-24-19-17-18-23(2)21-24/h17-19,21-22H,3-16,20H2,1-2H3,(H2,28,29,30,31)",C28H48N5O3,M+CH3OH+H,502.37516464718,8.643924967447917,0.29312388855957316
2435,peak_2435_msfinder_1,N-{4-[3-(hydroxymethyl)-5-oxomorpholin-2-yl]phenyl}-2-methylpropane-1-sulfonamide,"InChI=1S/C15H22N2O5S/c1-10(2)9-23(20,21)17-12-5-3-11(4-6-12)15-13(7-18)16-14(19)8-22-15/h3-6,10,13,15,17-18H,7-9H2,1-2H3,(H,16,19)",C15H23N2O5S,M+H,343.13221899017,8.286554463704434,0.6728099848361133
2437,peak_2437_sirius_1,"2,4-Bis(3,5-dimethylpyrazol-1-yl)-1,3,5-triazine","InChI=1S/C13H15N7/c1-8-5-10(3)19(17-8)12-14-7-15-13(16-12)20-11(4)6-9(2)18-20/h5-7H,1-4H3",C16H24N7O,M+IsoProp+H,330.20423351446,2.4276766459147168,0.5420908379013312
2438,peak_2438_sirius_1,"2-[2-(2-propoxyethoxy)ethoxy]-N,N-bis[2-[2-(2-propoxyethoxy)ethoxy]ethyl]ethanamine","InChI=1S/C27H57NO9/c1-4-10-29-16-22-35-25-19-32-13-7-28(8-14-33-20-26-36-23-17-30-11-5-2)9-15-34-21-27-37-24-18-31-12-6-3/h4-27H2,1-3H3",C30H66NO10,M+IsoProp+H,600.4686724176701,8.781302897135417,0.6078943749140421
2439,NPA016533,Desmethylisaridin C1,"InChI=1S/C35H53N5O7/c1-21(2)18-25-31(42)36-16-15-29(41)47-28(19-22(3)4)35(46)40-17-11-14-27(40)32(43)38-26(20-24-12-9-8-10-13-24)34(45)39(7)30(23(5)6)33(44)37-25/h8-10,12-13,21-23,25-28,30H,11,14-20H2,1-7H3,(H,36,42)(H,37,44)(H,38,43)",C35H54N5O7,M+H,656.40177506733,6.783534749348967,0.012519032312637401
2440,NPA021319,Eurocidin D,"InChI=1S/C40H61NO15/c1-4-23(2)31-15-13-11-9-7-5-6-8-10-12-14-27(54-39-37(49)35(41)36(48)24(3)53-39)20-32-34(38(50)51)30(46)22-40(52,56-32)21-29(45)28(44)17-16-25(42)18-26(43)19-33(47)55-31/h5-14,23-24,26-32,34-37,39,43-46,48-49,52H,4,15-22,41H2,1-3H3,(H,50,51)",C40H62NO15,M+H,796.41139626401,4.706525675455733,0.962775152702547
2444,peak_2444_msfinder_1,"4-(aminomethyl)-4-[(3-methylbutoxy)methyl]cyclopentane-1,2-diol","InChI=1S/C12H25NO3/c1-9(2)3-4-16-8-12(7-13)5-10(14)11(15)6-12/h9-11,14-15H,3-8,13H2,1-2H3",C12H26NO3,M+H,232.19071966888998,2.358649444580083,0.7027540360873694
2445,peak_2445_sirius_2,,"InChI=1S/C28H40Cl2O6/c1-7-35-25-17(4)21-19(14-27(25,6)34)12-13-20-15(2)10-8-9-11-16(3)36-26(33)18(5)23(31)28(29,30)24(32)22(20)21/h8-13,15-23,25,31,34H,7,14H2,1-6H3",C30H44Cl2NO6,M+ACN+H,584.25401737062,4.646523539225267,0.40997593524392917
2446,NPA031483,13-Hydroxypiericidin A 10-O-α-D-galactose (1→6)-β-D-glucoside,"InChI=1S/C37H57NO15/c1-18(11-12-23-22(5)26(41)34(48-6)35(38-23)49-7)9-8-10-19(2)15-21(4)33(20(3)13-14-39)53-37-32(47)30(45)28(43)25(52-37)17-50-36-31(46)29(44)27(42)24(16-40)51-36/h8,10-11,13,15,21,24-25,27-33,36-37,39-40,42-47H,9,12,14,16-17H2,1-7H3,(H,38,41)",C37H57NNaO15,M+Na,778.3620381350901,3.9090937296549497,0.011076186199670657
2447,C07699,Nisoldipine,"InChI=1S/C20H24N2O6/c1-11(2)10-28-20(24)17-13(4)21-12(3)16(19(23)27-5)18(17)14-8-6-7-9-15(14)22(25)26/h6-9,11,18,21H,10H2,1-5H3",C20H24N2NaO6,M+Na,411.1526544998,3.9090937296549497,0.7038562764618377
2448,C07699,Nisoldipine,"InChI=1S/C20H24N2O6/c1-11(2)10-28-20(24)17-13(4)21-12(3)16(19(23)27-5)18(17)14-8-6-7-9-15(14)22(25)26/h6-9,11,18,21H,10H2,1-5H3",C20H25N2O6,M+H,389.1707124998,3.9090937296549497,0.9301962823345898
2449,EQ333xxx_1,Allopurinol,"InChI=1S/C5H4N4O/c10-5-3-1-8-9-4(3)6-2-7-5/h1-2H,(H2,6,7,8,9,10)",C5H5N4O,M+H,137.04578676620997,0.97639668782552,0.679664570230608
2458,NPA019282,Nocardioazine B,"InChI=1S/C29H32N4O2/c1-17(2)13-14-29-16-23-24(34)32-22(15-28(3)18-9-5-7-11-20(18)30-26(28)32)25(35)33(23)27(29)31(4)21-12-8-6-10-19(21)29/h5-13,22-23,26-27,30H,14-16H2,1-4H3",C29H32N4NaO2,M+Na,491.24174428822,5.219417317708333,0.07932593505959729
2459,NPA004278,Hygrophorone F12,"InChI=1S/C18H30O3/c1-2-3-4-5-6-7-8-9-10-11-12-16(19)15-17-13-14-18(20)21-17/h13-16,19H,2-12H2,1H3",C18H30NaO3,M+Na,317.20871282561,7.226907857259117,0.02541436464088398
2464,peak_2464_msfinder_1,"3-({3-[5-(1-methyl-1H-imidazol-5-yl)-1,3,4-oxadiazol-2-yl]pyrrolidin-1-yl}methyl)benzonitrile","InChI=1S/C18H18N6O/c1-23-12-20-9-16(23)18-22-21-17(25-18)15-5-6-24(11-15)10-14-4-2-3-13(7-14)8-19/h2-4,7,9,12,15H,5-6,10-11H2,1H3",C18H19N6O,M+H,335.16148522629,3.627650197347,0.8187897390923043
2466,NPA005499,"CJ-13,982","InChI=1S/C18H32O7/c1-2-3-4-5-6-7-8-9-10-11-12-14(16(21)22)18(25,17(23)24)13-15(19)20/h14,25H,2-13H2,1H3,(H,19,20)(H,21,22)(H,23,24)",C18H32NaO7,M+Na,383.20402136834997,8.298681640625,0.6883979103178058
2467,peak_2467_sirius_1,Phenethyl Sophoroside,"InChI=1S/C20H30O11/c21-8-11-13(23)15(25)17(27)19(29-11)31-18-16(26)14(24)12(9-22)30-20(18)28-7-6-10-4-2-1-3-5-10/h1-5,11-27H,6-9H2",C20H34NO11,M+NH4,464.21263478216997,2.592757924397783,0.6959978439563401
2470,NPA000212,35‐O‐α‐altruronopyranosylbacteriohopanetetrol,"InChI=1S/C41H70O10/c1-22(9-10-25(42)30(44)26(43)21-50-36-33(47)31(45)32(46)34(51-36)35(48)49)23-13-18-38(4)24(23)14-19-40(6)28(38)11-12-29-39(5)17-8-16-37(2,3)27(39)15-20-41(29,40)7/h22-34,36,42-47H,8-21H2,1-7H3,(H,48,49)",C41H72O10,M+2H,362.2557252259,3.5060188293456997,0.030756315347630236
2471,C15141,N-(Phenylmethyl)-N-methyl-2-pyridinamine,"InChI=1S/C13H14N2/c1-15(13-9-5-6-10-14-13)11-12-7-3-2-4-8-12/h2-10H,11H2,1H3",C13H15N2,M+H,199.12297446008,3.5060188293456997,0.06260963432735123
2473,C00147,Adenine,"InChI=1S/C5H5N5/c6-4-3-5(9-1-7-3)10-2-8-4/h1-2H,(H3,6,7,8,9,10)",C5H6N5,M+H,136.06177118329998,1.160809326171875,0.9696098380960807
2476,NPA003176,Melithiazol L,"InChI=1S/C21H30N2O5S2/c1-13(10-25-3)20-23-16(12-30-20)21-22-15(11-29-21)7-8-17(26-4)14(2)18(27-5)9-19(24)28-6/h7-9,11,13-14,16-17H,10,12H2,1-6H3",C21H32N2O5S2,M+2H,228.087083211205,2.6448081970214834,0.27039777983348756
2480,NPA005757,Dioxolide A,"InChI=1S/C9H11NO4/c10-9(12)5-1-2-6-7(3-5)14-8(4-11)13-6/h1-2,7-8,11H,3-4H2,(H2,10,12)",C9H12NO4,M+H,198.07608383724,2.0659075419108,0.337037037037037
2483,NPA011131,Thaxtomin C,"InChI=1S/C21H20N4O4/c1-24-18(11-14-12-22-15-8-5-9-17(19(14)15)25(28)29)20(26)23-16(21(24)27)10-13-6-3-2-4-7-13/h2-9,12,16,18,22H,10-11H2,1H3,(H,23,26)",C21H20N4NaO4,M+Na,415.1376731406,2.6696372985839836,0.01630434782608703
2484,NPA017388,Diclavatol,"InChI=1S/C19H20O6/c1-8-5-12(10(3)20)18(24)14(16(8)22)7-15-17(23)9(2)6-13(11(4)21)19(15)25/h5-6,22-25H,7H2,1-4H3",C19H21O6,M+H,345.13326436202,2.6696372985839836,0.02546148949713567
2485,C09462,(-)-alpha-Hydrastine,"InChI=1S/C21H21NO6/c1-22-7-6-11-8-15-16(27-10-26-15)9-13(11)18(22)19-12-4-5-14(24-2)20(25-3)17(12)21(23)28-19/h4-5,8-9,18-19H,6-7,10H2,1-3H3",C21H22NO6,M+H,384.14416339868,3.135331471761067,0.9220056930151084
2486,peak_2486_msfinder_1,"9-hydroxy-1,1,4a,8-tetramethyl-7-{2-[2-(N-methylacetamido)ethoxy]-2-oxoethylidene}-10-oxo-1,2,3,4,4a,6,7,8,8a,9,10,10a-dodecahydrophenanthren-2-yl propanoate","InChI=1S/C28H41NO7/c1-8-21(31)36-20-11-12-28(6)19-10-9-18(15-22(32)35-14-13-29(7)17(3)30)16(2)23(19)24(33)25(34)26(28)27(20,4)5/h10,15-16,20,23-24,26,33H,8-9,11-14H2,1-7H3",C28H42NO7,M+H,504.29557866285,4.1873334248860665,0.055969603974864945
2488,peak_2488_msfinder_1,Tiglylglycine,"InChI=1S/C7H11NO3/c1-3-5(2)7(11)8-4-6(9)10/h3H,4H2,1-2H3,(H,8,11)(H,9,10)",C7H12NO3,M+H,158.08116921766998,1.96517855326335,0.3279831045406547
2490,NPA001131,Pyloricidin D,"InChI=1S/C15H22N2O7/c16-9(7-18)12(21)13(22)14(23)15(24)17-10(6-11(19)20)8-4-2-1-3-5-8/h1-5,9-10,12-14,18,21-23H,6-7,16H2,(H,17,24)(H,19,20)",C15H23N2O7,M+H,343.14997705491,8.409575398763018,0.9409023840956745
2495,C19250,Hexamethylphosphoramide,"InChI=1S/C6H18N3OP/c1-7(2)11(10,8(3)4)9(5)6/h1-6H3",C6H18N3NaOP,M+Na,202.10796721141998,1.0268466949462884,0.2832013262110885
2496,peak_2496_metfrag_3,"5-[4-[(3-bromophenyl)methylamino]-6-methoxy-2-methylquinazolin-7-yl]oxy-N-methoxy-N,2,2,4,4-pentamethylpentanamide","InChI=1S/C28H37BrN4O4/c1-18-31-22-14-24(37-17-27(2,3)16-28(4,5)26(34)33(6)36-8)23(35-7)13-21(22)25(32-18)30-15-19-10-9-11-20(29)12-19/h9-14H,15-17H2,1-8H3,(H,30,31,32)",C28H38BrN4O4,M+H,573.20709428851,3.135331471761067,0.0763733809736491
2498,NPA029127,Conglobatin B1,"InChI=1S/C27H36N2O6/c1-17-9-20(4)25(12-23-14-29-16-33-23)35-26(30)19(3)8-6-7-18(2)24(11-22-13-28-15-32-22)34-27(31)21(5)10-17/h8,10,13-18,20,24-25H,6-7,9,11-12H2,1-5H3",C27H38N2O6,M+2H,243.13594444327998,7.584758504231767,0.2877229080932785
2500,C09578,Vernoflexin,"InChI=1S/C20H24O4/c1-10(2)8-17(21)23-16-9-15-11(3)6-7-14-12(4)20(22)24-19(14)18(15)13(16)5/h8,14-16,18-19H,3-7,9H2,1-2H3",C20H26O4,M+2H,165.09100562589998,7.584758504231767,0.013853904282115748
2502,C17818,Gomisin F,"InChI=1S/C28H34O9/c1-9-14(2)27(29)37-26-17-12-19-23(36-13-35-19)25(34-8)21(17)20-16(10-15(3)28(26,4)30)11-18(31-5)22(32-6)24(20)33-7/h9,11-12,15,26,30H,10,13H2,1-8H3",C28H34NaO9,M+Na,537.2095006719501,2.7841041564941333,0.0007479431563200967
2503,NPA026897,Asperlactone H,"InChI=1S/C30H34O7/c1-19(2)7-9-23-17-21(8-14-25(23)36-16-15-20(3)4)18-30(29(33)35-6)26(27(34-5)28(32)37-30)22-10-12-24(31)13-11-22/h7-8,10-15,17,31H,9,16,18H2,1-6H3",C30H35O7,M+H,507.23772943281,4.3532943725586,0.07739837398373983
2504,NPA011518,Dicitrinone A,"InChI=1S/C28H34O6/c1-8-9-18(23-25(29)14(4)21-12(2)16(6)33-10-19(21)27(23)31)24-26(30)15(5)22-13(3)17(7)34-11-20(22)28(24)32/h10-13,16-18,29-30H,8-9H2,1-7H3",C28H35O6,M+H,467.24281481324,4.3532943725586,0.017693715680292876
2505,NPA004506,Ustiloxin D,"InChI=1S/C23H34N4O8/c1-6-23(4)19(22(34)25-10-15(29)30)27-20(32)16(11(2)3)26-21(33)17(24-5)18(31)12-7-8-13(28)14(9-12)35-23/h7-9,11,16-19,24,28,31H,6,10H2,1-5H3,(H,25,34)(H,26,33)(H,27,32)(H,29,30)",C23H34N4NaO8,M+Na,517.2268820701,4.445156860351566,0.5406602254428341
2506,NPA001142,Sulfoalkylresorcinol,"InChI=1S/C23H40O5S/c1-2-3-11-15-23(29(26,27)28)16-13-10-8-6-4-5-7-9-12-14-20-17-21(24)19-22(25)18-20/h17-19,23-25H,2-16H2,1H3,(H,26,27,28)",C23H40NaO5S,M+Na,451.24886356145,4.445156860351566,0.36034416334917174
2511,NPA005391,MF-EA-705α,"InChI=1S/C20H22O2/c1-4-5-11-18-15-16(2)13-14-19(18)17(3)10-8-6-7-9-12-20(21)22/h4-11,13-15H,1,12H2,2-3H3,(H,21,22)",C20H22NaO2,M+Na,317.1511979482,5.013067626953133,0.45654140284516076
2514,peak_2514_msfinder_1,N-(tetradecanoyl)ethanolamine,"InChI=1S/C16H33NO2/c1-2-3-4-5-6-7-8-9-10-11-12-13-16(19)17-14-15-18/h18H,2-15H2,1H3,(H,17,19)",C16H34NO2,M+H,272.25840530716,7.957243855794267,0.6322265295803136
2516,peak_2516_msfinder_1,beta-anthropyranosyl-(1->3)-alpha-L-rhamnopyranosyl-(1->3)-alpha-L-rhamnopyranose,"InChI=1S/C24H43NO14/c1-8-12(25-11(26)7-24(4,5)33)15(29)20(34-6)23(36-8)39-19-14(28)10(3)37-22(17(19)31)38-18-13(27)9(2)35-21(32)16(18)30/h8-10,12-23,27-33H,7H2,1-6H3,(H,25,26)",C24H44NO14,M+H,570.2756310643001,5.9352177937825505,0.9282939462609259
2517,D06228,Triethylcitrate,"InChI=1S/C12H20O7/c1-4-17-9(13)7-12(16,11(15)19-6-3)8-10(14)18-5-2/h16H,4-8H2,1-3H3",C24H41O14,2M+H,553.2490819631801,5.9352177937825505,0.06596942880128731
2518,NPA029862,3-methoxyaplysiatoxin,"InChI=1S/C33H49BrO10/c1-18(9-12-25(39-7)23-13-22(36)10-11-24(23)34)30-20(3)27-16-33(43-30)31(5,6)15-19(2)32(40-8,44-33)17-29(38)41-26(21(4)35)14-28(37)42-27/h10-11,13,18-21,25-27,30,35-36H,9,12,14-17H2,1-8H3",C33H51BrO10,M+2H,343.132731187485,8.112789408365883,0.9424696765498652
2521,EMBL-MCF_specxxxx_1,Sphingosine (C17 base),"InChI=1S/C17H35NO2/c1-2-3-4-5-6-7-8-9-10-11-12-13-14-17(20)16(18)15-19/h13-14,16-17,19-20H,2-12,15,18H2,1H3",C17H36NO2,M+H,286.27405537162,8.242033386230467,0.9824376271952966
2522,C09509,Microhelenin C,"InChI=1S/C20H26O5/c1-6-10(2)18(22)25-17-16-12(4)19(23)24-14(16)9-11(3)13-7-8-15(21)20(13,17)5/h6-8,11-14,16-17H,9H2,1-5H3",C20H26NaO5,M+Na,369.16724193582996,2.2457389831543,0.04325699745547085
2523,C03858,D-Glucosyldihydrosphingosine,"InChI=1S/C24H49NO7/c1-2-3-4-5-6-7-8-9-10-11-12-13-14-15-19(27)18(25)17-31-24-23(30)22(29)21(28)20(16-26)32-24/h18-24,26-30H,2-17,25H2,1H3",C24H50NO7,M+H,464.35817892069,8.447787984212233,0.9830508474576272
2525,NPA011806,"(1S,2R)-3-oxo-2-pentylcyclopentane-1-hexanoic acid methyl ester","InChI=1S/C17H30O3/c1-3-4-6-10-15-14(12-13-16(15)18)9-7-5-8-11-17(19)20-2/h14-15H,3-13H2,1-2H3",C17H31O3,M+H,283.22677082561,8.447787984212233,0.002796420581655523
2526,peak_2526_sirius_1,"N-[2-(2,6-dimethylmorpholin-4-yl)-2-methylpropyl]-2-(2-methoxyethylamino)acetamide","InChI=1S/C15H31N3O3/c1-12-9-18(10-13(2)21-12)15(3,4)11-17-14(19)8-16-6-7-20-5/h12-13,16H,6-11H2,1-5H3,(H,17,19)",C19H38N5O3,M+2ACN+H,384.29691187112996,4.457358805338533,0.7028207246547857
2527,NPA014064,Salinilactam,"InChI=1S/C28H39NO5/c1-21-14-8-4-6-10-17-23(3)29-26(32)19-13-12-16-22(2)27(33)28(34)25(31)20-24(30)18-11-7-5-9-15-21/h4-16,18-19,22-25,27-28,30-31,33-34H,17,20H2,1-3H3,(H,29,32)",C28H40NO5,M+H,470.29009935925,4.74892578125,0.003911539040168388
2529,NPA017494,Piptamine,"InChI=1S/C23H41N/c1-3-4-5-6-7-8-9-10-11-12-13-14-18-21-24(2)22-23-19-16-15-17-20-23/h15-17,19-20H,3-14,18,21-22H2,1-2H3",C23H42N,M+H,332.33117632586,7.347430928548183,0.9091853471842537
2531,VF-NPL-QEHF0xxxxx_55,"9-(2,3-dihydroxypropoxy)-9-oxononanoic acid","InChI=1S/C12H22O6/c13-8-10(14)9-18-12(17)7-5-3-1-2-4-6-11(15)16/h10,13-14H,1-9H2,(H,15,16)",C12H23O6,M-H2O+H,245.13835042647997,3.3648188273111996,0.3307692307692308
2532,NPA001142,Sulfoalkylresorcinol,"InChI=1S/C23H40O5S/c1-2-3-11-15-23(29(26,27)28)16-13-10-8-6-4-5-7-9-12-14-20-17-21(24)19-22(25)18-20/h17-19,23-25H,2-16H2,1H3,(H,26,27,28)",C23H40NaO5S,M+Na,451.24886356145,6.294247436523434,0.5086245519713262
2534,peak_2534_msfinder_1,"L-Proline, 4-cyclohexyl-, (4S)-","InChI=1S/C11H19NO2/c13-11(14)10-6-9(7-12-10)8-4-2-1-3-5-8/h8-10,12H,1-7H2,(H,13,14)",C11H20NO2,M+H,198.14885485594,3.8781710306803334,0.6028301886792453
2537,C22144,(-)-Ditryptophenaline,"InChI=1S/C42H40N6O4/c1-45-31(21-25-13-5-3-6-14-25)37(51)47-33(35(45)49)23-41(27-17-9-11-19-29(27)43-39(41)47)42-24-34-36(50)46(2)32(22-26-15-7-4-8-16-26)38(52)48(34)40(42)44-30-20-12-10-18-28(30)42/h3-20,31-34,39-40,43-44H,21-24H2,1-2H3",C42H42N6O4,M+2H,347.16282789703,7.249560546875,0.05630407034463192
2539,D06218,Tribromsalan,"InChI=1S/C13H8Br3NO2/c14-7-1-3-9(4-2-7)17-13(19)10-5-8(15)6-11(16)12(10)18/h1-6,18H,(H,17,19)",C13H8Br3NNaO2,M+Na,469.79973430141,6.771342976888017,0.9708404802744426
2540,C07727,2-Indanone,"InChI=1S/C9H8O/c10-9-5-7-3-1-2-4-8(7)6-9/h1-4H,5-6H2",C9H9O,M+H,133.06479087741,6.771342976888017,0.030464422667234814
2541,NPA020663,Avidinorubicin,"InChI=1S/C60H86N4O22/c1-24-45(68)31(63(9)10)18-36(76-24)80-33-21-57(5,74)20-29-40(33)48(71)42-43(47(29)70)49(72)41-28(46(42)69)14-15-30-52(41)85-56-50(73)44(64(11)12)55(60(30,8)86-56)84-39-23-59(7,62)54(27(4)79-39)83-38-22-58(6,61)53(26(3)78-38)82-37-19-32(75-13)51(25(2)77-37)81-35(67)17-16-34(65)66/h14-15,24-27,31-33,36-39,44-45,50-51,53-56,68,70-71,73-74H,16-23,61-62H2,1-13H3,(H,65,66)",C60H88N4O22,M+2H,608.29396121002,3.0581459045410164,0.8463017561851045
2542,NPA011698,Thaxtomin B,"InChI=1S/C22H22N4O5/c1-24-18(11-15-13-23-16-9-6-10-17(19(15)16)26(30)31)20(27)25(2)22(29,21(24)28)12-14-7-4-3-5-8-14/h3-10,13,18,23,29H,11-12H2,1-2H3",C22H22N4NaO5,M+Na,445.14823782463,3.0581459045410164,0.27323811753687655
2553,C14828,"9,10-DHOME","InChI=1S/C18H34O4/c1-2-3-4-5-7-10-13-16(19)17(20)14-11-8-6-9-12-15-18(21)22/h7,10,16-17,19-20H,2-6,8-9,11-15H2,1H3,(H,21,22)",C18H34NaO4,M+Na,337.2349275741,7.0750244140625,0.07056307911617954
2554,NPA024212,Simplifungin,"InChI=1S/C18H37NO4/c1-2-3-4-9-12-15(20)13-10-7-5-6-8-11-14-16(21)17(19)18(22)23/h15-17,20-21H,2-14,19H2,1H3,(H,22,23)",C18H38NO4,M+H,332.27953467521996,7.0750244140625,0.9810551739753943
2556,C10821,Solanocapsine,"InChI=1S/C27H46N2O2/c1-15-13-27(30)24(29-14-15)16(2)23-22(31-27)12-21-19-6-5-17-11-18(28)7-9-25(17,3)20(19)8-10-26(21,23)4/h15-24,29-30H,5-14,28H2,1-4H3",C27H46N2NaO2,M+Na,453.34514673058,3.0763936360676998,0.4547437295528899
2563,NPA027420,Aeruginosin NOL3,"InChI=1S/C30H48N6O6/c1-2-3-4-7-27(40)35-24(15-19-8-11-22(38)12-9-19)29(42)36-25-17-23(39)13-10-20(25)16-26(36)28(41)34-21(18-37)6-5-14-33-30(31)32/h8-9,11-12,20-21,23-26,37-39H,2-7,10,13-18H2,1H3,(H,34,41)(H,35,40)(H4,31,32,33)",C30H50N6O6,M+2H,295.18904264552,8.631815592447916,0.44979296066252594
2564,NPA000947,3α-hydroxytauranin,"InChI=1S/C22H30O5/c1-12-5-6-17-21(2,3)18(25)7-8-22(17,4)15(12)10-14-16(24)9-13(11-23)19(26)20(14)27/h9,15,17-18,23,25,27H,1,5-8,10-11H2,2-4H3",C22H30NaO5,M+Na,397.19854206475,8.1188461303711,0.02245388933440262
2565,NPA027986,Rhabdopeptide K,"InChI=1S/C30H51N5O4/c1-18(2)23(31-9)27(36)33-24(19(3)4)28(37)34-25(20(5)6)30(39)35(10)26(21(7)8)29(38)32-17-16-22-14-12-11-13-15-22/h11-15,18-21,23-26,31H,16-17H2,1-10H3,(H,32,38)(H,33,36)(H,34,37)",C30H52N5O4,M+H,546.40138114416,8.637871297200517,0.93275557695394
2567,C08842,Withanolide D,"InChI=1S/C28H38O6/c1-14-12-22(33-24(31)15(14)2)27(5,32)19-7-6-17-16-13-23-28(34-23)21(30)9-8-20(29)26(28,4)18(16)10-11-25(17,19)3/h8-9,16-19,21-23,30,32H,6-7,10-13H2,1-5H3",C28H39O6,M-H4O2+H,435.25298594216,6.392339070638017,0.07001928497255605
2569,VF-NPL-QEHF0146xx_2,"3-[(3S,5S,8R,10S,13R,14S,17R)-3-[4,5-dihydroxy-6-(hydroxymethyl)-3-[3,4,5-trihydroxy-6-(hydroxymethyl)oxan-2-yl]oxyoxan-2-yl]oxy-14-hydroxy-10,13-dimethyl-1,2,3,4,5,6,7,8,9,11,12,15,16,17-tetradecahydrocyclopenta[a]phenanthren-17-yl]-2H-furan-5-one","InChI=1S/C35H54O14/c1-33-8-5-18(46-32-30(28(42)26(40)23(14-37)48-32)49-31-29(43)27(41)25(39)22(13-36)47-31)12-17(33)3-4-21-20(33)6-9-34(2)19(7-10-35(21,34)44)16-11-24(38)45-15-16/h11,17-23,25-32,36-37,39-44H,3-10,12-15H2,1-2H3",C35H54NaO14,M+Na,721.3405744144001,3.9359840393066334,0.06892523364485992
2571,C01341,E-64,"InChI=1S/C15H27N5O5/c1-8(2)7-9(20-13(22)10-11(25-10)14(23)24)12(21)18-5-3-4-6-19-15(16)17/h8-11H,3-7H2,1-2H3,(H,18,21)(H,20,22)(H,23,24)(H4,16,17,19)",C15H28N5O5,M+H,358.20849499021,2.3263598124186164,0.6952113364280479
2574,NPA010438,Solwaric acid B,"InChI=1S/C18H26O2/c1-3-9-17-14-15(2)12-13-16(17)10-7-5-4-6-8-11-18(19)20/h3,9,12-14H,4-8,10-11H2,1-2H3,(H,19,20)",C18H27O2,M+H,275.20055607712,6.2077265421549495,0.0371315192743763
2575,C10167,(+)-Prosopinine,"InChI=1S/C18H35NO3/c1-2-16(21)11-9-7-5-3-4-6-8-10-15-12-13-18(22)17(14-20)19-15/h15,17-20,22H,2-14H2,1H3",C18H35NNaO3,M+Na,336.25091199119,7.641193644205733,0.9575218336135143
2576,C07411,Paramethadione,"InChI=1S/C7H11NO3/c1-4-7(2)5(9)8(3)6(10)11-7/h4H2,1-3H3",C7H12NO3,M+H,158.08116921766998,1.5327780405680334,0.012568306010928953
2578,NPA021595,Lentzeoside E,"InChI=1S/C12H22O5/c1-3-4-5-6-7-16-12-11(15)10(14)9(13)8(2)17-12/h4-5,8-15H,3,6-7H2,1-2H3",C12H22NaO5,M+Na,269.13594180691,3.741104380289717,0.8727076591154261
2579,C06978,Encainide,"InChI=1S/C22H28N2O2/c1-24-16-6-5-8-19(24)13-10-17-7-3-4-9-21(17)23-22(25)18-11-14-20(26-2)15-12-18/h3-4,7,9,11-12,14-15,19H,5-6,8,10,13,16H2,1-2H3,(H,23,25)",C44H57N4O4,2M+H,705.4374323008801,8.833909098307299,0.03799873337555404
2583,C20902,"3,6-Anhydro-alpha-L-galactopyranose","InChI=1S/C6H10O5/c7-3-2-1-10-5(3)4(8)6(9)11-2/h2-9H,1H2",C6H11O5,M+H,163.06009942014998,0.80379441579183,0.000822368421052655
2584,NPA022531,Serpulanine B,"InChI=1S/C18H24N2O6/c1-12(2)9-10-26-15-7-5-14(6-8-15)11-16(18(22)25-4)20(24)17(21)13(3)19-23/h5-9,16,23-24H,10-11H2,1-4H3",C18H25N2O6,M+H,365.1707124998,5.5623758951823,0.7073396926338102
2585,C17698,Salbostatin,"InChI=1S/C13H23NO8/c15-2-5-1-6(10(18)13(21)9(5)17)14-7-4-22-8(3-16)12(20)11(7)19/h1,6-21H,2-4H2",C13H24NO8,M+H,322.14964270228,5.5623758951823,0.9826788963007883
2586,NPA030997,Alternabenzofuran A,"InChI=1S/C14H16O6/c1-7(15)8(2)19-12(17)6-11-9-4-3-5-10(16)13(9)14(18)20-11/h3-5,7-8,11,15-16H,6H2,1-2H3",C14H16NaO6,M+Na,303.0839062331,1.17894058227539,0.010156971375807844
2587,VF-NPL-QEHF0024xx_3,N-(9-oxodecyl)acetamide,"InChI=1S/C12H23NO2/c1-11(14)9-7-5-3-4-6-8-10-13-12(2)15/h3-10H2,1-2H3,(H,13,15)",C12H24NO2,M+H,214.18015498486,2.921003977457683,0.979518300777546
2588,C01683,Ornaline,"InChI=1S/C10H18N2O6/c11-5-1-2-6(9(15)16)12-7(10(17)18)3-4-8(13)14/h6-7,12H,1-5,11H2,(H,13,14)(H,15,16)(H,17,18)",C10H20N2O6,M+2H,132.06551915321,1.3765468597412116,0.018979333614508653
2589,NPA000884,Lymphostinol,"InChI=1S/C15H14N4O3/c1-7(21)18-11-5-9(16)14-13-8(6-17-14)4-10(19-15(11)13)12(22)2-3-20/h4-6,16,19-20H,2-3H2,1H3,(H,18,21)",C15H14N4NaO3,M+Na,321.09580832765,0.81577574412028,0.0013446884805020654
2591,NPA007546,MR304A,"InChI=1S/C8H11NO4/c1-4(10)8(13)6(11)2-5(3-9)7(8)12/h2,4,6-7,10-13H,1H3",C8H11NNaO4,M+Na,208.05802583724,1.8534679412841832,0.03468001430103684
2592,NPA019282,Nocardioazine B,"InChI=1S/C29H32N4O2/c1-17(2)13-14-29-16-23-24(34)32-22(15-28(3)18-9-5-7-11-20(18)30-26(28)32)25(35)33(23)27(29)31(4)21-12-8-6-10-19(21)29/h5-13,22-23,26-27,30H,14-16H2,1-4H3",C29H33N4O2,M+H,469.25980228822,5.28238423665365,0.28132992327365736
2595,NPA005152,F-10748 D2,"InChI=1S/C43H66O16/c1-5-7-10-18-33(49)55-24-32-36(51)37(52)38(53)43(57-32)59-40-31(23-45)56-41(35-27(22-44)20-28(46)21-30(35)48)39(54)42(40)58-34(50)19-14-9-13-17-29(47)26(4)16-12-8-11-15-25(3)6-2/h9,11,13-15,19-21,25-26,29,31-32,36-48,51-54H,5-8,10,12,16-18,22-24H2,1-4H3",C43H68O16,M+2H,420.22481902015,2.9157290140787833,0.9004010695187166
2597,C16147,"Glycosyl-4,4'-diaponeurosporenoate","InChI=1S/C36H50O7/c1-25(2)14-10-17-28(5)20-11-18-26(3)15-8-9-16-27(4)19-12-21-29(6)22-13-23-30(7)35(41)43-36-34(40)33(39)32(38)31(24-37)42-36/h8-9,11-16,18-23,31-34,36-40H,10,17,24H2,1-7H3",C36H50NaO7,M+Na,617.3448719484901,3.6536229451497335,0.009327593275932688
2598,C18774,Ancymidol,"InChI=1S/C15H16N2O2/c1-19-14-6-4-12(5-7-14)15(18,11-2-3-11)13-8-16-10-17-9-13/h4-11,18H,2-3H2,1H3",C15H17N2O2,M+H,257.12845376368,4.907248433430983,0.002974223397224085
2600,NPA030720,Hansforester E,"InChI=1S/C39H46O16/c1-19(40)6-27(41)14-26-15-31(45)18-33(47)37(26)39(51)55-23(5)10-35(49)53-21(3)8-25-13-30(44)17-32(46)36(25)38(50)54-22(4)9-34(48)52-20(2)7-24-11-28(42)16-29(43)12-24/h11-13,15-23,40,42-47H,6-10,14H2,1-5H3",C39H48O16,M+2H,386.14656869785,2.3263598124186164,0.9361761687039283
2601,NPA000836,N-demethylstreptomycin,"InChI=1S/C20H37N7O12/c1-4-20(35,3-29)15(39-16-6(21)10(31)9(30)5(2-28)37-16)17(36-4)38-14-8(27-19(24)25)11(32)7(26-18(22)23)12(33)13(14)34/h3-17,28,30-35H,2,21H2,1H3,(H4,22,23,26)(H4,24,25,27)",C20H38N7O12,M+H,568.25729565836,5.53184712727865,0.9431235066003368
2603,C03092,6-endo-Hydroxycineole,"InChI=1S/C10H18O2/c1-9(2)7-4-5-10(3,12-9)8(11)6-7/h7-8,11H,4-6H2,1-3H3",C10H19O2,M+H,171.13795581928,5.908670043945317,0.03893214682981083
2604,C17951,N-Acetylbialaphos,"InChI=1S/C13H24N3O7P/c1-7(11(18)15-8(2)13(20)21)14-12(19)10(16-9(3)17)5-6-24(4,22)23/h7-8,10H,5-6H2,1-4H3,(H,14,19)(H,15,18)(H,16,17)(H,20,21)(H,22,23)",C13H24N3NaO7P,M+Na,388.12440512221997,1.3523405710856118,0.9837831485761291
2606,NPA002369,Ganoderiol G,"InChI=1S/C31H52O5/c1-19(9-10-25(34)31(7,35)18-32)20-11-16-30(6)26-21(12-15-29(20,30)5)28(4)14-13-24(33)27(2,3)23(28)17-22(26)36-8/h19-20,22-23,25,32,34-35H,9-18H2,1-8H3",C31H53O5,M+H,505.38875077381,8.483013407389317,0.013414634146341475
2607,NPA024745,Mycangimycin,"InChI=1S/C20H24O4/c1-2-3-4-5-6-7-8-9-10-11-12-13-14-15-18-16-19(24-23-18)17-20(21)22/h2-14,18-19H,1,15-17H2,(H,21,22)",C20H24NaO4,M+Na,351.1566772518,5.84234720865885,0.015141955835962118
2608,NPA003260,"4,5,6-Tri-O-acetyl hygrophorone B14","InChI=1S/C26H42O7/c1-5-6-7-8-9-10-11-12-13-14-15-16-17-24(31-20(2)27)26(33-22(4)29)23(30)18-19-25(26)32-21(3)28/h18-19,24-25H,5-17H2,1-4H3",C26H43O7,M+H,467.30032969065,3.6212791442871164,0.0015838206627679652
2610,NPA016887,Guadinomic acid,"InChI=1S/C10H18N4O4/c11-9-13-6(5-14(9)10(12)18)4-7(15)2-1-3-8(16)17/h6-7,15H,1-5H2,(H2,11,13)(H2,12,18)(H,16,17)",C10H20N4O4,M+2H,130.07367853807,8.367179361979167,0.9863723392273904
2611,C17883,4-Vinylguaiacol,"InChI=1S/C9H10O2/c1-3-7-4-5-8(10)9(6-7)11-2/h3-6,10H,1H2,2H3",C9H11O2,M+H,151.07535556144,5.417544555664066,0.036776212832550836
2614,NPA003535,Lansai B,"InChI=1S/C31H36N4O2/c1-8-29(2,3)18-13-14-22-20(15-18)31(5)17-24-26(37)34-23(25(36)35(24)28(31)33(22)7)16-30(4)19-11-9-10-12-21(19)32(6)27(30)34/h8-15,23-24,27-28H,1,16-17H2,2-7H3",C31H37N4O2,M+H,497.29110241714,7.2087392171224,0.13636363636363635
2615,C10926,Hexazinone,"InChI=1S/C12H20N4O2/c1-14(2)10-13-11(17)16(12(18)15(10)3)9-7-5-4-6-8-9/h9H,4-8H2,1-3H3",C12H20N4NaO2,M+Na,275.14784390146,2.364799499511717,0.7308009422850412
2617,NPA011386,Serratamolide F,"InChI=1S/C25H44N2O8/c1-3-5-7-9-11-13-19-15-23(31)27-20(16-28)24(32)34-18(12-10-8-6-4-2)14-22(30)26-21(17-29)25(33)35-19/h18-21,28-29H,3-17H2,1-2H3,(H,26,30)(H,27,31)",C25H46N2O8,M+2H,251.16215919177,4.8263819376627675,0.5470841842523259
2620,NPA012415,Eurystatin B,"InChI=1S/C24H40N4O5/c1-6-16(4)10-7-8-12-20(29)27-18-11-9-13-25-22(31)19(14-15(2)3)28-24(33)21(30)17(5)26-23(18)32/h8,12,15-19H,6-7,9-11,13-14H2,1-5H3,(H,25,31)(H,26,32)(H,27,29)(H,28,33)",C24H40N4NaO5,M+Na,487.28908840477,6.07093454996745,0.02292795132447878
2621,C00836,Sphinganine,"InChI=1S/C18H39NO2/c1-2-3-4-5-6-7-8-9-10-11-12-13-14-15-18(21)17(19)16-20/h17-18,20-21H,2-16,19H2,1H3",C18H40NO2,M+H,302.30535550054,6.226664225260417,0.018124860147683997
2622,NPA004551,WF14865B,"InChI=1S/C16H25N5O5/c1-8(2)6-10(21-14(23)11-12(26-11)15(24)25)13(22)18-5-3-4-9-7-19-16(17)20-9/h7-8,10-12H,3-6H2,1-2H3,(H,18,22)(H,21,23)(H,24,25)(H3,17,19,20)",C16H26N5O5,M+H,368.19284492574997,8.1553731282552,0.05391239236241108
2623,VF-NPL-QEHFxxxxxx_220,"5,7-dihydroxy-2-(4-hydroxy-3-methoxyphenyl)-3-[3,4,5-trihydroxy-6-[[(2R,3R,4R,5R,6S)-3,4,5-trihydroxy-6-methyloxan-2-yl]oxymethyl]oxan-2-yl]oxychromen-4-one","InChI=1S/C28H32O16/c1-9-18(32)21(35)23(37)27(41-9)40-8-16-19(33)22(36)24(38)28(43-16)44-26-20(34)17-13(31)6-11(29)7-15(17)42-25(26)10-3-4-12(30)14(5-10)39-2/h3-7,9,16,18-19,21-24,27-33,35-38H,8H2,1-2H3",C28H33O16,M+H,625.1763109444801,3.2488917032877667,0.00456360524814603
2624,NPA023191,Borrelidin C,"InChI=1S/C28H43NO7/c1-16-9-17(2)11-19(4)27(33)20(15-29)7-5-6-8-25(22-12-21(30)13-23(22)28(34)35)36-26(32)14-24(31)18(3)10-16/h5-7,16-19,21-25,27,30-31,33H,8-14H2,1-4H3,(H,34,35)",C28H44NO7,M+H,506.31122872731004,5.195015462239583,0.006802721088435382
2625,C17193,Heterocladol,"InChI=1S/C15H26BrClO/c1-9(2)10-5-7-14(3)11(16)6-8-15(4,18)13(14)12(10)17/h9-13,18H,5-8H2,1-4H3",C15H28BrClO,M+2H,169.050053869775,2.3142288208007833,0.8930792377131395
2626,NPA012111,Marinacarboline B,"InChI=1S/C22H19N3O3/c1-13(26)20-21-17(16-4-2-3-5-18(16)24-21)12-19(25-20)22(28)23-11-10-14-6-8-15(27)9-7-14/h2-9,12,24,27H,10-11H2,1H3,(H,23,28)",C22H19N3NaO3,M+Na,396.13185948437,7.0123662312825505,0.7717167760258545
2627,NPA024657,Xenortide C,"InChI=1S/C24H33N3O2/c1-18(2)22(25-3)24(29)27(4)21(17-20-13-9-6-10-14-20)23(28)26-16-15-19-11-7-5-8-12-19/h5-14,18,21-22,25H,15-17H2,1-4H3,(H,26,28)",C24H33N3NaO2,M+Na,418.24649531602,6.690310160319017,0.8959015320151892
2628,NPA027297,Pseudoaeruginosin NS2,"InChI=1S/C27H44N6O5/c1-3-4-5-8-24(36)32-22(15-19-9-11-21(35)12-10-19)26(38)33-16-18(2)14-23(33)25(37)31-20(17-34)7-6-13-30-27(28)29/h9-12,18,20,22-23,34-35H,3-8,13-17H2,1-2H3,(H,31,37)(H,32,36)(H4,28,29,30)",C27H46N6O5,M+2H,267.175935271275,6.690310160319017,0.8824626865671642
2629,NPA012350,Staplabin,"InChI=1S/C28H39NO6/c1-18(2)9-7-10-19(3)11-8-13-28(4)24(31)16-21-23(30)15-20-22(26(21)35-28)17-29(27(20)34)14-6-5-12-25(32)33/h9,11,15,24,30-31H,5-8,10,12-14,16-17H2,1-4H3,(H,32,33)",C28H40NO6,M+H,486.28501397882,7.196614074707033,0.005600814663951237
2633,NPA023905,Prolinimine D,"InChI=1S/C35H42N6O9/c1-45-33(42)29-7-4-14-39(29)36-20-26-12-10-24(48-26)17-23-18-28(50-32(23)22-38-41-16-6-9-31(41)35(44)47-3)19-25-11-13-27(49-25)21-37-40-15-5-8-30(40)34(43)46-2/h10-13,18,20-22,29-31H,4-9,14-17,19H2,1-3H3",C35H43N6O9,M+H,691.3086029563701,3.7227856953938834,0.9322154551925967
2634,ET13010x_1,OCP_239.0946_17.0,"InChI=1S/C12H15ClN2O/c1-10(16)14-6-8-15(9-7-14)12-5-3-2-4-11(12)13/h2-5H,6-9H2,1H3",C12H16ClN2O,M+H,239.09456679388,1.7470742543538333,0.968560186423196
2635,NPA015617,Sambutoxin,"InChI=1S/C28H39NO4/c1-7-17(2)14-18(3)15-20(5)27-19(4)8-13-24(33-27)25-26(31)23(16-29(6)28(25)32)21-9-11-22(30)12-10-21/h9-12,15-19,24,27,30-31H,7-8,13-14H2,1-6H3",C28H40NO4,M+H,454.29518473968,7.5908874511718665,0.0077145612343297865
2636,NPA019306,Hypocrellol F,"InChI=1S/C34H52O6/c1-21(36)38-19-23(9-12-29-34(8,20-35)40-29)24-13-17-33(7)26-10-11-27-30(3,4)28(39-22(2)37)15-16-31(27,5)25(26)14-18-32(24,33)6/h10,14,23-24,27-29,35H,9,11-13,15-20H2,1-8H3",C34H54O6,M+2H,279.19547069669,6.714628601074216,0.022727272727272707
2644,NPA011632,YM-51085,"InChI=1S/C28H39N3O5/c1-18(2)14-25(34)30-24(16-21-10-12-23(33)13-11-21)27(35)31-26(19(3)4)28(36)29-22(17-32)15-20-8-6-5-7-9-20/h5-13,18-19,22,24,26,32-33H,14-17H2,1-4H3,(H,29,36)(H,30,34)(H,31,35)",C28H40N3O5,M+H,498.29624736810996,7.554256184895833,0.9374015127639458
2646,NPA011246,Orinocin,"InChI=1S/C19H19NO6/c1-11-17(21)12(2)19(24-3)26-18(11)16-9-14(10-25-16)8-13-4-6-15(7-5-13)20(22)23/h4-8,16H,9-10H2,1-3H3",C19H19NNaO6,M+Na,380.11045533422003,1.7912324269612665,0.004937988056959108
2649,NPA010636,Salinazinone B,"InChI=1S/C13H16N2O3/c1-8(2)6-11-14-10(7-13(17)18-11)15-9(3)4-5-12(15)16/h6-7,9H,4-5H2,1-3H3",C13H17N2O3,M+H,249.12336838324998,1.6411261240641284,0.002625298329355652
2650,NPA013273,Crocacin D,"InChI=1S/C31H44N2O6/c1-23(21-29(35)32-20-12-8-11-15-28(34)33-22-30(36)38-5)16-17-24(2)31(39-6)25(3)27(37-4)19-18-26-13-9-7-10-14-26/h7,9-10,12-14,16-21,24-25,27,31H,8,11,15,22H2,1-6H3,(H,32,35)(H,33,34)",C31H46N2O6,M+2H,271.1672445722,3.1479957580566333,0.009492988133764757
2655,NPA015203,Armochaeglobine B,"InChI=1S/C34H42N2O5/c1-18-10-9-12-25-31-33(5,41-31)20(3)29-27(15-22-17-35-26-13-8-7-11-23(22)26)36-32(39)34(25,29)28(37)16-24(21(4)40-6)30(38)19(2)14-18/h7-9,11-14,17-18,20,24-25,27,29-31,35,38H,4,10,15-16H2,1-3,5-6H3,(H,36,39)",C34H44N2O5,M+2H,280.161962230185,8.3289545694987,0.9590024047785276
2658,NPA006964,Hapalindole T,"InChI=1S/C21H23ClN2OS/c1-5-20(4)15(22)9-14-19(2,3)11-7-6-8-13-16(11)12(10-23-13)21(14)17(20)24-18(25)26-21/h5-8,10,14-15,17,23H,1,9H2,2-4H3,(H,24,25)",C21H23ClN2NaOS,M+Na,409.11118022612,2.4852684020996163,0.39073965365424124
2661,NPA023874,Dracolactam B,"InChI=1S/C28H39NO6/c1-19-11-8-9-14-22(30)17-21(3)29-26(32)16-7-5-4-6-13-20(2)27(33)28(34)25-18-23(31)24(35-25)15-10-12-19/h4-16,20-25,27-28,30-31,33-34H,17-18H2,1-3H3,(H,29,32)",C28H40NO6,M+H,486.28501397882,5.754897054036467,0.026407573492775227
2662,C02535,Dimethyl selenide,InChI=1S/C2H6Se/c1-3-2/h1-2H3,C4H13Se2,2M+H,220.93421998675998,6.937922668457033,0.9538938395970554
2663,C04303,N-Benzoyl-D-arginine-4-nitroanilide,"InChI=1S/C19H22N6O4/c20-19(21)22-12-4-7-16(24-17(26)13-5-2-1-3-6-13)18(27)23-14-8-10-15(11-9-14)25(28)29/h1-3,5-6,8-11,16H,4,7,12H2,(H,23,27)(H,24,26)(H4,20,21,22)",C19H23N6O4,M+H,399.17752921391997,2.2030054728190165,0.13365442504515357
2665,NPA001568,8(S)-amino-2(R)-methyl-7-oxononanoic acid,"InChI=1S/C10H19NO3/c1-7(10(13)14)5-3-4-6-9(12)8(2)11/h7-8H,3-6,11H2,1-2H3,(H,13,14)",C10H20NO3,M+H,202.14376947551,1.4067864735921216,0.9818071787889103
2666,C18825,Dikegulac,"InChI=1S/C12H18O7/c1-10(2)15-5-6-7(17-10)8-12(16-6,9(13)14)19-11(3,4)18-8/h6-8H,5H2,1-4H3,(H,13,14)",C24H37O14,2M+H,549.21778183426,4.775607299804684,0.9802410366844233
2670,C06457,Bialaphos,"InChI=1S/C11H22N3O6P/c1-6(9(15)14-7(2)11(17)18)13-10(16)8(12)4-5-21(3,19)20/h6-8H,4-5,12H2,1-3H3,(H,13,16)(H,14,15)(H,17,18)(H,19,20)",C11H22N3NaO6P,M+Na,346.11384043819004,1.062980206807455,0.950829407339958
2672,NPA023387,Saturnispol C,"InChI=1S/C22H24O4/c1-4-5-7-12-17(23)18-16-13-15(14-10-8-6-9-11-14)21(2,19(18)24)20(25)22(16,3)26/h4-12,15-16,23,26H,13H2,1-3H3",C22H25O4,M+H,353.1747352518,6.4175786336263005,0.052998605299860446
2673,NPA024346,Streptoaminal‐9i,"InChI=1S/C18H35NO2/c1-15(2)9-5-3-4-6-10-17-13-16(20)14-18(21-17)11-7-8-12-19-18/h15-17,19-20H,3-14H2,1-2H3",C18H35NNaO2,M+Na,320.25599737162,7.383481343587233,0.018628912071534942
2674,C01015,cis-4-Hydroxy-L-proline,"InChI=1S/C5H9NO3/c7-3-1-4(5(8)9)6-2-3/h3-4,6-7H,1-2H2,(H,8,9)",C5H10NO3,M+H,132.06551915321,2.15275955200195,0.0
2675,NPA013929,"(E)-3-hydroxy-2,4-dimethylhept-4-enamide","InChI=1S/C9H17NO2/c1-4-5-6(2)8(11)7(3)9(10)12/h5,7-8,11H,4H2,1-3H3,(H2,10,12)",C9H18NO2,M+H,172.13320479147998,3.0581459045410164,0.021271814845329917
2678,C10592,Elaeokanine C,"InChI=1S/C12H21NO2/c1-2-4-10(14)12-9-5-3-7-13(9)8-6-11(12)15/h9,11-12,15H,2-8H2,1H3",C12H22NO2,M+H,212.1645049204,8.983821614583333,0.9835868092154796
2679,NPA001997,Protoconstipatic acid,"InChI=1S/C21H36O5/c1-16(22)14-12-10-8-6-4-3-5-7-9-11-13-15-18-19(20(23)24)17(2)21(25)26-18/h16,18-19,22H,2-15H2,1H3,(H,23,24)",C21H36NaO5,M+Na,391.24549225813,6.7024892171224,0.01814058956916098
2680,NPA020890,Nikkomycin QZ,"InChI=1S/C24H32N6O12/c1-9(16(34)11-3-2-10(32)8-26-11)14(25)20(37)29-15(21(38)27-12(5-7-31)23(39)40)19-17(35)18(36)22(42-19)30-6-4-13(33)28-24(30)41/h2-4,6,8-9,12,14-19,22,31-32,34-36H,5,7,25H2,1H3,(H,27,38)(H,29,37)(H,39,40)(H,28,33,41)",C24H33N6O12,M+H,597.21509649278,5.33082377115885,0.007104795737122527
2682,NPA002888,Phenazostatin A,"InChI=1S/C28H20N4O3/c1-16(35-17-13-14-22-25(15-17)30-21-10-4-3-9-20(21)29-22)18-7-5-11-23-26(18)31-24-12-6-8-19(27(24)32-23)28(33)34-2/h3-16H,1-2H3",C28H22N4O3,M+2H,231.08404626051498,1.5574259440104166,0.9207314405704536
2683,C14601,Methyl methoxyacetate,"InChI=1S/C4H8O3/c1-6-3-4(5)7-2/h3H2,1-2H3",C8H17O6,2M+H,209.1019642331,1.5574259440104166,0.028017241379310276
2684,NPA017823,Palmyramide A,"InChI=1S/C36H53N3O9/c1-10-15-27-36(7,8)35(45)46-23(6)33(43)47-26(20-24-16-12-11-13-17-24)32(42)39-19-14-18-25(39)31(41)38(9)29(22(4)5)30(40)37-28(21(2)3)34(44)48-27/h11-13,16-17,21-23,25-29H,10,14-15,18-20H2,1-9H3,(H,37,40)",C36H53N3NaO9,M+Na,694.3673982976101,3.45551935831705,0.9846917666528755
2687,C14634,Methandriol dipropionate,"InChI=1S/C26H40O4/c1-6-22(27)29-18-10-13-24(3)17(16-18)8-9-19-20(24)11-14-25(4)21(19)12-15-26(25,5)30-23(28)7-2/h8,18-21H,6-7,9-16H2,1-5H3",C26H42O4,M+2H,209.15360588374,4.222015126546217,0.011144449207029505
2688,NPA007296,Pseudopyronine B,"InChI=1S/C17H30O3/c1-3-5-7-9-10-12-15-14-16(18)17(19,20-15)13-11-8-6-4-2/h14,19H,3-13H2,1-2H3",C17H30NaO3,M+Na,305.20871282561,6.2015619913736995,0.04901416273257431
2689,NPA004166,Terreusinone A,"InChI=1S/C20H26N2O4/c1-9(2)19(25-5)13-7-11-15(21-13)18(24)12-8-14(20(26-6)10(3)4)22-16(12)17(11)23/h7-10,19-22H,1-6H3",C20H28N2O4,M+2H,180.10190466256,1.7850470225016333,0.036608863198458574
2690,LU10590x_1,UK-416244,"InChI=1S/C17H22N2O3S2/c1-12-9-14(5-8-17(12)23-4)22-16-7-6-15(24(18,20)21)10-13(16)11-19(2)3/h5-10H,11H2,1-4H3,(H2,18,20,21)",C17H24N2O3S2,M+2H,184.060868462715,1.1364425659179682,0.3279422741975616
2692,C15040,GYKI 52466,"InChI=1S/C17H15N3O2/c1-10-6-12-7-15-16(22-9-21-15)8-14(12)17(20-19-10)11-2-4-13(18)5-3-11/h2-5,7-8H,6,9,18H2,1H3",C34H31N6O4,2M+H,587.24012947176,3.7855394999186163,0.8246145059965734
2696,C20334,"1,2,6-Hexanetriol","InChI=1S/C6H14O3/c7-4-2-1-3-6(9)5-8/h6-9H,1-5H2",C6H14NaO3,M+Na,157.08351230993,1.7533285776774166,0.9792832300015122
2697,NPA024902,Flupyranochromene,"InChI=1S/C14H10O8/c1-4-2-6-9(14(20)21-4)12(17)8-7(22-6)3-5(15)11(16)10(8)13(18)19/h2-3,14-16,20H,1H3,(H,18,19)",C14H11O8,M+H,307.04484327886,0.9824342091878251,0.042493946731234855
2698,C00294,Inosine,"InChI=1S/C10H12N4O5/c15-1-4-6(16)7(17)10(19-4)14-3-13-5-8(14)11-2-12-9(5)18/h2-4,6-7,10,15-17H,1H2,(H,11,12,18)",C10H12N4NaO5,M+Na,291.06998750233,0.9824342091878251,0.03330532426858157
2700,NPA030701,Peniciazaphilone E,"InChI=1S/C19H25ClO6/c1-10-5-7-25-17(10)18(2,23)6-4-11-8-12-13(9-26-11)15(21)19(3,24)16(22)14(12)20/h4,6,8,10,13,15,17,21,23-24H,5,7,9H2,1-3H3",C38H51Cl2O12,2M+H,769.27520841034,3.5569254557291665,0.015539568345323773
2701,NPA030133,Pallidopenilline G,"InChI=1S/C17H26O4/c1-10-4-5-13-14(8-10)16(20)9-11(2)17(13)15(19)6-7-21-12(3)18/h9-10,13-14,16-17,20H,4-8H2,1-3H3",C17H27O4,M+H,295.19038531626,7.006295267740883,0.0
2702,C19537,Triethylene glycol diglycidyl ether,"InChI=1S/C12H22O6/c1(13-3-5-15-7-11-9-17-11)2-14-4-6-16-8-12-10-18-12/h11-12H,1-10H2",C12H22NaO6,M+Na,285.13085642647997,3.35847091674805,0.03665022725074951
2705,VF-NPL-QEHF005xxx_12,DAH-3-Keto-4-en,"InChI=1S/C19H20O/c20-19(16-15-18-11-5-2-6-12-18)14-8-7-13-17-9-3-1-4-10-17/h1-6,8-12,14H,7,13,15-16H2",C19H21O,M+H,265.15869126417,6.470401509602866,0.9808455173977105
2706,C08842,Withanolide D,"InChI=1S/C28H38O6/c1-14-12-22(33-24(31)15(14)2)27(5,32)19-7-6-17-16-13-23-28(34-23)21(30)9-8-20(29)26(28,4)18(16)10-11-25(17,19)3/h8-9,16-19,21-23,30,32H,6-7,10-13H2,1-5H3",C28H39O6,M+H,471.27411494216,5.42361958821615,0.7579640718562874
2708,C02242,7-Methylguanine,"InChI=1S/C6H7N5O/c1-11-2-8-4-3(11)5(12)10-6(7)9-4/h2H,1H3,(H3,7,9,10,12)",C12H15N10O2,2M+H,331.13739573465995,3.6903859456380164,0.02377991917935962
2709,NPA016422,"4-methyl-7,11-heptadecadienal","InChI=1S/C18H32O/c1-3-4-5-6-7-8-9-10-11-12-13-15-18(2)16-14-17-19/h7-8,11-12,17-18H,3-6,9-10,13-16H2,1-2H3",C18H32NaO,M+Na,287.23453365093,3.6903859456380164,0.8132452760961292
2710,C22152,Bergamottin,"InChI=1S/C21H22O4/c1-14(2)5-4-6-15(3)9-11-24-21-16-7-8-20(22)25-19(16)13-18-17(21)10-12-23-18/h5,7-10,12-13H,4,6,11H2,1-3H3",C21H23O4,M+H,339.15908518734,8.286554463704434,0.032804232804232836
2712,NPA017281,Pochonicine,"InChI=1S/C11H20N2O5/c1-5(15)12-3-7-10(17)11(18)9-8(16)2-6(4-14)13(7)9/h6-11,14,16-18H,2-4H2,1H3,(H,12,15)",C11H21N2O5,M+H,261.14449775131,1.95897636413575,0.02475744396119106
2715,NPA019174,Hapalosin,"InChI=1S/C28H43NO6/c1-6-7-8-9-13-16-24-20(4)28(33)35-26(19(2)3)27(32)29(5)22(23(30)18-25(31)34-24)17-21-14-11-10-12-15-21/h10-12,14-15,19-20,22-24,26,30H,6-9,13,16-18H2,1-5H3",C28H44NO6,M+H,490.31631410773997,5.123619588216149,0.021649827911624397
2720,NPA021363,Phlebiakauranol alcohol,"InChI=1S/C20H32O6/c1-15(2)6-4-7-16(3)12(15)5-8-17-9-18(24,11-21)19(25,10-17)13(22)14(23)20(16,17)26/h12-13,21-22,24-26H,4-11H2,1-3H3",C20H34O6,M+2H,185.11722037439,3.8412897745768166,0.02447980416156681
2722,NPA006956,Tornabeatin A,"InChI=1S/C22H38O3/c1-3-4-5-6-7-8-9-10-11-12-13-14-15-16-17-20-18-22(2,19-23)25-21(20)24/h8-9,17,23H,3-7,10-16,18-19H2,1-2H3",C22H38NaO3,M+Na,373.27131308345,8.268316650390634,0.015830388692579356
2723,NPA001060,Decarboxydivaricatic acid,"InChI=1S/C20H24O5/c1-4-6-13-8-15(21)11-17(9-13)25-20(23)19-14(7-5-2)10-16(24-3)12-18(19)22/h8-12,21-22H,4-7H2,1-3H3",C20H24NaO5,M+Na,367.15159187137,3.4817604064941334,0.042568039078855535
2724,C14395,alpha-Methylstyrene,"InChI=1S/C9H10/c1-8(2)9-6-4-3-5-7-9/h3-7H,1H2,2H3",C9H11,M+H,119.0855263223,8.3289545694987,0.9512934048007458
2725,NPA024831,Photopyrone H,"InChI=1S/C22H38O3/c1-17(2)13-11-9-7-5-6-8-10-12-14-20-21(23)16-19(15-18(3)4)25-22(20)24/h16-18,23H,5-15H2,1-4H3",C22H38NaO3,M+Na,373.27131308345,8.149152119954433,0.018537590113285263
2731,NPA029730,Ilamycin L,"InChI=1S/C54H75N9O14/c1-12-14-18-36-45(66)59-39(26-34-28-62(53(8,13-2)29-64)40-19-16-15-17-35(34)40)51(72)60(10)42(23-31(5)6)48(69)58-38(24-33-20-21-44(65)41(25-33)63(76)77)46(67)55-32(7)50(71)61(11)43(27-54(9,75)52(73)74)49(70)57-37(22-30(3)4)47(68)56-36/h12-17,19-21,25,28,30-32,36-39,42-43,64-65,75H,2,18,22-24,26-27,29H2,1,3-11H3,(H,55,67)(H,56,68)(H,57,70)(H,58,69)(H,59,66)(H,73,74)",C54H76N9O14,M+H,1074.5506241311,4.400637817382816,0.976303317535545
2732,NPA003827,"(1E,3S,5Z,10S,11R)-2,10-dimethyl-1-(2-methyl-1,3-thiazol-4-yl)trideca-1,5-diene-3,11-diol","InChI=1S/C19H31NO2S/c1-5-18(21)14(2)10-8-6-7-9-11-19(22)15(3)12-17-13-23-16(4)20-17/h7,9,12-14,18-19,21-22H,5-6,8,10-11H2,1-4H3",C38H63N2O4S2,2M+H,675.4223768342,7.950918579101566,0.9829862682963634
2733,C09032,Angustine,"InChI=1S/C20H15N3O/c1-2-12-10-21-11-16-15(12)9-18-19-14(7-8-23(18)20(16)24)13-5-3-4-6-17(13)22-19/h2-6,9-11,22H,1,7-8H2",C40H31N6O2,2M+H,627.25030023262,4.7002924601237,0.9616423343379389
2740,NPA012733,Stereumin H,"InChI=1S/C15H22O4/c1-7-6-10(16)15(19)8(2)13(17)12-11(15)9(7)4-5-14(12,3)18/h7,9,11-13,17-19H,2,4-6H2,1,3H3",C15H23O4,M+H,267.15908518734,3.7028086344401,0.02399999999999991
2741,NPA020123,DC-52,"InChI=1S/C18H22N2O4/c1-19-12-7-10(18(21)22)16(19)11-6-9-4-3-5-14(23-2)15(9)13-8-24-17(12)20(11)13/h3-5,10-13,16-17H,6-8H2,1-2H3,(H,21,22)",C18H24N2O4,M+2H,166.08625459809997,3.6442586263020833,0.007667031763417209
2742,NPA010688,7-Tetradecenoic acid,"InChI=1S/C14H26O2/c1-2-3-4-5-6-7-8-9-10-11-12-13-14(15)16/h7-8H,2-6,9-13H2,1H3,(H,15,16)",C14H27O2,M+H,227.20055607711998,7.143362426757816,0.04319304194000151
2743,C02535,Dimethyl selenide,InChI=1S/C2H6Se/c1-3-2/h1-2H3,C4H13Se2,2M+H,220.93421998675998,7.373054504394533,0.9470400124795257
2747,NPA017129,Cytochalasin K,"InChI=1S/C32H37NO6/c1-18-10-9-13-23-29-31(5,39-29)20(3)27-24(17-22-11-7-6-8-12-22)33-30(37)32(23,27)26(36)15-14-25(35)28(19(2)16-18)38-21(4)34/h6-9,11-16,18,20,23-24,27-29H,10,17H2,1-5H3,(H,33,37)",C32H37NNaO6,M+Na,554.25130591436,4.6400655110677,0.8145671748239279
2748,C00242,Guanine,"InChI=1S/C5H5N5O/c6-5-9-3-2(4(11)10-5)7-1-8-3/h1H,(H4,6,7,8,9,10,11)",C10H11N10O2,2M+H,303.10609560574,0.8218152364095049,0.5054850874185808
2749,C01683,Ornaline,"InChI=1S/C10H18N2O6/c11-5-1-2-6(9(15)16)12-7(10(17)18)3-4-8(13)14/h6-7,12H,1-5,11H2,(H,13,14)(H,15,16)(H,17,18)",C10H20N2O6,M+2H,132.06551915321,2.6571935017903665,0.0017376194613379914
2750,C02535,Dimethyl selenide,InChI=1S/C2H6Se/c1-3-2/h1-2H3,C4H13Se2,2M+H,220.93421998675998,6.476459757486983,0.9387209622263276
2751,C02535,Dimethyl selenide,InChI=1S/C2H6Se/c1-3-2/h1-2H3,C4H13Se2,2M+H,220.93421998675998,7.584758504231767,0.943868570310972
2754,C14541,(R)-4'-Deoxyindenestrol,"InChI=1S/C18H18O/c1-3-15-16-10-9-14(19)11-17(16)12(2)18(15)13-7-5-4-6-8-13/h4-12,19H,3H2,1-2H3",C18H20O,M+2H,126.075158599855,8.563327026367183,0.003490807540144303
2757,C05203,6-O-Methylnorlaudanosoline,"InChI=1S/C17H19NO4/c1-22-17-8-11-4-5-18-13(12(11)9-16(17)21)6-10-2-3-14(19)15(20)7-10/h2-3,7-9,13,18-21H,4-6H2,1H3",C34H39N2O8,2M+H,603.2700921901601,3.8716773986816335,0.028591851322373074
2758,NPA026961,Trichobisabolin D,"InChI=1S/C16H28O3/c1-12(6-5-7-13(2)19-14(3)17)15-8-10-16(4,18)11-9-15/h8,10,12-13,15,18H,5-7,9,11H2,1-4H3",C16H29O3,M+H,269.21112076114997,7.84307963053385,0.005118534482758674
2760,NPA017445,L-2-Amino-4-methoxy-trans-3-butenoic acid,"InChI=1S/C5H9NO3/c1-9-3-2-4(6)5(7)8/h2-4H,6H2,1H3,(H,7,8)",C5H10NO3,M+H,132.06551915321,3.1960393269856833,0.002624671916010457
2762,C01015,cis-4-Hydroxy-L-proline,"InChI=1S/C5H9NO3/c7-3-1-4(5(8)9)6-2-3/h3-4,6-7H,1-2H2,(H,8,9)",C5H10NO3,M+H,132.06551915321,2.83405634562175,0.0017152658662092923
2763,NPA011137,8-demethyl epothilone A 3-α-D-arabinofuranoside,"InChI=1S/C30H45NO10S/c1-15(10-18-14-42-17(3)31-18)21-11-22-20(38-22)9-7-6-8-19(33)16(2)28(37)30(4,5)24(12-25(34)39-21)41-29-27(36)26(35)23(13-32)40-29/h10,14,16,19-24,26-27,29,32-33,35-36H,6-9,11-13H2,1-5H3",C30H46NO10S,M+H,612.2836938248801,5.544146728515633,0.8737201365187713
2764,C10903,Cinmethylin,"InChI=1S/C18H26O2/c1-13(2)18-10-9-17(4,20-18)16(11-18)19-12-15-8-6-5-7-14(15)3/h5-8,13,16H,9-12H2,1-4H3",C18H27O2,M+H,275.20055607712,5.544146728515633,0.0074541284403670804
2765,C16965,Genipin 1-beta-gentiobioside,"InChI=1S/C23H34O15/c1-33-20(32)10-6-34-21(13-8(4-24)2-3-9(10)13)38-23-19(31)17(29)15(27)12(37-23)7-35-22-18(30)16(28)14(26)11(5-25)36-22/h2,6,9,11-19,21-31H,3-5,7H2,1H3",C26H43O16,M+IsoProp+H,611.25511038937,4.296013387044267,0.9656673114119922
2766,C02535,Dimethyl selenide,InChI=1S/C2H6Se/c1-3-2/h1-2H3,C4H13Se2,2M+H,220.93421998675998,7.469050089518233,0.9397211859414883
2770,NPA015617,Sambutoxin,"InChI=1S/C28H39NO4/c1-7-17(2)14-18(3)15-20(5)27-19(4)8-13-24(33-27)25-26(31)23(16-29(6)28(25)32)21-9-11-22(30)12-10-21/h9-12,15-19,24,27,30-31H,7-8,13-14H2,1-6H3",C28H40NO4,M+H,454.29518473968,8.304766845703133,0.04127944672574013
2772,C19972,"2,4-Bis(acetamido)-2,4,6-trideoxy-beta-L-altropyranose","InChI=1S/C10H18N2O5/c1-4-7(11-5(2)13)9(15)8(10(16)17-4)12-6(3)14/h4,7-10,15-16H,1-3H3,(H,11,13)(H,12,14)",C10H19N2O5,M+H,247.12884768684998,1.2984072367350268,0.8459753444525018
2774,C05147,trans-3-Hydroxy-L-proline,"InChI=1S/C5H9NO3/c7-3-1-2-6-4(3)5(8)9/h3-4,6-7H,1-2H2,(H,8,9)",C5H10NO3,M+H,132.06551915321,3.493851979573567,0.00300945829750654
2776,C01165,L-Glutamate 5-semialdehyde,"InChI=1S/C5H9NO3/c6-4(5(8)9)2-1-3-7/h3-4H,1-2,6H2,(H,8,9)",C5H10NO3,M+H,132.06551915321,3.791702270507817,0.007321274763135155
2777,VF-NPL-QEHF0079xx_2,"1,4a-dimethyl-9-oxo-7-propan-2-yl-3,4,10,10a-tetrahydro-2H-phenanthrene-1-carboxylic acid","InChI=1S/C20H26O3/c1-12(2)13-6-7-15-14(10-13)16(21)11-17-19(15,3)8-5-9-20(17,4)18(22)23/h6-7,10,12,17H,5,8-9,11H2,1-4H3,(H,22,23)",C20H26NaO3,M+Na,337.17741269669,6.339267985026033,0.01862197392923648
2779,C15822,CE-108,"InChI=1S/C37H57NO14/c1-4-26-27(41)17-23(39)14-12-15-24(40)19-37(48)20-28(42)30(34(45)46)29(52-37)18-25(51-36-33(44)31(38)32(43)22(3)50-36)16-11-9-7-5-6-8-10-13-21(2)49-35(26)47/h5-11,16,21-22,24-33,36,40-44,48H,4,12-15,17-20,38H2,1-3H3,(H,45,46)",C40H66NO15,M+IsoProp+H,800.4432455155201,4.816023763020834,0.3889355448246903
2782,NPA027009,Diaporthichalasin C,"InChI=1S/C28H37NO4/c1-17-12-13-24(31)28-22(11-7-10-21(14-17)16-30)26(32)19(3)18(2)25(28)23(29-27(28)33)15-20-8-5-4-6-9-20/h4-9,11-13,17-18,21-26,30-32H,3,10,14-16H2,1-2H3,(H,29,33)",C28H38NO4,M+H,452.27953467521996,5.4619364420573,0.0166585007349338
2783,C02535,Dimethyl selenide,InChI=1S/C2H6Se/c1-3-2/h1-2H3,C4H13Se2,2M+H,220.93421998675998,6.602607727050783,0.9505597014925373
2784,C01375,Tacrolimus,"InChI=1S/C44H69NO12/c1-10-13-31-19-25(2)18-26(3)20-37(54-8)40-38(55-9)22-28(5)44(52,57-40)41(49)42(50)45-17-12-11-14-32(45)43(51)56-39(29(6)34(47)24-35(31)48)27(4)21-30-15-16-33(46)36(23-30)53-7/h10,19,21,26,28-34,36-40,46-47,52H,1,11-18,20,22-24H2,2-9H3",C44H70NO12,M+H,804.4892526631401,8.167498270670567,0.9654196793461176
2785,NPA006281,Deferrihydroxyneocoprogen I,"InChI=1S/C31H50N6O13/c1-19(11-15-50-31(46)25(32-21(3)39)10-7-12-35(47)22(4)40)16-27(42)36(48)13-5-8-23-29(44)34-24(30(45)33-23)9-6-14-37(49)28(43)17-20(2)26(41)18-38/h16-17,23-26,38,41,47-49H,5-15,18H2,1-4H3,(H,32,39)(H,33,45)(H,34,44)",C31H50N6NaO13,M+Na,737.3328036924901,3.613858286539717,0.42743380449930324
2786,VF-NPL-QEHF0205xx_1,bakuchiol,"InChI=1S/C18H24O/c1-5-18(4,13-6-7-15(2)3)14-12-16-8-10-17(19)11-9-16/h5,7-12,14,19H,1,6,13H2,2-4H3",C18H25O,M+H,257.18999139309,6.2015619913736995,0.04073141355523924
2787,NPA015638,Caeruleoramularin,"InChI=1S/C30H22O9/c1-11-6-15-25(20(34)7-11)29(38)39-28-19(33)3-2-16-22-12(10-30(16,28)27(15)37)8-21(35)24-14(22)9-13-17(31)4-5-18(32)23(13)26(24)36/h2-9,16,19,27-28,33-37H,10H2,1H3",C30H23O9,M+H,527.13365828519,7.306916809082034,0.11916685636239477
2788,C20060,Cephalostatin 1,"InChI=1S/C54H74N2O10/c1-26-32-13-14-33-30-11-9-28-15-37-40(21-49(28,7)35(30)18-42(59)51(32,33)25-63-53(26)43(60)22-46(3,4)65-53)56-38-16-29-10-12-31-34(48(29,6)20-39(38)55-37)17-41(58)50(8)36(31)19-45-52(50,62)27(2)54(64-45)44(61)23-47(5,24-57)66-54/h14,19,26-32,34-35,41,43-45,57-58,60-62H,9-13,15-18,20-25H2,1-8H3",C54H76N2O10,M+2H,456.27444929479,5.953574117024733,0.044771396930865404
2789,C04379,"9,11alpha-Epoxypregn-4-ene-3,20-dione","InChI=1S/C21H28O3/c1-12(22)15-6-7-16-17-5-4-13-10-14(23)8-9-20(13,3)21(17)18(24-21)11-19(15,16)2/h10,15-18H,4-9,11H2,1-3H3",C21H29O3,M+H,329.21112076114997,8.810575358072917,0.012494614390349046
2790,C15030,"3,6-Dimethoxyestra-1,3,5(10),6,8-pentaene-17beta-carboxylic acid methyl ester","InChI=1S/C22H26O4/c1-22-10-9-15-14-6-5-13(24-2)11-17(14)20(25-3)12-16(15)18(22)7-8-19(22)21(23)26-4/h5-6,11-12,18-19H,7-10H2,1-4H3",C22H26NaO4,M+Na,377.17232731626,7.919548034667967,0.008462282398452592
2791,C12298,Citronellyl acetate,"InChI=1S/C12H22O2/c1-10(2)6-5-7-11(3)8-9-14-12(4)13/h6,11H,5,7-9H2,1-4H3",C12H23O2,M+H,199.16925594819998,5.914899698893233,0.04224626481195248
2792,NPA021557,Germicidin I,"InChI=1S/C10H14O3/c1-6(2)4-8-5-9(11)7(3)10(12)13-8/h5-6,11H,4H2,1-3H3",C10H15O3,M+H,183.10157030993,2.2518180847168003,0.005847953216374213
2793,C01110,5-Amino-2-oxopentanoic acid,"InChI=1S/C5H9NO3/c6-3-1-2-4(7)5(8)9/h1-3,6H2,(H,8,9)",C5H10NO3,M+H,132.06551915321,2.946732838948567,0.042013311148086485
2795,C14395,alpha-Methylstyrene,"InChI=1S/C9H10/c1-8(2)9-6-4-3-5-7-9/h3-7H,1H2,2H3",C18H21,2M+H,237.16377664459998,4.844662984212233,0.9847715736040609
2797,NPA020814,Arginomycin,"InChI=1S/C18H28N8O5/c1-9(5-7-25(2)17(21)22)13(20)15(27)23-10-3-4-12(31-14(10)16(28)29)26-8-6-11(19)24-18(26)30/h3-4,6,8-10,12-14H,5,7,20H2,1-2H3,(H3,21,22)(H,23,27)(H,28,29)(H2,19,24,30)",C18H30N8O5,M+2H,219.11640901786498,7.741373189290367,0.710964121066346
2798,C14541,(R)-4'-Deoxyindenestrol,"InChI=1S/C18H18O/c1-3-15-16-10-9-14(19)11-17(16)12(2)18(15)13-7-5-4-6-8-13/h4-12,19H,3H2,1-2H3",C18H20O,M+2H,126.075158599855,8.385341898600267,0.012272306267366417
2799,NPA011386,Serratamolide F,"InChI=1S/C25H44N2O8/c1-3-5-7-9-11-13-19-15-23(31)27-20(16-28)24(32)34-18(12-10-8-6-4-2)14-22(30)26-21(17-29)25(33)35-19/h18-21,28-29H,3-17H2,1-2H3,(H,26,30)(H,27,31)",C25H46N2O8,M+2H,251.16215919177,4.907248433430983,0.5690714978971206
2801,NPA022760,Exserolide J,"InChI=1S/C16H18O8/c1-21-9-6-8-12(13(19)15(9)22-2)16(20)24-10-5-7(23-14(8)10)3-4-11(17)18/h6-7,10,14,19H,3-5H2,1-2H3,(H,17,18)",C16H19O8,M+H,339.10744353670003,3.10994771321615,0.03632075471698115
2802,C01092,8-Amino-7-oxononanoate,"InChI=1S/C9H17NO3/c1-7(10)8(11)5-3-2-4-6-9(12)13/h7H,2-6,10H2,1H3,(H,12,13)",C9H18NO3,M+H,188.12811941105,2.802932993570967,0.033288247670574034
2805,NPA003982,Himeic acid E,"InChI=1S/C22H30N2O7/c1-15(22(30)31)12-19(26)24-21(29)17-14-23-16(13-18(17)25)10-8-6-4-2-3-5-7-9-11-20(27)28/h8,10,13-15H,2-7,9,11-12H2,1H3,(H,23,25)(H,27,28)(H,30,31)(H,24,26,29)",C22H31N2O7,M+H,435.21257731275,7.548166402180983,0.6641254947954847
2807,C16450,"1,3-Butadiene","InChI=1S/C4H6/c1-3-4-2/h3-4H,1-2H2",C8H13,2M+H,109.10117638676,5.417544555664066,0.004579353656940954
2808,C19677,"Germacra-1(10),4,11(13)-trien-12-al","InChI=1S/C15H22O/c1-12-5-4-6-13(2)8-10-15(9-7-12)14(3)11-16/h5,8,11,15H,3-4,6-7,9-10H2,1-2H3",C15H23O,M+H,219.17434132863,7.4804458618164,0.06656465187452187
2809,C18770,Triazamate,"InChI=1S/C13H22N4O3S/c1-7-20-9(18)8-21-11-14-10(13(2,3)4)15-17(11)12(19)16(5)6/h7-8H2,1-6H3",C13H23N4O3S,M+H,315.14853775988996,8.193564860026033,0.06204146730462512
2810,NPA016165,10-Methyldodecan-5-olide,"InChI=1S/C13H24O2/c1-3-11(2)7-4-5-8-12-9-6-10-13(14)15-12/h11-12H,3-10H2,1-2H3",C13H25O2,M+H,213.18490601266,6.5498764038086,0.003214494447691396
2811,C07174,Trimethaphan,"InChI=1S/C22H25N2OS/c25-22-23(14-17-8-3-1-4-9-17)19-16-26-13-7-12-20(26)21(19)24(22)15-18-10-5-2-6-11-18/h1-6,8-11,19-21H,7,12-16H2",C22H26N2OS,M+H,366.17603560858,6.7956431070963506,0.5580456949670102
2813,C15512,Phenylacetone,"InChI=1S/C9H10O/c1-8(10)7-9-5-3-2-4-6-9/h2-6H,7H2,1H3",C18H21O2,2M+H,269.15360588374,6.6087305704752675,0.026558891454965372
2814,NPA011999,(5R)-Dihydro-5-pentyl-4'-methyl-4'-hydroxy-2(3H)-furanone,"InChI=1S/C10H18O3/c1-10(2,12)7-3-4-8-5-6-9(11)13-8/h8,12H,3-7H2,1-2H3",C10H18NaO3,M+Na,209.11481243884998,4.3216069539388,0.0069708491761723
2815,C03864,Ethyl (R)-3-hydroxyhexanoate,"InChI=1S/C8H16O3/c1-3-5-7(9)6-8(10)11-4-2/h7,9H,3-6H2,1-2H3",C8H16NaO3,M+Na,183.09916237439,1.9962120056152335,0.034454912516823644
2816,C04785,13(S)-HPOT,"InChI=1S/C18H30O4/c1-2-3-11-14-17(22-21)15-12-9-7-5-4-6-8-10-13-16-18(19)20/h3,7,9,11-12,15,17,21H,2,4-6,8,10,13-14,16H2,1H3,(H,19,20)",C18H30NaO4,M+Na,333.20362744517996,6.450716145833334,0.0053821313240042246
2817,C03656,(S)-5-Amino-3-oxohexanoic acid,"InChI=1S/C6H11NO3/c1-4(7)2-5(8)3-6(9)10/h4H,2-3,7H2,1H3,(H,9,10)",C6H11NNaO3,M+Na,168.06311121766998,1.0860884348551432,0.04789237668161439
2818,C04105,"2,5-Dihydro-5-oxofuran-2-acetate","InChI=1S/C6H6O4/c7-5(8)3-4-1-2-6(9)10-4/h1-2,4H,3H2,(H,7,8)",C6H7O4,M+H,143.03388467166,1.0006715774536132,0.0476398601398601
2820,C17002,Neocnidilide,"InChI=1S/C12H18O2/c1-2-3-8-11-9-6-4-5-7-10(9)12(13)14-11/h7,9,11H,2-6,8H2,1H3",C12H19O2,M+H,195.13795581928,5.046084086100267,0.0008572653236176286
2821,NPA016874,Not named,"InChI=1S/C20H32O4/c1-13-4-8-19-15(10-13)6-5-14(2)18(19)9-7-16(21)11-17(22)12-20(23)24-3/h5-6,10,13-14,16-19,21-22H,4,7-9,11-12H2,1-3H3",C20H34O4,M+2H,169.12230575482,4.43909861246745,0.05023923444976075
2822,C13840,1-Ethyl-2-benzimidazolinone,"InChI=1S/C9H10N2O/c1-2-11-8-6-4-3-5-7(8)10-9(11)12/h3-6H,2H2,1H3,(H,10,12)",C9H11N2O,M+H,163.08658895073,1.160809326171875,0.9624690762082906
2823,NPA022436,Dihydrospumigin K,"InChI=1S/C31H44N6O7/c1-19-15-26(28(42)35-22(18-38)3-2-14-34-31(32)33)37(17-19)30(44)25(16-21-6-11-24(40)12-7-21)36-29(43)27(41)13-8-20-4-9-23(39)10-5-20/h4-7,9-12,19,22,25-27,38-41H,2-3,8,13-18H2,1H3,(H,35,42)(H,36,43)(H4,32,33,34)",C31H46N6O7,M+2H,307.170849890845,1.7912324269612665,0.016596482536537005
