"AVGMZ","MINMZ","MAXMZ","RT","MINRT","MAXRT","SUMINTENSITY","MAXINTENSITY","MEASUREMENTID","GROUPID","GROUPSETSINDEX"
136.061861938336,136.061706542969,136.061981201172,162.18244934082,147.665069580078,172.049118041992,2611731269,76083880,1,1,1
137.065092360141,137.06494140625,137.065231323242,162.18244934082,146.7978515625,173.788925170898,139105504.59375,4160273.75,1,2,1
116.070701617393,116.070503234863,116.070816040039,308.299865722656,295.104248046875,322.800109863281,1341396422.42773,61656528,1,3,1
212.09509660304,212.094818115234,212.095275878906,299.047546386719,283.368896484375,315.746459960938,1826789984,39583544,1,4,1
118.0863153909,118.086143493652,118.086433410645,299.047546386719,292.90087890625,306.569519042969,189840570.5625,11780442,1,5,1
213.098316680416,213.098068237305,213.098495483398,299.047546386719,291.136871337891,307.438232421875,77657356.75,2840606.5,1,6,1
214.090721067353,214.090454101562,214.090911865234,299.047546386719,291.573516845703,307.438232421875,42191506.75,1718637.375,1,7,1
119.089610364744,119.089485168457,119.089736938477,299.047546386719,293.337829589844,306.569519042969,7183296.01074219,505260.90625,1,8,1
73.0841874831867,73.0840454101562,73.0843048095703,299.047546386719,292.90087890625,306.142944335938,2610576.98339844,162253.28125,1,9,1
212.095089884384,212.094940185547,212.095458984375,380.781585693359,368.022827148438,394.394470214844,1194245387,32099952,1,10,1
213.098312840908,213.098159790039,213.098480224609,380.781585693359,371.128845214844,388.535186767578,65998973.3125,2444028.75,1,11,1
214.090732041716,214.090576171875,214.091125488281,380.781585693359,367.573852539062,394.825561523438,50736596.21875,1357225.375,1,12,1
268.103938543273,268.103637695312,268.104187011719,160.907913208008,157.088958740234,173.788925170898,763475203.5,29940626,1,13,1
298.096899775254,298.096466064453,298.097137451172,80.2291412353516,75.861686706543,86.8215026855469,354394004.044922,28667860,1,14,1
509.184755688989,509.183807373047,509.185272216797,80.2291412353516,76.7356796264648,88.1266479492188,51482730.8271484,3334888,1,15,1
299.100090718859,299.099884033203,299.100402832031,80.2291412353516,76.7356796264648,87.2525177001953,39999126.0029297,2995521.25,1,16,1
136.061822453323,136.061706542969,136.061950683594,80.2291412353516,75.861686706543,86.8215026855469,32977730.328125,2538333,1,17,1
300.092517831642,300.092315673828,300.092803955078,80.2291412353516,77.1824035644531,86.8215026855469,13582341.8115234,1193445.625,1,18,1
211.107723913527,211.107513427734,211.107971191406,80.2291412353516,76.3020858764648,85.1056747436523,4666410.74414062,621406.1875,1,19,1
178.097491369302,178.097366333008,178.097640991211,80.2291412353516,75.861686706543,85.5357284545898,4009398.33056641,466233.96875,1,20,1
511.180571292932,511.180145263672,511.181030273438,80.2291412353516,77.6190032958984,87.6877288818359,3805305.23242188,304344.375,1,21,1
360.018668525982,360.018493652344,360.01904296875,80.2291412353516,77.6190032958984,87.6877288818359,3844042.63671875,281052.65625,1,22,1
176.091875405164,176.091659545898,176.092056274414,258.495452880859,252.347091674805,266.32470703125,387171002.125,23111508,1,23,1
158.081256645133,158.081085205078,158.081390380859,258.495452880859,252.347091674805,265.896759033203,34124666.265625,2316569,1,24,1
112.075733393551,112.07559967041,112.075843811035,258.495452880859,252.347091674805,265.896759033203,22420246.75,1399551.125,1,25,1
130.086332262105,130.086181640625,130.086441040039,258.495452880859,252.347091674805,265.896759033203,17355255.59375,1114246.375,1,26,1
387.179812019519,387.179138183594,387.180358886719,258.495452880859,252.783569335938,266.32470703125,3552233.15234375,236926.59375,1,27,1
164.091764922025,164.091506958008,164.091995239258,258.495452880859,244.500076293945,270.233551025391,4845823.67773438,211630.203125,1,28,1
178.095970254763,178.095642089844,178.096328735352,258.495452880859,252.783569335938,264.588439941406,2182477.203125,140189.0625,1,29,1
112.050606937616,112.05052947998,112.050689697266,283.795471191406,274.264587402344,292.90087890625,563870829.25,22832166,1,30,1
487.178454854838,487.178039550781,487.178894042969,283.795471191406,275.132141113281,291.573516845703,482569417.125,22665026,1,31,1
488.181775835964,488.181335449219,488.182312011719,283.795471191406,275.132141113281,291.136871337891,89905239.8125,4608307,1,32,1
455.180857240277,455.180511474609,455.181243896484,283.795471191406,278.625579833984,287.241394042969,38053314.125,2220447.5,1,33,1
266.074638040186,266.074432373047,266.074859619141,283.795471191406,272.069885253906,295.993988037109,11147227.4013672,415555.90625,1,34,1
130.049979344745,130.049835205078,130.050231933594,395.274871826172,387.184173583984,402.771057128906,338796972.375,17852164,1,35,1
102.05502283251,102.054901123047,102.055206298828,395.274871826172,387.184173583984,401.879547119141,17207191.109375,1033011.8125,1,36,1
131.053251768865,131.053115844727,131.053497314453,395.274871826172,388.090087890625,402.326812744141,14968999.8359375,957464.1875,1,37,1
148.079705505622,148.079559326172,148.079986572266,395.274871826172,385.832733154297,406.292083740234,13522081.8183594,747153.25,1,38,1
147.076596523761,147.076385498047,147.076873779297,394.825561523438,386.732635498047,404.093505859375,310430824.4375,15811796,1,39,1
101.070989642384,101.070831298828,101.071182250977,394.825561523438,388.090087890625,402.771057128906,4474813.59960938,268432.4375,1,40,1
387.180582799226,387.180389404297,387.180877685547,51.7027893066406,44.9003295898438,58.9503517150879,268807859.4375,14645309,1,41,1
432.238346752816,432.238159179688,432.238616943359,51.7027893066406,44.9003295898438,59.3922462463379,211650717.875,10928586,1,42,1
404.207074971968,404.206878662109,404.207366943359,51.7027893066406,44.9003295898438,58.9503517150879,109905419.3125,5848063,1,43,1
388.183941712163,388.183776855469,388.184326171875,51.7027893066406,44.4642677307129,58.9503517150879,58603900.8046875,3329323.75,1,44,1
433.241717110705,433.241516113281,433.242126464844,51.7027893066406,44.9003295898438,59.8278274536133,53562741.046875,2822266,1,45,1
446.236974546433,446.236572265625,446.23779296875,51.7027893066406,45.3259620666504,61.9633941650391,8454083.7734375,449734.53125,1,46,1
434.244586049223,434.243835449219,434.245574951172,51.7027893066406,46.1797180175781,59.8278274536133,6853097.21875,436778.625,1,47,1
171.137935157132,171.137802124023,171.138290405273,51.7027893066406,45.7512817382812,58.9503517150879,4176446.6953125,265280.03125,1,48,1
276.261406939977,276.261108398438,276.26220703125,51.7027893066406,46.5953903198242,55.9624328613281,2354934.14257812,183239.96875,1,49,1
175.119097379393,175.119018554688,175.119232177734,691.903869628906,682.606079101562,700.336364746094,339637482.25,14642151,1,50,1
130.097552027748,130.097427368164,130.097671508789,691.903869628906,682.159790039062,702.115783691406,10648001.1953125,475356.5625,1,51,1
158.092469459746,158.092361450195,158.092620849609,691.903869628906,683.042114257812,700.336364746094,6622699.5625,306032.4375,1,52,1
120.08089314915,120.080795288086,120.080978393555,217.174468994141,207.15055847168,226.470245361328,369921694.875,14442142,1,53,1
166.086328542768,166.086212158203,166.086441040039,217.174468994141,207.15055847168,226.470245361328,334665534.75,12960888,1,54,1
118.06521739435,118.065063476562,118.065322875977,217.174468994141,206.70231628418,226.921096801758,35264760.9921875,1430636.125,1,55,1
121.084174061775,121.084060668945,121.084274291992,217.174468994141,207.584243774414,226.032318115234,28046657.609375,1148318.25,1,56,1
780.553662663605,780.553161621094,780.554443359375,47.4359397888184,42.3083572387695,55.9624328613281,253221228.78125,14255369,1,57,1
778.538443051814,778.537841796875,778.53955078125,47.4359397888184,42.3083572387695,55.9624328613281,191271589.195312,11363750,1,58,1
502.37427938253,502.373931884766,502.374664306641,47.4359397888184,42.3083572387695,54.6819915771484,43585470.9082031,3472977.25,1,59,1
526.431768651827,526.43115234375,526.432006835938,47.4359397888184,42.736499786377,54.2557411193848,37087674.8046875,2800372.75,1,60,1
458.348003256004,458.347564697266,458.348449707031,47.4359397888184,42.736499786377,54.2557411193848,33480530.6054688,2393903.5,1,61,1
424.36366014728,424.363342285156,424.363922119141,47.4359397888184,42.736499786377,55.5323181152344,36077764.6679688,2322395.75,1,62,1
380.337407282174,380.336669921875,380.337646484375,47.4359397888184,42.736499786377,55.5323181152344,35203019.4863281,2263221,1,63,1
377.326498837017,377.326202392578,377.326751708984,47.4359397888184,43.1721076965332,55.1068077087402,22159420.8847656,1387271.25,1,64,1
600.468617325338,600.46728515625,600.469055175781,47.4359397888184,42.736499786377,53.8160591125488,16391640.1464844,1316648.125,1,65,1
635.456384740266,635.455505371094,635.456726074219,47.4359397888184,42.736499786377,54.2557411193848,16534466.578125,1248636.25,1,66,1
547.403977470875,547.403381347656,547.404357910156,47.4359397888184,43.1721076965332,53.3896408081055,14527405.8710938,1246563.625,1,67,1
810.557600533482,810.556396484375,810.558166503906,47.4359397888184,42.3083572387695,52.9639205932617,14817292.0585938,1166936.75,1,68,1
363.310702392773,363.310363769531,363.311004638672,47.4359397888184,43.1721076965332,55.5323181152344,17522249.2851562,1135509.125,1,69,1
503.37767213792,503.377258300781,503.378082275391,47.4359397888184,42.736499786377,53.8160591125488,12435285.046875,1037217.875,1,70,1
395.356402527987,395.355926513672,395.356658935547,47.4359397888184,43.1721076965332,55.1068077087402,12776043.4277344,942524.625,1,71,1
303.289428371855,303.289001464844,303.289672851562,47.4359397888184,43.6089134216309,57.2414894104004,9893363.92773438,581807.5625,1,72,1
732.547793652994,732.546569824219,732.552124023438,47.4359397888184,42.736499786377,53.8160591125488,7183397.08398438,553551.75,1,73,1
381.340830848075,381.34033203125,381.341217041016,47.4359397888184,44.4642677307129,55.1068077087402,6925850.66015625,507575.28125,1,74,1
425.366976506612,425.366455078125,425.367431640625,47.4359397888184,44.4642677307129,55.5323181152344,7687879.703125,488572.90625,1,75,1
753.525963530489,753.525146484375,753.528991699219,47.4359397888184,42.736499786377,58.5234489440918,6863940.10742188,394952.8125,1,76,1
392.373754185707,392.373077392578,392.374145507812,47.4359397888184,42.736499786377,53.3896408081055,3154897.89648438,334738.8125,1,77,1
391.34217252859,391.341735839844,391.342956542969,47.4359397888184,44.0383033752441,55.1068077087402,5062739.890625,331903.25,1,78,1
300.700550850294,300.699951171875,300.701141357422,47.4359397888184,43.1721076965332,53.3896408081055,3309969.40136719,311861.53125,1,79,1
422.384473973013,422.383270263672,422.384857177734,47.4359397888184,44.4642677307129,55.1068077087402,4042085.66015625,311062.8125,1,80,1
765.526191487443,765.524536132812,765.527587890625,47.4359397888184,41.0165061950684,55.5323181152344,4558120.27929688,286048.71875,1,81,1
880.114099804807,880.111999511719,880.115783691406,47.4359397888184,44.0383033752441,52.1220588684082,2803606.0546875,270144.625,1,82,1
599.390918087253,599.390014648438,599.39208984375,47.4359397888184,44.0383033752441,60.2574234008789,2437863.05078125,265919.125,1,83,1
364.314087281457,364.313598632812,364.314514160156,47.4359397888184,45.7512817382812,56.3886947631836,3428373.28710938,262038.65625,1,84,1
397.295231797348,397.294830322266,397.296081542969,47.4359397888184,44.4642677307129,55.9624328613281,3413871.82226562,261331.0625,1,85,1
365.345886191694,365.345275878906,365.346282958984,47.4359397888184,44.9003295898438,55.9624328613281,3617958.1015625,253516.125,1,86,1
385.775668969336,385.774627685547,385.776702880859,47.4359397888184,43.6089134216309,55.5323181152344,3117408.23242188,251743.421875,1,87,1
466.410545508315,466.410064697266,466.411407470703,47.4359397888184,45.7512817382812,52.5366744995117,1874460.4375,243173.921875,1,88,1
820.599544398741,820.597839355469,820.600952148438,47.4359397888184,43.1721076965332,55.1068077087402,3334364.08203125,241996.03125,1,89,1
548.393866987559,548.392944335938,548.395141601562,47.4359397888184,44.9003295898438,52.5366744995117,1639607.73046875,219282.484375,1,90,1
516.390076107001,516.38916015625,516.390686035156,47.4359397888184,43.6089134216309,52.5366744995117,2310396.33203125,215223.109375,1,91,1
348.347487163099,348.346954345703,348.347808837891,47.4359397888184,43.6089134216309,52.9639205932617,1907446.59765625,207559.1875,1,92,1
777.576797142245,777.575317382812,777.577819824219,47.4359397888184,44.0383033752441,52.9639205932617,1831759.85546875,193192.796875,1,93,1
148.060553497486,148.060409545898,148.060821533203,394.394470214844,386.732635498047,401.879547119141,250931253.4375,13686158,1,94,1
149.063815891239,149.063674926758,149.064117431641,394.394470214844,387.184173583984,401.879547119141,10240692.953125,654933.375,1,95,1
193.143512766833,193.143341064453,193.143630981445,59.8278274536133,54.2557411193848,65.8133773803711,167482428.765625,13049753,1,96,1
215.12536570552,215.124969482422,215.125518798828,59.8278274536133,54.6819915771484,65.8133773803711,17561923.0664062,1561947.25,1,97,1
238.201286116425,238.201034545898,238.201416015625,59.8278274536133,54.6819915771484,65.3876647949219,16388437.4726562,1435702.625,1,98,1
194.146821100279,194.146682739258,194.146942138672,59.8278274536133,54.2557411193848,65.8133773803711,14208489.0996094,1170022.375,1,99,1
175.132907864871,175.132675170898,175.132995605469,59.8278274536133,54.2557411193848,65.8133773803711,8240046.66796875,617373.5,1,100,1
389.257780738216,389.257354736328,389.25830078125,59.8278274536133,54.6819915771484,67.1200408935547,6340333.4765625,407152.25,1,101,1
239.204625729419,239.204513549805,239.205200195312,59.8278274536133,56.3886947631836,63.2420463562012,1586353.06640625,175366.125,1,102,1
176.971347716922,176.971145629883,176.971588134766,527.998718261719,507.512176513672,565.294799804688,909286272.34375,10601894,1,103,1
352.935300964865,352.934967041016,352.935699462891,527.998718261719,512.888244628906,561.274780273438,406348962.977539,5894710,1,104,1
704.863250671528,704.862487792969,704.864135742188,527.998718261719,515.11376953125,559.064697265625,23273373.3769531,360353.1875,1,105,1
70.0652215578256,70.0650177001953,70.0652847290039,308.72412109375,296.867858886719,322.800109863281,208293843.294922,10163861,1,106,1
152.056771701819,152.056625366211,152.056884765625,318.392456054688,310.535522460938,326.316314697266,190002429.6875,10123926,1,107,1
284.098848289197,284.098571777344,284.09912109375,318.392456054688,309.652923583984,327.215057373047,102003167.125,5490140,1,108,1
495.186876176635,495.186401367188,495.187286376953,318.392456054688,310.092468261719,327.661224365234,13440459.0507812,772999.4375,1,109,1
567.190644230403,567.189392089844,567.191162109375,318.392456054688,310.975189208984,324.551116943359,6886261.92089844,512376.03125,1,110,1
153.060036649584,153.059875488281,153.060287475586,318.392456054688,310.975189208984,326.764465332031,7909656.25390625,461749.125,1,111,1
153.040690737014,153.040420532227,153.040863037109,318.392456054688,310.535522460938,328.100494384766,3812362.03710938,235133.28125,1,112,1
195.122753363406,195.122528076172,195.12287902832,69.2847518920898,63.6677894592285,74.5447311401367,95189601.1015625,9166053,1,113,1
226.108647328692,226.108306884766,226.108932495117,69.2847518920898,63.2420463562012,77.6190032958984,5214460.09960938,335178.6875,1,114,1
150.058415281082,150.058242797852,150.058532714844,272.069885253906,263.267364501953,278.181732177734,158239097.375,8577016,1,115,1
148.042788355732,148.042602539062,148.042938232422,272.069885253906,262.415435791016,279.482513427734,13166020.5976562,780050.4375,1,116,1
152.054189549283,152.05354309082,152.054351806641,272.069885253906,263.267364501953,278.181732177734,5232268.3203125,312442.65625,1,117,1
330.059734739282,330.058319091797,330.060089111328,201.437850952148,184.285415649414,218.149017333984,313678747.3125,8554197,1,118,1
659.112341814204,659.110107421875,659.113159179688,201.437850952148,190.009475708008,211.522613525391,10504632.8164062,438033.9375,1,119,1
132.101953967065,132.101806640625,132.102081298828,246.242462158203,237.472183227539,253.67839050293,185545661.25,8540026,1,120,1
86.0965003325666,86.0963973999023,86.0965805053711,246.242462158203,237.472183227539,253.231750488281,71023251.78125,3456607.75,1,121,1
244.133084830422,244.1328125,244.133361816406,246.242462158203,231.756271362305,256.730499267578,8168915.6171875,215312.6875,1,122,1
194.084552129726,194.084320068359,194.084869384766,246.242462158203,238.362045288086,254.114944458008,5204615.40625,184201.78125,1,123,1
298.096711471545,298.096405029297,298.097076416016,246.242462158203,240.548110961914,248.872863769531,2695135.390625,178225.609375,1,124,1
244.092785528152,244.092575073242,244.093002319336,282.943817138672,274.264587402344,292.90087890625,185643106.75,7866363,1,125,1
189.073976354539,189.073791503906,189.074127197266,282.943817138672,274.264587402344,289.842895507812,16699209.3515625,832667.3125,1,126,1
206.100521927997,206.100341796875,206.10075378418,282.943817138672,274.264587402344,290.272674560547,7429804.421875,364361.125,1,127,1
188.07068230497,188.070495605469,188.070831298828,282.094757080078,273.820617675781,290.272674560547,168724112.375,7826789.5,1,128,1
146.060102603939,146.059967041016,146.060241699219,282.094757080078,274.264587402344,289.842895507812,11579209.578125,608204.5625,1,129,1
160.095012790551,160.094802856445,160.095199584961,282.094757080078,275.578460693359,289.415313720703,3372234.1015625,185516.34375,1,130,1
104.070674896419,104.07056427002,104.070869445801,403.642913818359,396.167602539062,410.370056152344,127990522.25,7575183.5,1,131,1
87.0441587498199,87.044059753418,87.0443115234375,403.642913818359,396.167602539062,409.935974121094,75171441.5,4591460,1,132,1
195.987250083898,195.986907958984,195.987426757812,266.764312744141,258.937805175781,274.264587402344,142445141.8125,7262745.5,1,133,1
180.976319400283,180.976028442383,180.976470947266,266.764312744141,258.937805175781,273.383697509766,62347586.953125,3433983.25,1,134,1
197.987415787404,197.987258911133,197.987564086914,266.764312744141,259.373687744141,273.820617675781,22400274.265625,1302977.25,1,135,1
194.084598502101,194.084381103516,194.084823608398,266.764312744141,255.865478515625,285.089691162109,9523543.2421875,222447.96875,1,136,1
181.979656612589,181.979461669922,181.980133056641,266.764312744141,259.819091796875,273.383697509766,2499939.92871094,154014.203125,1,137,1
781.557327520259,781.556640625,781.557800292969,47.009822845459,42.3083572387695,55.9624328613281,120883196.998047,7049393,1,138,1
782.568800338989,782.568115234375,782.570922851562,47.009822845459,42.3083572387695,56.3886947631836,104279362.900391,6019804,1,139,1
779.541776186542,779.540954589844,779.542724609375,47.009822845459,42.3083572387695,55.9624328613281,92492034.3164062,5605228.5,1,140,1
438.379216746695,438.378448486328,438.379455566406,47.009822845459,42.3083572387695,54.6819915771484,75274706.8457031,5349834.5,1,141,1
482.405474108335,482.405151367188,482.405822753906,47.009822845459,42.3083572387695,54.2557411193848,63036893.0722656,4889719.5,1,142,1
590.426783069235,590.426330566406,590.427185058594,47.009822845459,42.3083572387695,54.2557411193848,50405700.0546875,4174617.25,1,143,1
394.353019935008,394.352752685547,394.353302001953,47.009822845459,42.736499786377,54.6819915771484,56447533.4570312,3815402.75,1,144,1
756.553833785163,756.553283691406,756.554443359375,47.009822845459,42.3083572387695,56.3886947631836,65145209.921875,3735198.75,1,145,1
546.400528299994,546.400085449219,546.400756835938,47.009822845459,42.3083572387695,53.8160591125488,48280759.6210938,3699185.75,1,146,1
634.453001378349,634.451904296875,634.453430175781,47.009822845459,41.8720779418945,53.8160591125488,46623369.0253906,3678840.25,1,147,1
678.479084462539,678.478515625,678.480224609375,47.009822845459,42.3083572387695,53.3896408081055,38480827.5273438,3192818.25,1,148,1
783.572802323685,783.572143554688,783.5732421875,47.009822845459,42.736499786377,56.3886947631836,49972051.8046875,2928379.5,1,149,1
722.505422624147,722.504943847656,722.506469726562,47.009822845459,41.8720779418945,52.9639205932617,31308219.6230469,2883297.5,1,150,1
468.389766323622,468.389465332031,468.390075683594,47.009822845459,42.3083572387695,55.1068077087402,31050887.9160156,2149829,1,151,1
350.326677831559,350.326416015625,350.326843261719,47.009822845459,43.1721076965332,55.1068077087402,32364618.8085938,2018120,1,152,1
333.300070236961,333.299835205078,333.300323486328,47.009822845459,43.1721076965332,55.5323181152344,26339762.6015625,1742433.125,1,153,1
512.416048239951,512.415649414062,512.416381835938,47.009822845459,42.3083572387695,54.6819915771484,25281317.8730469,1711394.875,1,154,1
556.44228444116,556.441772460938,556.442749023438,47.009822845459,42.3083572387695,54.2557411193848,20549695.4667969,1597341.375,1,155,1
570.457990623237,570.457458496094,570.458435058594,47.009822845459,42.736499786377,53.8160591125488,19199175.8320312,1596576.125,1,156,1
755.541722880108,755.540588378906,755.54248046875,47.009822845459,42.736499786377,56.3886947631836,27716706.7363281,1544752.25,1,157,1
591.430191336002,591.429077148438,591.4306640625,47.009822845459,42.736499786377,53.8160591125488,16824375.1640625,1329645.25,1,158,1
439.382646863079,439.381988525391,439.383026123047,47.009822845459,43.1721076965332,54.6819915771484,17954287.0703125,1307659.125,1,159,1
414.321766619473,414.321411132812,414.322174072266,47.009822845459,42.3083572387695,56.3886947631836,20924647.6318359,1269743,1,160,1
408.368660405069,408.368072509766,408.368988037109,47.009822845459,41.0165061950684,56.3886947631836,18739290.6914062,1250549.875,1,161,1
679.482451829598,679.4814453125,679.482971191406,47.009822845459,42.3083572387695,53.8160591125488,14722399.7587891,1211542.125,1,162,1
452.394929591521,452.394561767578,452.395172119141,47.009822845459,42.3083572387695,54.6819915771484,16086776.2519531,1198928.625,1,163,1
723.508728176156,723.507751464844,723.509216308594,47.009822845459,43.1721076965332,53.8160591125488,12402826.6074219,1074304.75,1,164,1
644.494807598378,644.494201660156,644.495300292969,47.009822845459,43.1721076965332,53.8160591125488,12191520.5976562,1030667.25,1,165,1
496.42119604365,496.420623779297,496.421539306641,47.009822845459,41.8720779418945,54.6819915771484,12779485.0839844,995722.125,1,166,1
527.435161384547,527.434387207031,527.435424804688,47.009822845459,42.736499786377,55.5323181152344,10645502.7792969,927470.5625,1,167,1
752.52258497763,752.521484375,752.523376464844,47.009822845459,42.3083572387695,57.6677780151367,15743006.2617188,921411,1,168,1
385.274146927882,385.273590087891,385.274658203125,47.009822845459,43.1721076965332,55.1068077087402,11399533.2480469,830996.1875,1,169,1
688.52095899694,688.520080566406,688.521423339844,47.009822845459,42.736499786377,54.6819915771484,9484828.56640625,798791.1875,1,170,1
459.351500234633,459.350952148438,459.351806640625,47.009822845459,43.1721076965332,53.8160591125488,8553145.12988281,760828.125,1,171,1
785.588201751455,785.587158203125,785.589050292969,47.009822845459,43.6089134216309,58.0972671508789,13192923.8125,736560,1,172,1
540.447479568796,540.4462890625,540.447937011719,47.009822845459,43.1721076965332,54.2557411193848,9261251.83789062,714166.0625,1,173,1
347.3157650516,347.315246582031,347.315979003906,47.009822845459,42.736499786377,55.5323181152344,9925465.7890625,640849.3125,1,174,1
173.466172830972,173.464828491211,173.467254638672,47.009822845459,38.8424949645996,53.3896408081055,8538961.53515625,580246.9375,1,175,1
811.561034094691,811.5595703125,811.561767578125,47.009822845459,43.1721076965332,53.8160591125488,6450436.890625,541604.875,1,176,1
672.526153677264,672.525085449219,672.527587890625,47.009822845459,43.1721076965332,52.5366744995117,4682440.9140625,527548.8125,1,177,1
458.322272565057,458.321472167969,458.322784423828,47.009822845459,43.1721076965332,54.6819915771484,4675251.41210938,509471.03125,1,178,1
571.461375625722,571.460693359375,571.46240234375,47.009822845459,43.6089134216309,56.8146324157715,5869537.08398438,450730.53125,1,179,1
557.445721755698,557.444946289062,557.446166992188,47.009822845459,43.1721076965332,53.8160591125488,6060434.42578125,448492.25,1,180,1
431.384646500298,431.383911132812,431.385437011719,47.009822845459,41.8720779418945,52.9639205932617,4950605.01953125,441919.75,1,181,1
855.586508766937,855.584655761719,855.587890625,47.009822845459,44.0383033752441,53.8160591125488,4425293.4296875,436769.9375,1,182,1
601.472065395317,601.471374511719,601.47265625,47.009822845459,43.6089134216309,55.1068077087402,5687360.2890625,433395.375,1,183,1
645.498251531825,645.497009277344,645.498840332031,47.009822845459,43.6089134216309,54.2557411193848,4456464.06640625,395821.71875,1,184,1
351.243513069698,351.243011474609,351.244079589844,47.009822845459,43.1721076965332,59.3922462463379,4402305.43359375,368912.875,1,185,1
898.60973475406,898.607116699219,898.611572265625,47.009822845459,43.1721076965332,53.3896408081055,4399606.13476562,346719.96875,1,186,1
378.329926557426,378.329528808594,378.330291748047,47.009822845459,44.4642677307129,54.6819915771484,4359017.56640625,333445.8125,1,187,1
689.524484750511,689.522705078125,689.525451660156,47.009822845459,43.6089134216309,53.8160591125488,3596687.81445312,318820.46875,1,188,1
453.398389744262,453.3974609375,453.399230957031,47.009822845459,42.736499786377,53.8160591125488,4098826.88964844,308354.25,1,189,1
592.432972943131,592.432250976562,592.433776855469,47.009822845459,43.6089134216309,54.2557411193848,3119343.4453125,303009.5,1,190,1
352.321167988003,352.320739746094,352.321929931641,47.009822845459,44.0383033752441,55.1068077087402,2994507.89257812,281531.3125,1,191,1
497.424612333026,497.423706054688,497.425231933594,47.009822845459,43.1721076965332,53.3896408081055,3364357.62890625,276033.5625,1,192,1
695.147654058501,695.14599609375,695.149047851562,47.009822845459,43.1721076965332,53.3896408081055,2340865.5703125,273302.65625,1,193,1
548.406893009855,548.405822753906,548.408081054688,47.009822845459,44.4642677307129,51.2770309448242,2098988.25390625,270789.25,1,194,1
338.341817968114,338.341156005859,338.342193603516,47.009822845459,41.0165061950684,56.8146324157715,3532655.17285156,258452.625,1,195,1
541.450768584538,541.4501953125,541.451538085938,47.009822845459,43.6089134216309,52.9639205932617,2476411.171875,255051.203125,1,196,1
548.728393060426,548.726684570312,548.729187011719,47.009822845459,43.1721076965332,55.5323181152344,2381123.40625,245842.59375,1,197,1
526.361822632101,526.360961914062,526.362548828125,47.009822845459,44.0383033752441,52.1220588684082,2065144.27929688,236830.6875,1,198,1
629.503278342353,629.501892089844,629.503967285156,47.009822845459,44.0383033752441,52.1220588684082,2083290.65820312,236028.875,1,199,1
563.403660566092,563.402587890625,563.404663085938,47.009822845459,41.8720779418945,55.9624328613281,2857202.42871094,234495.390625,1,200,1
615.48766810406,615.486022949219,615.488525390625,47.009822845459,43.6089134216309,53.8160591125488,2511512.7265625,227205.953125,1,201,1
585.477009483749,585.475830078125,585.477783203125,47.009822845459,44.0383033752441,52.9639205932617,2418999.19140625,218873.78125,1,202,1
315.231918305569,315.231567382812,315.232055664062,47.009822845459,44.0383033752441,52.1220588684082,1964189.02148438,168578.609375,1,203,1
132.101989478834,132.101837158203,132.102096557617,261.561859130859,253.67839050293,268.061279296875,136709990.9375,6653711.5,1,204,1
86.0965273863412,86.0964431762695,86.0966110229492,261.561859130859,253.231750488281,268.061279296875,71363300.75,3421529,1,205,1
346.054686977233,346.054382324219,346.054931640625,337.063293457031,329.843017578125,345.275939941406,114196627.21875,6596538.5,1,206,1
347.058040319688,347.057739257812,347.058471679688,337.063293457031,329.843017578125,345.275939941406,11079311.4765625,637568.5,1,207,1
557.142396450882,557.141662597656,557.143737792969,337.063293457031,328.100494384766,348.809753417969,5988501.25097656,285992.40625,1,208,1
691.101617917815,691.100952148438,691.102905273438,337.063293457031,330.715789794922,343.500122070312,3668234.33496094,284563.78125,1,209,1
198.002805665306,198.002563476562,198.002975463867,265.896759033203,258.937805175781,273.383697509766,117024434.65625,6402190,1,210,1
196.00356503978,196.003311157227,196.00373840332,265.896759033203,258.937805175781,273.383697509766,51401904.359375,3010139.25,1,211,1
178.977099282262,178.976928710938,178.977233886719,265.896759033203,259.373687744141,273.383697509766,25631228.96875,1578987.5,1,212,1
195.006266098052,195.006042480469,195.006439208984,265.896759033203,258.937805175781,273.383697509766,14230481.984375,860370.1875,1,213,1
182.976473088325,182.976318359375,182.976623535156,265.896759033203,259.373687744141,273.383697509766,9017314.09765625,543345.9375,1,214,1
167.955885196004,167.955749511719,167.956085205078,265.896759033203,259.373687744141,273.820617675781,8231074.38671875,500185.375,1,215,1
176.978991478904,176.978530883789,176.979156494141,265.896759033203,258.937805175781,272.952453613281,8224117.57421875,485425.96875,1,216,1
177.979678789166,177.979370117188,177.97981262207,265.896759033203,258.050323486328,274.695190429688,7206693.64453125,455388.9375,1,217,1
199.00613180016,199.005859375,199.00634765625,265.896759033203,257.175201416016,275.578460693359,5183363.72558594,314842.5625,1,218,1
165.956661440244,165.956405639648,165.956848144531,265.896759033203,258.050323486328,275.578460693359,3768866.51806641,235715.6875,1,219,1
194.991346343773,194.990585327148,194.991653442383,265.896759033203,258.495452880859,275.132141113281,2598748.08398438,153060.328125,1,220,1
239.148873200265,239.148620605469,239.149017333984,65.3876647949219,59.8278274536133,71.480110168457,70203605.6484375,6303048.5,1,221,1
266.159710831451,266.159362792969,266.160125732422,65.3876647949219,60.2574234008789,72.7884979248047,10261071.96875,786764.875,1,222,1
240.152186347855,240.15168762207,240.152572631836,65.3876647949219,60.6831665039062,72.7884979248047,6585006.91601562,622731.875,1,223,1
72.0808368937273,72.0807495117188,72.0809097290039,300.477416992188,292.465087890625,306.569519042969,98069217.375,6170485,1,224,1
430.208986622218,430.208160400391,430.209442138672,300.477416992188,294.213684082031,307.014312744141,11532704.84375,833732.625,1,225,1
429.212727904725,429.212127685547,429.21337890625,300.477416992188,296.422546386719,305.704010009766,2684264.91796875,209675.796875,1,226,1
431.212330487719,431.211853027344,431.213104248047,300.477416992188,297.297760009766,305.261169433594,1699647.48339844,144844.546875,1,227,1
123.055369900268,123.055236816406,123.055557250977,85.1056747436523,77.1824035644531,98.5683364868164,148166959.942383,5854303.5,1,228,1
176.971344228388,176.971282958984,176.971420288086,575.971557617188,571.077697753906,576.417724609375,71095470,5653510,1,229,1
176.103049070055,176.102600097656,176.103439331055,424.691467285156,413.9951171875,435.905853271484,103948347.680664,5455532.5,1,230,1
760.512374436276,760.511901855469,760.513122558594,42.3083572387695,37.5074653625488,48.2884254455566,58476834.9282227,5364541,1,231,1
761.515799788133,761.514526367188,761.516723632812,42.3083572387695,38.404468536377,48.2884254455566,25429133.0039062,2473673.5,1,232,1
758.496784335714,758.495239257812,758.497741699219,42.3083572387695,38.404468536377,47.8588409423828,7396117.58105469,714831,1,233,1
763.531102125581,763.530212402344,763.533813476562,42.3083572387695,38.404468536377,47.009822845459,5385313.22460938,507929.75,1,234,1
784.512060388066,784.509338378906,784.514587402344,42.3083572387695,38.8424949645996,48.2884254455566,3819542.65234375,383380.59375,1,235,1
786.527701230501,786.526916503906,786.528930664062,42.3083572387695,38.404468536377,47.009822845459,3995179.62890625,373676.59375,1,236,1
759.500254198104,759.499389648438,759.500671386719,42.3083572387695,39.2886085510254,47.4359397888184,3229451.6640625,367380.34375,1,237,1
690.507071694567,690.506103515625,690.508239746094,42.3083572387695,38.404468536377,45.3259620666504,2692184.90820312,267796.5,1,238,1
774.527897879555,774.527282714844,774.528991699219,42.3083572387695,39.2886085510254,47.009822845459,1742197.09960938,200781.09375,1,239,1
785.515381302577,785.514770507812,785.516174316406,42.3083572387695,38.404468536377,45.7512817382812,1743622.65332031,180094.921875,1,240,1
789.546712579365,789.545715332031,789.547424316406,42.3083572387695,38.404468536377,45.3259620666504,1497819.45556641,167151.921875,1,241,1
541.429575418476,541.428894042969,541.429992675781,42.3083572387695,38.404468536377,44.9003295898438,1388712.46484375,165020.484375,1,242,1
575.503660930094,575.502563476562,575.504089355469,42.3083572387695,38.404468536377,44.9003295898438,1625056.36572266,155429.734375,1,243,1
654.33243267658,654.331604003906,654.332946777344,45.3259620666504,41.4425621032715,51.7027893066406,53441658.0253906,5298276.5,1,244,1
682.363620137226,682.361938476562,682.364074707031,45.3259620666504,41.4425621032715,50.8519668579102,21042977.4287109,2162800,1,245,1
738.507375035639,738.506713867188,738.5078125,45.3259620666504,41.0165061950684,51.7027893066406,26619499.828125,2111592,1,246,1
655.335836479419,655.335021972656,655.336608886719,45.3259620666504,41.8720779418945,52.1220588684082,18513075.1328125,1804743,1,247,1
638.337488203716,638.336547851562,638.338012695312,45.3259620666504,42.3083572387695,51.7027893066406,9970270.23828125,1017181.5625,1,248,1
683.366922476788,683.366027832031,683.36767578125,45.3259620666504,41.8720779418945,51.2770309448242,8142653.21679688,860696.125,1,249,1
637.305868681493,637.3046875,637.306823730469,45.3259620666504,42.3083572387695,51.7027893066406,7362555.00390625,680220.25,1,250,1
502.316784394474,502.316192626953,502.317321777344,45.3259620666504,42.736499786377,53.3896408081055,7488522.3671875,624910.75,1,251,1
666.368908732766,666.368103027344,666.370544433594,45.3259620666504,41.8720779418945,50.8519668579102,3794051.36230469,386578.1875,1,252,1
639.340950773143,639.339111328125,639.341369628906,45.3259620666504,43.1721076965332,49.1475715637207,3184413.12109375,370967.90625,1,253,1
665.796964629616,665.795043945312,665.7978515625,45.3259620666504,41.8720779418945,53.3896408081055,3524478.20996094,361963.5625,1,254,1
717.526265558342,717.52490234375,717.52734375,45.3259620666504,39.7248992919922,57.2414894104004,4546777.87890625,361187.03125,1,255,1
502.348532285868,502.347625732422,502.349853515625,45.3259620666504,43.6089134216309,50.8519668579102,3322203.40234375,339365.53125,1,256,1
695.359026901474,695.357727050781,695.359680175781,45.3259620666504,42.736499786377,53.3896408081055,3122331.79492188,338140.0625,1,257,1
835.586527653448,835.584777832031,835.588623046875,45.3259620666504,42.736499786377,52.9639205932617,3408875.84082031,289731.78125,1,258,1
708.511691674385,708.508239746094,708.513305664062,45.3259620666504,32.6419677734375,61.9633941650391,4081372.55859375,265758.125,1,259,1
709.823129415047,709.820983886719,709.823852539062,45.3259620666504,43.6089134216309,48.2884254455566,1628319.7734375,251949.84375,1,260,1
642.436900633794,642.435607910156,642.437927246094,45.3259620666504,42.736499786377,50.0028991699219,2276706.66992188,230759.40625,1,261,1
498.804235247289,498.803466796875,498.805419921875,45.3259620666504,42.3083572387695,49.5729827880859,1665039.64257812,216003.109375,1,262,1
670.467961150291,670.464904785156,670.468627929688,45.3259620666504,43.1721076965332,51.7027893066406,1651229.45507812,198973.15625,1,263,1
90.0549972260024,90.054931640625,90.0550765991211,379.556518554688,372.429779052734,386.732635498047,84332155.875,5175164,1,264,1
159.076452302742,159.076278686523,159.076766967773,424.257202148438,415.317779541016,435.029541015625,95425563.3554688,4979636,1,265,1
113.070932221831,113.070777893066,113.071281433105,424.257202148438,412.685577392578,437.649688720703,8254576.17578125,393897.875,1,266,1
177.106306055385,177.106109619141,177.106460571289,424.257202148438,417.097412109375,433.688568115234,5118919.39257812,304767.6875,1,267,1
360.150074701571,360.149536132812,360.151123046875,424.257202148438,405.857299804688,444.463104248047,7644704.23413086,230839.703125,1,268,1
387.190995074036,387.190521240234,387.191375732422,424.257202148438,417.097412109375,430.945861816406,2420172.22070312,138420.890625,1,269,1
84.0445051873947,84.0443954467773,84.044677734375,393.958282470703,387.184173583984,402.326812744141,89782662.125,4951417,1,270,1
426.575811989417,426.575012207031,426.576538085938,393.958282470703,386.275177001953,399.654052734375,2826255.0390625,159170.921875,1,271,1
283.175057439828,283.174896240234,283.175262451172,63.2420463562012,57.2414894104004,69.2847518920898,58925963.671875,4489476,1,272,1
146.98038757371,146.980285644531,146.980514526367,63.2420463562012,47.8588409423828,69.2847518920898,40997726.65625,1249140.75,1,273,1
181.097163392199,181.097030639648,181.097320556641,63.2420463562012,58.9503517150879,70.5928802490234,8992232.4921875,763012.9375,1,274,1
301.204991888947,301.20458984375,301.205261230469,63.2420463562012,58.9503517150879,68.4319915771484,4281685.0703125,389276.03125,1,275,1
150.055111724919,150.054946899414,150.055191040039,659.47607421875,657.265563964844,673.226501464844,130423944.75,4158521.75,1,276,1
258.109972047474,258.109802246094,258.110137939453,377.788787841797,371.128845214844,384.007629394531,57452534.9375,4145660.25,1,277,1
234.07697652472,234.076812744141,234.077209472656,377.788787841797,367.573852539062,386.732635498047,61565019.296875,2738963.25,1,278,1
259.113297212829,259.113128662109,259.113708496094,377.788787841797,370.683074951172,384.007629394531,4150426.1328125,323677.53125,1,279,1
176.971348209995,176.971221923828,176.971435546875,607.212097167969,600.966735839844,609.436279296875,78687139,4138985.25,1,280,1
352.935283282144,352.934997558594,352.935485839844,607.212097167969,600.966735839844,609.886413574219,27474425,1447446.875,1,281,1
176.971352729302,176.971267700195,176.971481323242,613.451110839844,609.436279296875,617.478210449219,68796752.25,3993452.25,1,282,1
344.22800836663,344.227783203125,344.228271484375,60.6831665039062,55.1068077087402,67.5506896972656,54826188.65625,3845265.5,1,283,1
388.254401858466,388.254089355469,388.254638671875,60.6831665039062,53.3896408081055,66.6836013793945,40778010.453125,2348960.25,1,284,1
324.845703920809,324.845428466797,324.845916748047,60.6831665039062,55.9624328613281,66.6836013793945,34281187.125,1924288,1,285,1
322.847533477089,322.847259521484,322.847747802734,60.6831665039062,55.9624328613281,66.6836013793945,25310006.4375,1470731.125,1,286,1
326.843887364724,326.843627929688,326.844177246094,60.6831665039062,56.8146324157715,67.1200408935547,14326154.625,836560.5,1,287,1
345.231384810157,345.231048583984,345.231842041016,60.6831665039062,55.5323181152344,67.9959564208984,7603954.47265625,530871.625,1,288,1
413.778626909761,413.778228759766,413.778900146484,60.6831665039062,56.3886947631836,66.6836013793945,6707356.1015625,501612.28125,1,289,1
371.227832660844,371.226745605469,371.228820800781,60.6831665039062,54.2557411193848,74.9929885864258,4077280.6328125,276559.90625,1,290,1
135.101551418154,135.101257324219,135.101654052734,60.6831665039062,55.9624328613281,65.3876647949219,3018494.2265625,262670.125,1,291,1
450.379118820444,450.378662109375,450.380065917969,60.6831665039062,52.9639205932617,73.6715698242188,5130911.203125,233150.734375,1,292,1
205.09720301908,205.097030639648,205.097351074219,280.791625976562,274.264587402344,289.842895507812,74876130.0625,3725815.75,1,293,1
159.091711511561,159.091583251953,159.091827392578,280.791625976562,274.695190429688,290.272674560547,40886593.8125,2036920.25,1,294,1
151.096586895485,151.096374511719,151.096664428711,75.861686706543,71.0240020751953,81.1886215209961,29398279.8359375,3688262.5,1,295,1
89.0597705867691,89.0596542358398,89.0598220825195,75.861686706543,72.7884979248047,80.6552658081055,7895430.04492188,1043108.125,1,296,1
258.09061873458,258.090270996094,258.090881347656,75.861686706543,72.7884979248047,80.6552658081055,1977115.46289062,208903.609375,1,297,1
168.123047987217,168.122802734375,168.123199462891,75.861686706543,72.7884979248047,79.7862930297852,1240629.11328125,166522.015625,1,298,1
258.279047994443,258.278747558594,258.279296875,296.422546386719,276.451110839844,315.300659179688,201381516.3125,3683365.75,1,299,1
244.079088425506,244.078750610352,244.079360961914,296.422546386719,283.795471191406,307.876098632812,20081597.2578125,753854.9375,1,300,1
176.971366759843,176.971160888672,176.971801757812,620.610412597656,620.163757324219,654.600402832031,227310514.75,3651023.5,1,301,1
162.076132000391,162.075927734375,162.076248168945,252.783569335938,245.366470336914,259.819091796875,65054853.03125,3634817.25,1,302,1
130.049937115315,130.049743652344,130.050048828125,252.783569335938,245.366470336914,258.495452880859,4791405.31835938,307840.9375,1,303,1
116.070623221406,116.070541381836,116.070671081543,328.100494384766,326.764465332031,331.158599853516,5616654,3564955.25,1,304,1
120.065573306999,120.065490722656,120.06568145752,363.186126708984,356.291046142578,371.564483642578,63423197.609375,3542297.25,1,305,1
102.05497471834,102.054885864258,102.055068969727,363.186126708984,356.736724853516,371.128845214844,14668518.9960938,901783.25,1,306,1
259.128716100877,259.128509521484,259.128997802734,363.186126708984,356.736724853516,370.683074951172,6963478.32617188,460835.25,1,307,1
181.026103158327,181.025894165039,181.026229858398,74.1126174926758,69.7155227661133,79.7862930297852,32475913.9414062,3537999.75,1,308,1
754.538387844965,754.537780761719,754.538879394531,49.1475715637207,42.3083572387695,56.3886947631836,61279320.8398438,3476771.5,1,309,1
319.284394528944,319.2841796875,319.284576416016,49.1475715637207,43.1721076965332,57.6677780151367,30173966.8896484,1857548.125,1,310,1
757.557391120712,757.556579589844,757.559936523438,49.1475715637207,41.4425621032715,60.2574234008789,32007772.921875,1734170.625,1,311,1
336.31091684334,336.310424804688,336.311157226562,49.1475715637207,42.3083572387695,57.6677780151367,26051824.6933594,1492908.875,1,312,1
758.568809079745,758.567810058594,758.56982421875,49.1475715637207,42.3083572387695,57.2414894104004,24929546.8671875,1375405.625,1,313,1
275.258075099617,275.257751464844,275.25830078125,49.1475715637207,44.0383033752441,60.2574234008789,16621263.1953125,992437.1875,1,314,1
370.295515578955,370.295196533203,370.2958984375,49.1475715637207,42.3083572387695,55.5323181152344,14615138.703125,947842.375,1,315,1
256.850517683909,256.850158691406,256.851013183594,49.1475715637207,42.736499786377,55.9624328613281,7017632.78320312,548060.1875,1,316,1
469.393152535187,469.392639160156,469.393585205078,49.1475715637207,43.6089134216309,54.6819915771484,7994457.67578125,545035.4375,1,317,1
351.330056402351,351.329223632812,351.330291748047,49.1475715637207,44.4642677307129,55.5323181152344,6310325.37109375,442262.5625,1,318,1
336.326178353641,336.325897216797,336.326538085938,49.1475715637207,42.736499786377,58.0972671508789,7173665.1640625,417274.53125,1,319,1
513.419471262287,513.418701171875,513.420104980469,49.1475715637207,42.736499786377,58.0972671508789,6806990.05664062,412300.5625,1,320,1
728.52293458295,728.521179199219,728.52392578125,49.1475715637207,40.1549415588379,58.5234489440918,4896376.02929688,322559.75,1,321,1
346.295374201287,346.295104980469,346.295959472656,49.1475715637207,46.1797180175781,57.2414894104004,3461255.71484375,256333.53125,1,322,1
434.347889396907,434.347045898438,434.348541259766,49.1475715637207,44.9003295898438,57.2414894104004,3516763.80273438,231750.59375,1,323,1
750.506620592957,750.504211425781,750.508605957031,49.1475715637207,43.6089134216309,58.0972671508789,2263638.84375,160569.59375,1,324,1
193.988062155784,193.987884521484,193.988235473633,267.621826171875,259.373687744141,273.820617675781,63338760.125,3469804,1,325,1
253.118235152572,253.118087768555,253.118423461914,267.621826171875,261.561859130859,274.695190429688,35489472.515625,2417160.5,1,326,1
191.989944571006,191.98957824707,191.990081787109,267.621826171875,258.937805175781,273.820617675781,22204322.1171875,1221481.125,1,327,1
192.990656461522,192.990509033203,192.990798950195,267.621826171875,259.373687744141,273.383697509766,17151506.296875,1003828.125,1,328,1
92.9238476943478,92.9237442016602,92.923957824707,267.621826171875,256.730499267578,278.625579833984,7737190.31347656,452372.53125,1,329,1
108.955149570108,108.955001831055,108.955253601074,267.621826171875,258.937805175781,272.952453613281,4834358.15429688,293600.625,1,330,1
94.9394864546082,94.9393768310547,94.9396362304688,267.621826171875,259.373687744141,272.952453613281,2849012.61230469,215883.140625,1,331,1
90.9246304595956,90.9244689941406,90.9246978759766,267.621826171875,260.247863769531,273.383697509766,3033435.53613281,209755.390625,1,332,1
117.073982947836,117.073654174805,117.074363708496,309.149505615234,296.422546386719,322.800109863281,69899495.5771484,3444620.25,1,333,1
219.01886291873,219.018630981445,219.019027709961,309.149505615234,300.915130615234,317.074737548828,12054233.7304688,683772.8125,1,334,1
144.982290726567,144.982116699219,144.982559204102,389.904510498047,378.674163818359,395.274871826172,108888164.25,3369654,1,335,1
233.914818471222,233.914611816406,233.915222167969,389.904510498047,378.674163818359,396.167602539062,37058337.625,1224103.5,1,336,1
117.091055092992,117.09090423584,117.091133117676,60.2574234008789,54.2557411193848,65.8133773803711,43550368,3358225,1,337,1
210.169994081986,210.169723510742,210.170120239258,60.2574234008789,55.1068077087402,65.8133773803711,7034189.5703125,579921.6875,1,338,1
243.182942243044,243.182815551758,243.183151245117,52.9639205932617,45.3259620666504,61.1087493896484,63915419.15625,3301647.5,1,339,1
281.101946464528,281.101715087891,281.102233886719,52.9639205932617,46.1797180175781,58.5234489440918,5625865.40234375,372722.9375,1,340,1
508.180793757682,508.180053710938,508.181579589844,52.9639205932617,47.4359397888184,58.5234489440918,3032101.06640625,221934.765625,1,341,1
852.143903189483,852.142517089844,852.145629882812,392.170013427734,384.465026855469,401.440795898438,58044734.609375,3287635.25,1,342,1
853.146941518926,853.145935058594,853.148986816406,392.170013427734,384.465026855469,401.879547119141,16344414.8671875,864122.3125,1,343,1
854.14733705562,854.142639160156,854.149169921875,392.170013427734,385.37744140625,400.547821044922,4060502.171875,245104.921875,1,344,1
156.076824386482,156.076690673828,156.076995849609,413.9951171875,404.529449462891,423.821075439453,89912188.9375,3187835,1,345,1
365.105537204718,365.105133056641,365.106048583984,413.9951171875,404.965515136719,419.756652832031,14380131.3125,850675.25,1,346,1
234.076969447232,234.076782226562,234.077133178711,413.9951171875,407.729675292969,422.500183105469,10866676.578125,498707.9375,1,347,1
576.193366645759,576.192749023438,576.193969726562,413.9951171875,405.402740478516,420.207458496094,5419047.04882812,298340.3125,1,348,1
144.982212061536,144.982147216797,144.982299804688,372.866607666016,368.902862548828,378.674163818359,66497859.5,3141898,1,349,1
269.107222793626,269.106903076172,269.107452392578,157.512893676758,140.679275512695,176.407409667969,144820390.328125,3128905.75,1,350,1
239.010033395539,239.009735107422,239.010269165039,157.512893676758,145.927490234375,173.355285644531,12853311.2363281,354266.28125,1,351,1
144.982223460341,144.982116699219,144.982330322266,362.300201416016,354.098785400391,365.8369140625,75353086.625,3004329.75,1,352,1
176.037635846915,176.03742980957,176.037826538086,78.4957733154297,75.4298553466797,82.9350814819336,16730491.3789062,2996782.5,1,353,1
130.159080900684,130.158966064453,130.159317016602,407.729675292969,393.958282470703,423.38671875,106725043.40625,2993592.75,1,354,1
144.98227433064,144.982177734375,144.982391357422,274.264587402344,263.267364501953,283.795471191406,106675601.9375,2968737.5,1,355,1
95.0604099432769,95.0603332519531,95.0604858398438,274.264587402344,266.764312744141,282.943817138672,10175452.765625,407908.875,1,356,1
274.091983279048,274.091705322266,274.092132568359,342.076507568359,334.435028076172,348.809753417969,46789326.65625,2950569.25,1,357,1
310.113183015715,310.112884521484,310.113372802734,342.076507568359,333.56005859375,350.139251708984,39041808.3203125,2494827.25,1,358,1
292.102576675783,292.102294921875,292.102752685547,342.076507568359,334.435028076172,348.809753417969,24185946.6875,1575984.75,1,359,1
311.11654068004,311.115936279297,311.116760253906,342.076507568359,335.305877685547,348.809753417969,4120548.46875,267218.3125,1,360,1
293.105903487338,293.105590820312,293.106231689453,342.076507568359,333.56005859375,349.699493408203,2757397.33007812,180889.234375,1,361,1
277.139374031338,277.139099121094,277.140014648438,436.341033935547,429.634307861328,441.771636962891,35229644.453125,2921528.25,1,362,1
560.079214421394,560.078491210938,560.080688476562,436.341033935547,428.766082763672,443.116882324219,4487452.22753906,294327.34375,1,363,1
259.128786414202,259.128082275391,259.129333496094,436.341033935547,430.074096679688,441.324096679688,1665134.97265625,148193.609375,1,364,1
213.098288981743,213.098129272461,213.098449707031,360.700714111328,355.858520507812,371.128845214844,65978813.625,2888061.5,1,365,1
144.982262848993,144.982223510742,144.982299804688,108.620323181152,106.433044433594,109.923477172852,24161919,2887758,1,366,1
300.201641429869,300.201477050781,300.201965332031,62.3895454406738,57.2414894104004,70.5928802490234,37589995.265625,2884028.75,1,367,1
358.207241034183,358.206726074219,358.207702636719,62.3895454406738,55.9624328613281,67.9959564208984,4763633.10351562,379681.875,1,368,1
371.327033090062,371.326629638672,371.327514648438,62.3895454406738,54.2557411193848,74.9929885864258,8446480.046875,348098.15625,1,369,1
144.982243280877,144.982086181641,144.982376098633,246.242462158203,198.805953979492,262.8408203125,350710102.25,2872874.5,1,370,1
86.0601511318109,86.0600280761719,86.0602874755859,401.879547119141,396.167602539062,409.935974121094,48456526.125,2872181.75,1,371,1
144.982223671445,144.982040405273,144.982345581055,61.9633941650391,50.0028991699219,78.9311752319336,149028751.5,2815558.5,1,372,1
184.024085844523,184.023880004883,184.024475097656,426.437438964844,418.441040039062,434.140167236328,51892308.734375,2806757.25,1,373,1
179.045095759737,179.044891357422,179.045349121094,426.437438964844,418.441040039062,433.688568115234,2475966.17431641,145931.234375,1,374,1
212.102221845385,212.101196289062,212.102462768555,206.26530456543,193.108108520508,215.877349853516,74265606.765625,2791427.5,1,375,1
213.106126808503,213.105346679688,213.106430053711,206.26530456543,194.857696533203,217.174468994141,6376426.59570312,238417.0625,1,376,1
144.982263477979,144.982131958008,144.982376098633,143.308166503906,132.795928955078,145.488052368164,75566475.75,2742087.75,1,377,1
144.982259001369,144.982131958008,144.982437133789,407.729675292969,399.654052734375,422.500183105469,126263842.25,2716294.5,1,378,1
233.914843318895,233.91471862793,233.914993286133,62.3895454406738,57.2414894104004,68.8576583862305,61793204.5,2705133,1,379,1
233.914846155483,233.914672851562,233.915008544922,33.524471282959,32.6419677734375,41.4425621032715,47848709.75,2701426,1,380,1
144.982241073358,144.9814453125,144.982604980469,429.634307861328,424.257202148438,444.013793945312,104516116.25,2624932.75,1,381,1
113.059682197434,113.059547424316,113.059776306152,49.5729827880859,42.3083572387695,64.0980682373047,50677298.3339844,2624338.75,1,382,1
267.122689966319,267.122497558594,267.122924804688,49.5729827880859,45.3259620666504,58.9503517150879,12767259.3046875,757869.3125,1,383,1
346.222577839179,346.222198486328,346.222930908203,49.5729827880859,43.6089134216309,55.9624328613281,9764221.10351562,573712.0625,1,384,1
319.194581467124,319.194030761719,319.195159912109,49.5729827880859,45.3259620666504,55.5323181152344,4282335.75390625,384587.375,1,385,1
320.316059816495,320.315734863281,320.316375732422,49.5729827880859,45.3259620666504,55.9624328613281,3934518.484375,260328.234375,1,386,1
388.196754431477,388.195739746094,388.197723388672,49.5729827880859,45.3259620666504,58.9503517150879,3910693.61132812,242183.015625,1,387,1
416.215035322425,416.214294433594,416.215728759766,49.5729827880859,45.3259620666504,57.2414894104004,3305269.08789062,228492.640625,1,388,1
160.075756866221,160.075607299805,160.075912475586,720.049438476562,691.027038574219,751.119689941406,206130689.34375,2623656.75,1,389,1
144.982240669029,144.982116699219,144.982376098633,332.140930175781,306.569519042969,338.139526367188,156162423.875,2608166.5,1,390,1
144.982240805802,144.982192993164,144.982330322266,179.917724609375,175.534454345703,183.84944152832,46123191.125,2591097.25,1,391,1
144.982232806677,144.982162475586,144.982360839844,149.387954711914,146.362655639648,149.822555541992,21455767.25,2582102.75,1,392,1
133.031850955067,133.031784057617,133.031936645508,270.233551025391,263.71240234375,277.742095947266,42656792.765625,2533246.25,1,393,1
104.052905865081,104.052803039551,104.05298614502,270.233551025391,263.71240234375,277.742095947266,14200027.7734375,869654.125,1,394,1
150.055044981471,150.054870605469,150.055160522461,319.687927246094,307.438232421875,339.885650634766,126273922.125,2487077,1,395,1
306.080816421557,306.080322265625,306.081207275391,319.687927246094,308.299865722656,329.407562255859,8675160.640625,430138.9375,1,396,1
235.913011845502,235.912872314453,235.913162231445,61.9633941650391,57.6677780151367,68.8576583862305,52540693.625,2447803.75,1,397,1
310.185999174861,310.185577392578,310.186492919922,61.9633941650391,57.2414894104004,70.5928802490234,7719970.33398438,470341.15625,1,398,1
144.98222089919,144.982116699219,144.982345581055,37.9674453735352,32.6419677734375,48.7141265869141,67305327.75,2441854.75,1,399,1
124.086963406735,124.086853027344,124.087051391602,37.9674453735352,32.6419677734375,47.009822845459,10748094.203125,444522.59375,1,400,1
479.191948851847,479.191345214844,479.192413330078,160.907913208008,136.72639465332,181.226104736328,124308724.539062,2417671.5,1,401,1
347.149630518386,347.149261474609,347.149932861328,160.907913208008,145.488052368164,172.91960144043,28780025.4492188,866990,1,402,1
119.035287826299,119.035171508789,119.035400390625,160.907913208008,148.953460693359,172.049118041992,19588435.3515625,606706,1,403,1
480.195265040586,480.194458007812,480.1962890625,160.907913208008,137.601364135742,180.353561401367,20958613.9399414,419262.0625,1,404,1
327.942740087153,327.942321777344,327.943115234375,160.907913208008,145.927490234375,172.91960144043,5056684.13574219,191828.453125,1,405,1
144.982219036004,144.981597900391,144.982360839844,186.05143737793,183.84944152832,191.345062255859,39704187.625,2390967.5,1,406,1
125.070985503751,125.070434570312,125.071128845215,186.05143737793,174.673110961914,197.498886108398,34788927.65625,1095995.375,1,407,1
176.971354470127,176.971160888672,176.971435546875,670.122985839844,665.683532714844,673.226501464844,39491696.375,2362611.25,1,408,1
84.0808681053256,84.0807495117188,84.080940246582,670.122985839844,657.265563964844,680.80615234375,5469324.30810547,230083.515625,1,409,1
235.912994688669,235.912796020508,235.913146972656,33.0829467773438,32.6419677734375,47.8588409423828,62056095.375,2330563.75,1,410,1
234.077039463658,234.076873779297,234.077178955078,33.0829467773438,32.6419677734375,42.3083572387695,10091454.421875,774794.0625,1,411,1
176.037625083271,176.037475585938,176.037780761719,72.3562850952148,67.9959564208984,75.4298553466797,17859581.1962891,2295031.25,1,412,1
187.05358657576,187.053436279297,187.053756713867,72.3562850952148,67.9959564208984,78.0594940185547,9866339.92675781,1071660.375,1,413,1
176.971306287618,176.97119140625,176.971481323242,676.363342285156,673.226501464844,689.704162597656,78832082.75,2285359.75,1,414,1
428.036836166973,428.036468505859,428.037139892578,454.100555419922,447.80517578125,461.405944824219,33308682.015625,2269170,1,415,1
102.127765976142,102.127639770508,102.128311157227,454.100555419922,442.671051025391,461.853698730469,12860636.7026367,502456.71875,1,416,1
429.040222247459,429.039733886719,429.040832519531,454.100555419922,447.80517578125,461.853698730469,3108924.17871094,199811.8125,1,417,1
639.124472092023,639.123718261719,639.125549316406,454.100555419922,449.605712890625,460.089416503906,1511832.02685547,131062.3125,1,418,1
152.070691132075,152.070510864258,152.071060180664,665.683532714844,640.774536132812,675.452880859375,120359696.96875,2173520.25,1,419,1
151.058390743351,151.058227539062,151.058776855469,665.683532714844,643.89453125,674.567077636719,14067019.5898438,297243.65625,1,420,1
74.0965249653538,74.0965042114258,74.0965805053711,959.533752441406,954.159606933594,959.986511230469,23298456.125,2157624.75,1,421,1
144.982257199652,144.982177734375,144.982345581055,466.739044189453,460.964782714844,469.426452636719,37907152,2153796.25,1,422,1
176.971330492246,176.971176147461,176.97151184082,707.4833984375,691.463195800781,727.687683105469,157083183.75,2150785.75,1,423,1
766.534487009725,766.532531738281,766.538940429688,47.009822845459,40.1549415588379,53.3896408081055,32038243.8183594,2133824,1,424,1
441.788204481678,441.787475585938,441.788452148438,47.009822845459,41.8720779418945,52.5366744995117,15440260.09375,1314676,1,425,1
442.289941143946,442.289520263672,442.290496826172,47.009822845459,42.736499786377,53.3896408081055,7566455.35351562,759253.5,1,426,1
680.482222401569,680.480163574219,680.484802246094,47.009822845459,41.4425621032715,52.9639205932617,6443594.52148438,572765.3125,1,427,1
636.780694156324,636.779052734375,636.782043457031,47.009822845459,42.736499786377,58.5234489440918,4104326.10546875,444067.375,1,428,1
663.454301641218,663.452209472656,663.456115722656,47.009822845459,41.0165061950684,52.1220588684082,3493306.96972656,413121.96875,1,429,1
463.343181272527,463.342407226562,463.343994140625,47.009822845459,42.736499786377,50.4266319274902,1857858.85742188,401742,1,430,1
776.573196507769,776.571411132812,776.574096679688,47.009822845459,43.1721076965332,52.9639205932617,4369897.57226562,368120.75,1,431,1
577.744562614466,577.743835449219,577.74609375,47.009822845459,42.736499786377,54.6819915771484,3333879.52734375,360628.9375,1,432,1
703.508167942388,703.506896972656,703.509094238281,47.009822845459,43.1721076965332,52.5366744995117,2593736.6875,344520.46875,1,433,1
389.588721699418,389.588134765625,389.589599609375,47.009822845459,42.3083572387695,51.7027893066406,2543025.85546875,314527.65625,1,434,1
747.534467566933,747.533203125,747.536010742188,47.009822845459,42.736499786377,51.7027893066406,2906909.11914062,305438.15625,1,435,1
651.456188334426,651.455200195312,651.458251953125,47.009822845459,43.1721076965332,50.4266319274902,2836292.01953125,294145.71875,1,436,1
770.048976769825,770.046997070312,770.050537109375,47.009822845459,42.3083572387695,56.8146324157715,3269337.64746094,283782.03125,1,437,1
440.410205870739,440.409545898438,440.410675048828,47.009822845459,44.0383033752441,51.2770309448242,2813170.75390625,270368.21875,1,438,1
726.022970173227,726.021301269531,726.024597167969,47.009822845459,43.1721076965332,52.5366744995117,2557039.59765625,264993.03125,1,439,1
458.823672228752,458.823120117188,458.824432373047,47.009822845459,44.0383033752441,51.2770309448242,1886831.375,246586.484375,1,440,1
899.613071415221,899.611938476562,899.614624023438,47.009822845459,44.4642677307129,49.5729827880859,1708464.265625,229391.125,1,441,1
524.361375955144,524.360717773438,524.361999511719,47.009822845459,43.1721076965332,51.7027893066406,2372677.26953125,229304.015625,1,442,1
467.109053518814,467.108489990234,467.109405517578,47.009822845459,41.4425621032715,50.4266319274902,2068475.74902344,229179.84375,1,443,1
681.996350582827,681.995178222656,681.998657226562,47.009822845459,43.1721076965332,54.2557411193848,1942797.72265625,213789.984375,1,444,1
659.481445017152,659.480163574219,659.482788085938,47.009822845459,42.736499786377,51.7027893066406,2034941.4921875,207380.890625,1,445,1
503.320114653988,503.318481445312,503.321502685547,47.009822845459,42.736499786377,53.3896408081055,2212396.67578125,204806.3125,1,446,1
812.564459027199,812.562377929688,812.565795898438,47.009822845459,43.1721076965332,51.2770309448242,1566553.33984375,200822.15625,1,447,1
804.604385618055,804.603454589844,804.605285644531,47.009822845459,43.6089134216309,47.8588409423828,1174299.54882812,173955.90625,1,448,1
351.578112665731,351.577331542969,351.579559326172,47.009822845459,42.3083572387695,50.0028991699219,1222932.54882812,144898.609375,1,449,1
541.147694230669,541.145324707031,541.148193359375,197.498886108398,188.245590209961,201.889434814453,45983837.75,2124939.75,1,450,1
130.049864570249,130.04931640625,130.050048828125,197.498886108398,186.922897338867,204.943740844727,22826966.46875,966610,1,451,1
176.091718591433,176.090942382812,176.091934204102,197.498886108398,186.488525390625,206.26530456543,18737067.578125,817759.5625,1,452,1
541.147820869094,541.147338867188,541.148193359375,204.50715637207,201.889434814453,215.436492919922,39063314.640625,2089006.25,1,453,1
234.07696790156,234.076797485352,234.077117919922,350.574462890625,342.523071289062,355.422271728516,42600100.59375,2077563.375,1,454,1
144.982291357864,144.982116699219,144.982650756836,662.582458496094,638.523803710938,689.704162597656,192388559.375,2071172.75,1,455,1
233.914787042049,233.914398193359,233.915008544922,233.525741577148,215.010971069336,263.267364501953,164874602.984375,2059012.625,1,456,1
176.971324069647,176.971206665039,176.971405029297,729.481079101562,727.687683105469,739.388244628906,49361010.375,2040022.5,1,457,1
233.914834795042,233.914733886719,233.915023803711,43.6089134216309,41.4425621032715,47.8588409423828,23696978.9375,2033213.75,1,458,1
372.311077442097,372.310760498047,372.311401367188,43.6089134216309,39.2886085510254,47.009822845459,3156336.66503906,389758.34375,1,459,1
368.292620070261,368.291870117188,368.293304443359,43.6089134216309,39.2886085510254,48.7141265869141,2931260.25585938,258088.484375,1,460,1
384.772458038884,384.772125244141,384.772857666016,48.2884254455566,42.736499786377,54.6819915771484,26809679.2539062,2032303.5,1,461,1
318.191208534303,318.19091796875,318.191436767578,48.2884254455566,43.6089134216309,57.6677780151367,30061592.5546875,1877874.875,1,462,1
378.358134759128,378.357788085938,378.358551025391,48.2884254455566,44.0383033752441,55.1068077087402,5375748.51953125,355090.625,1,463,1
257.184985535467,257.1845703125,257.185424804688,48.2884254455566,44.0383033752441,52.5366744995117,2876482.35546875,314597.59375,1,464,1
546.375026103204,546.373779296875,546.376098632812,48.2884254455566,43.6089134216309,50.8519668579102,1221922.15039062,159677.296875,1,465,1
144.982260530523,144.982116699219,144.982360839844,472.572845458984,471.674438476562,483.312255859375,48853671,1988105.75,1,466,1
286.310355689847,286.309967041016,286.310638427734,265.896759033203,236.58235168457,298.184936523438,144475383.140625,1963854,1,467,1
176.971348858402,176.971267700195,176.971420288086,750.215698242188,746.170104980469,754.281005859375,34543608.625,1953114.25,1,468,1
241.031106166267,241.030715942383,241.031692504883,437.214477539062,426.000915527344,450.060028076172,32868736.7709961,1947543,1,469,1
291.044311752671,291.0439453125,291.044891357422,437.214477539062,431.381591796875,443.116882324219,1250874.58105469,135972.3125,1,470,1
348.070411888211,348.070129394531,348.070678710938,382.668121337891,375.614654541016,388.991729736328,28359179.515625,1940356,1,471,1
141.065950513096,141.065841674805,141.06608581543,274.264587402344,267.621826171875,281.217102050781,30708658.875,1911591.5,1,472,1
146.980455388651,146.980377197266,146.980606079102,274.264587402344,263.71240234375,282.094757080078,39520564.21875,1275687.375,1,473,1
103.054285715081,103.054206848145,103.054359436035,218.149017333984,207.15055847168,226.032318115234,47538862.3125,1882383.625,1,474,1
91.0542553319573,91.0541381835938,91.0543365478516,218.149017333984,204.50715637207,228.24772644043,5093330.375,207971.8125,1,475,1
149.059767093207,149.059585571289,149.059921264648,218.149017333984,208.460678100586,226.032318115234,3120804.22265625,146266.15625,1,476,1
114.091372385147,114.091239929199,114.091651916504,70.1560821533203,64.5260009765625,75.4298553466797,19157887.9277344,1865917.375,1,477,1
176.971323512807,176.971099853516,176.97151184082,773.222534179688,765.104736328125,807.214782714844,138573352.625,1862438.5,1,478,1
352.935327069258,352.935028076172,352.935668945312,584.877685546875,581.757263183594,593.364990234375,44725246.25,1852805.375,1,479,1
235.912942929732,235.912551879883,235.913162231445,231.756271362305,215.877349853516,263.267364501953,144431684.546875,1850563.375,1,480,1
399.144690706999,399.144317626953,399.145080566406,460.526519775391,449.605712890625,472.125030517578,49376797.921875,1846361.625,1,481,1
400.148039036343,400.147521972656,400.148406982422,460.526519775391,450.060028076172,475.251892089844,7324944.39648438,256467.96875,1,482,1
250.093368565553,250.093109130859,250.09358215332,460.526519775391,451.866149902344,472.572845458984,3837361.65429688,139840.84375,1,483,1
162.058349453112,162.058227539062,162.058456420898,78.9311752319336,76.3020858764648,82.9350814819336,8388389.27832031,1842884,1,484,1
244.074978729896,244.074783325195,244.075210571289,78.9311752319336,77.1824035644531,82.9350814819336,1983343.46289062,398697.46875,1,485,1
170.117536212151,170.117431640625,170.117721557617,78.9311752319336,75.4298553466797,80.2291412353516,850840.022949219,184676.53125,1,486,1
84.0444528812924,84.0443725585938,84.044563293457,78.9311752319336,77.6190032958984,82.0653305053711,773433.10546875,168986.3125,1,487,1
187.107740234659,187.107528686523,187.107971191406,78.9311752319336,72.3562850952148,83.8051071166992,1545483.24023438,139895.78125,1,488,1
144.982264209276,144.982116699219,144.982376098633,486.447479248047,483.312255859375,505.719940185547,80854596.75,1832406.75,1,489,1
810.133337876809,810.132629394531,810.134582519531,387.638854980469,380.333618164062,394.825561523438,28906144.0234375,1817055.625,1,490,1
666.132560162756,666.131652832031,666.134216308594,387.638854980469,380.781585693359,396.609069824219,11212498.8398438,639677.5625,1,491,1
667.135817328123,667.135070800781,667.136657714844,387.638854980469,380.781585693359,394.394470214844,2390514.0625,129981,1,492,1
166.049938344504,166.049758911133,166.05012512207,572.845581054688,555.944274902344,591.129211425781,97469468.5625,1762033.125,1,493,1
176.971335389645,176.971130371094,176.971481323242,851.77392578125,833.592102050781,875.995422363281,137511063.25,1720635,1,494,1
508.003180536775,508.002807617188,508.003967285156,500.358581542969,494.522583007812,508.408477783203,27428954.609375,1699665.125,1,495,1
144.982274589547,144.982131958008,144.982345581055,521.7978515625,517.348754882812,525.337280273438,29388321.5,1691482.375,1,496,1
144.982264040578,144.982116699219,144.982421875,569.739013671875,553.284912109375,578.629699707031,81066292.4375,1676725.5,1,497,1
233.914786578325,233.914474487305,233.914978027344,291.573516845703,263.267364501953,310.535522460938,123651538.304688,1661893.875,1,498,1
168.065491675817,168.065017700195,168.066299438477,291.573516845703,271.206634521484,304.399505615234,4806212.49023438,134644.125,1,499,1
144.982259460039,144.982147216797,144.982406616211,525.772521972656,525.337280273438,536.415100097656,39319859.6875,1657840.375,1,500,1
445.233575405475,445.233337402344,445.233947753906,52.1220588684082,44.9003295898438,59.3922462463379,30389603.0390625,1635816,1,501,1
105.069873205661,105.069747924805,105.069961547852,52.1220588684082,44.9003295898438,59.3922462463379,16280577.6679688,898345.875,1,502,1
121.064783164508,121.064666748047,121.064971923828,52.1220588684082,46.1797180175781,59.3922462463379,4672516.59765625,271026.65625,1,503,1
790.379616921798,790.377319335938,790.380737304688,52.1220588684082,49.1475715637207,57.2414894104004,1485675.59570312,153642.234375,1,504,1
163.075367359165,163.075164794922,163.075729370117,52.1220588684082,45.3259620666504,61.5341262817383,2818643.8671875,147654.359375,1,505,1
536.212218959335,536.211486816406,536.212829589844,52.1220588684082,47.8588409423828,58.0972671508789,2236117.40429688,130435.9296875,1,506,1
247.153980090722,247.15380859375,247.154251098633,53.8160591125488,47.4359397888184,58.9503517150879,21750959.5078125,1604578.25,1,507,1
144.982279455214,144.982162475586,144.982513427734,514.666320800781,507.064819335938,517.348754882812,35207834.5,1597108.25,1,508,1
234.076968096642,234.076675415039,234.077194213867,301.361114501953,291.136871337891,308.299865722656,34648444.59375,1596030.75,1,509,1
335.111871774722,335.111511230469,335.112274169922,301.361114501953,294.660247802734,310.975189208984,8773264.90820312,585201.625,1,510,1
144.982274443815,144.982131958008,144.982437133789,584.877685546875,580.41845703125,589.786193847656,32418701.875,1582570.25,1,511,1
204.086680704976,204.086349487305,204.086929321289,292.0205078125,272.069885253906,307.438232421875,54622942.0117188,1571116.875,1,512,1
784.584363366144,784.582641601562,784.585144042969,50.0028991699219,43.1721076965332,55.9624328613281,24943845.7734375,1568775,1,513,1
759.572803739361,759.570861816406,759.573913574219,50.0028991699219,42.3083572387695,57.2414894104004,11764231.265625,714038.375,1,514,1
460.269676849719,460.268585205078,460.270172119141,50.0028991699219,41.8720779418945,61.1087493896484,12649079.3085938,703444.75,1,515,1
289.273696300828,289.273345947266,289.274230957031,50.0028991699219,44.4642677307129,58.5234489440918,9521057.90625,592287,1,516,1
306.300285501393,306.2998046875,306.300689697266,50.0028991699219,44.0383033752441,58.5234489440918,3579537.87890625,240007.515625,1,517,1
146.980439827342,146.980270385742,146.980712890625,387.184173583984,378.229125976562,395.719421386719,49178167.125,1555547.625,1,518,1
144.982260585617,144.982147216797,144.982376098633,610.780090332031,599.624755859375,625.5263671875,79488361.5,1550065.5,1,519,1
177.095123042441,177.09489440918,177.095275878906,258.050323486328,252.347091674805,265.896759033203,25026836.6796875,1541929.25,1,520,1
110.071307680652,110.07120513916,110.071441650391,413.55859375,404.965515136719,422.500183105469,39285043.3125,1534185.5,1,521,1
106.049901699192,106.049797058105,106.050003051758,413.55859375,407.729675292969,420.207458496094,9930794.9296875,727766.1875,1,522,1
83.0604361522355,83.0603561401367,83.0605545043945,413.55859375,404.093505859375,422.064880371094,5524898.21484375,213151.296875,1,523,1
666.132016521805,666.131103515625,666.133850097656,413.55859375,406.737548828125,422.949768066406,3881482.57421875,204863.171875,1,524,1
448.166207180812,448.165496826172,448.166473388672,413.55859375,409.498077392578,420.207458496094,1766626.4609375,138967.21875,1,525,1
144.982276109141,144.982208251953,144.982391357422,591.575500488281,589.786193847656,597.834899902344,26613814,1515788.25,1,526,1
156.076824258954,156.076644897461,156.077209472656,434.577026367188,423.821075439453,442.671051025391,37273802.8203125,1509404,1,527,1
110.071290564622,110.071144104004,110.071578979492,434.577026367188,422.500183105469,441.324096679688,17177684.2695312,723277.25,1,528,1
432.280492825894,432.280059814453,432.28076171875,58.5234489440918,51.7027893066406,65.8133773803711,27116264.640625,1506884.25,1,529,1
476.306742180026,476.306365966797,476.307037353516,58.5234489440918,50.4266319274902,65.3876647949219,18132505.2421875,896908.9375,1,530,1
478.293057941386,478.292633056641,478.29345703125,58.5234489440918,50.4266319274902,70.5928802490234,11071198.0390625,452780.71875,1,531,1
626.484042105294,626.483337402344,626.485107421875,58.5234489440918,50.8519668579102,69.7155227661133,7818748.6953125,373152.25,1,532,1
494.405388106377,494.404937744141,494.405914306641,58.5234489440918,51.7027893066406,68.8576583862305,8293938.85546875,349862.21875,1,533,1
433.283929218306,433.283294677734,433.284454345703,58.5234489440918,52.9639205932617,65.8133773803711,5003472.71484375,315218.15625,1,534,1
118.094376576484,118.094146728516,118.09447479248,58.5234489440918,56.3886947631836,65.3876647949219,1761367.15917969,176855.734375,1,535,1
442.264855421778,442.264251708984,442.265655517578,58.5234489440918,54.6819915771484,67.5506896972656,2762217.55859375,165257,1,536,1
583.461190128634,583.460144042969,583.461669921875,58.5234489440918,53.3896408081055,63.6677894592285,2577138.3984375,154782.71875,1,537,1
144.982287371668,144.982177734375,144.982406616211,703.010192871094,697.655029296875,716.023193359375,56632888.5,1497782,1,538,1
405.21041993687,405.2099609375,405.210754394531,50.8519668579102,44.4642677307129,59.8278274536133,25471256.6484375,1482959,1,539,1
387.193154697203,387.192504882812,387.193756103516,50.8519668579102,44.0383033752441,61.1087493896484,17896151.6757812,1062166.625,1,540,1
369.169941148412,369.169647216797,369.170379638672,50.8519668579102,44.0383033752441,58.0972671508789,7287586.84375,460553.25,1,541,1
458.234698021818,458.234222412109,458.235321044922,50.8519668579102,48.7141265869141,57.2414894104004,1964575.44921875,159506.859375,1,542,1
768.122410811356,768.121520996094,768.124572753906,429.634307861328,420.645477294922,437.214477539062,24391626.140625,1479250.75,1,543,1
146.980404469725,146.980239868164,146.980773925781,429.634307861328,424.691467285156,435.465454101562,26157846.125,1214078.75,1,544,1
206.006033419542,206.005767822266,206.006500244141,429.634307861328,417.550170898438,434.577026367188,3208669.53857422,165894.6875,1,545,1
290.134532943864,290.134307861328,290.134704589844,355.422271728516,348.809753417969,362.300201416016,20923453.9765625,1461324.375,1,546,1
501.222611384915,501.221954345703,501.222869873047,355.422271728516,348.809753417969,362.300201416016,6166920.26953125,428132.4375,1,547,1
597.219851452017,597.218688964844,597.220336914062,355.422271728516,350.574462890625,364.07958984375,4771446.24804688,309219.78125,1,548,1
235.912992194968,235.912796020508,235.913192749023,280.791625976562,263.71240234375,284.237365722656,43667225.3242188,1456814.25,1,549,1
187.107789443407,187.107559204102,187.10791015625,280.791625976562,264.151733398438,290.708099365234,37700026.6015625,1295650.625,1,550,1
176.971306315735,176.971115112305,176.971450805664,911.165710449219,899.313049316406,959.533752441406,159031746.21875,1420775.625,1,551,1
134.044812686587,134.044692993164,134.044998168945,409.498077392578,402.771057128906,415.317779541016,19744024.484375,1407072.875,1,552,1
256.092682385732,256.092315673828,256.092956542969,409.498077392578,402.326812744141,414.881164550781,5944078.7734375,444515.28125,1,553,1
189.12337253578,189.123168945312,189.123596191406,409.498077392578,402.771057128906,416.195739746094,5061484.0859375,356955.46875,1,554,1
172.096805810652,172.0966796875,172.096954345703,409.498077392578,402.771057128906,415.754333496094,4708008.61132812,347442.03125,1,555,1
92.0369207387926,92.0368270874023,92.0370254516602,409.498077392578,404.529449462891,413.55859375,5060529.625,314223.65625,1,556,1
88.0393582955617,88.0392532348633,88.0394439697266,409.498077392578,400.547821044922,419.756652832031,4785252.49707031,296856.59375,1,557,1
131.162377931681,131.162200927734,131.162582397461,409.498077392578,394.394470214844,422.500183105469,6339734.61328125,204018.3125,1,558,1
159.076496482883,159.076354980469,159.076614379883,274.695190429688,268.061279296875,281.217102050781,22123190.140625,1405675.25,1,559,1
144.982290798451,144.982192993164,144.982376098633,631.355041503906,625.976867675781,635.387756347656,28848617.5,1389886.75,1,560,1
146.980387896322,146.980255126953,146.980499267578,358.932708740234,339.453369140625,365.400970458984,69505281.375,1385123,1,561,1
146.980408476431,146.980209350586,146.980545043945,234.833923339844,215.010971069336,262.8408203125,116860694,1365084.5,1,562,1
146.98040521736,146.980270385742,146.980545043945,96.3935317993164,79.3578338623047,100.752662658691,59484389.4375,1338699.75,1,563,1
559.158295012197,559.157775878906,559.158874511719,380.781585693359,375.169158935547,388.090087890625,16069078.3007812,1334106,1,564,1
560.161505517227,560.16015625,560.162719726562,380.781585693359,375.169158935547,387.638854980469,2769329.59570312,244519.828125,1,565,1
349.073783124384,349.073455810547,349.074096679688,380.781585693359,376.048950195312,389.437194824219,2753591.52246094,203741.265625,1,566,1
596.216752617759,596.215148925781,596.217529296875,356.291046142578,348.366729736328,374.199798583984,22642897.7587891,1325591.625,1,567,1
423.183064256558,423.182708740234,423.183502197266,326.764465332031,312.698120117188,338.139526367188,47641572.3125,1319185.5,1,568,1
182.081197870984,182.081069946289,182.081314086914,326.764465332031,321.018859863281,334.870544433594,11061938.5664062,765367,1,569,1
165.054607318903,165.054351806641,165.054748535156,326.764465332031,321.465850830078,333.999450683594,2472958.00097656,171395.609375,1,570,1
132.065561079923,132.065368652344,132.065658569336,310.535522460938,300.477416992188,320.133575439453,34034181.28125,1308145.5,1,571,1
327.158415952065,327.158111572266,327.158660888672,310.535522460938,302.235565185547,320.133575439453,22278932.75,1174340.75,1,572,1
221.017036534363,221.016708374023,221.01741027832,310.535522460938,299.494140625,319.687927246094,5448663.66894531,317285.25,1,573,1
328.16178468652,328.160858154297,328.162322998047,310.535522460938,301.787078857422,320.133575439453,2779318.46289062,149260.171875,1,574,1
144.982266967987,144.982147216797,144.982406616211,724.537353515625,717.363464355469,745.716796875,74562109.4375,1305225.75,1,575,1
176.971336767306,176.97119140625,176.971466064453,824.308532714844,811.382019042969,833.592102050781,54422686.8125,1289662.625,1,576,1
144.982248993341,144.982147216797,144.982330322266,758.771423339844,745.716796875,770.523864746094,63852622.6875,1265178.75,1,577,1
423.183085471504,423.1826171875,423.183441162109,347.920135498047,338.583221435547,357.607421875,40251333.5625,1259532.5,1,578,1
144.982257118852,144.982070922852,144.982406616211,782.6552734375,770.523864746094,799.387878417969,74146993,1253945.5,1,579,1
483.408909943403,483.408325195312,483.409576416016,46.5953903198242,42.736499786377,54.6819915771484,17029247.1152344,1245222.125,1,580,1
614.484125757775,614.483276367188,614.484619140625,46.5953903198242,42.736499786377,53.3896408081055,7985656.09765625,637810.125,1,581,1
506.254040006885,506.253021240234,506.254547119141,46.5953903198242,42.3083572387695,52.1220588684082,5842556.25195312,533831.875,1,582,1
651.121718473145,651.119812011719,651.122619628906,46.5953903198242,41.4425621032715,53.3896408081055,3936773.60742188,433196.0625,1,583,1
791.560249056049,791.558837890625,791.562683105469,46.5953903198242,41.0165061950684,56.3886947631836,3886366.9375,395811.1875,1,584,1
760.577817593811,760.57568359375,760.579162597656,46.5953903198242,44.0383033752441,55.1068077087402,5486828.59375,382728.21875,1,585,1
621.770679695796,621.76953125,621.771911621094,46.5953903198242,42.736499786377,52.1220588684082,3768570.9375,369640.28125,1,586,1
716.552330416953,716.550842285156,716.553039550781,46.5953903198242,43.6089134216309,52.9639205932617,3758793.05859375,366938.75,1,587,1
680.806944847364,680.80517578125,680.808410644531,46.5953903198242,42.736499786377,55.1068077087402,3192779.96484375,299353.75,1,588,1
636.459487159935,636.457885742188,636.460632324219,46.5953903198242,43.1721076965332,52.9639205932617,2817005.35546875,293183.03125,1,589,1
857.598542235307,857.596862792969,857.601623535156,46.5953903198242,43.1721076965332,54.6819915771484,3505224.44238281,291469.75,1,590,1
858.100837140989,858.098999023438,858.10302734375,46.5953903198242,42.736499786377,52.1220588684082,3034763.23632812,271223.46875,1,591,1
604.442451090117,604.44091796875,604.443298339844,46.5953903198242,42.736499786377,53.8160591125488,2715654.72753906,249790.5625,1,592,1
484.411663282682,484.410675048828,484.412200927734,46.5953903198242,45.7512817382812,50.8519668579102,1888471.67578125,237282.171875,1,593,1
560.416226208979,560.415100097656,560.417053222656,46.5953903198242,43.6089134216309,52.9639205932617,2794592.47265625,236205.625,1,594,1
648.468396050659,648.467529296875,648.470031738281,46.5953903198242,43.6089134216309,54.2557411193848,2628818.62109375,231631.859375,1,595,1
547.28082602887,547.279907226562,547.281799316406,46.5953903198242,43.1721076965332,52.1220588684082,1751783.55175781,226579.875,1,596,1
407.337079728036,407.336639404297,407.337554931641,46.5953903198242,44.4642677307129,53.8160591125488,2910646.8984375,225181.1875,1,597,1
531.351377175416,531.35009765625,531.353088378906,46.5953903198242,43.1721076965332,52.5366744995117,2078694.23046875,223425.953125,1,598,1
583.37736461744,583.375793457031,583.378356933594,46.5953903198242,42.736499786377,50.8519668579102,2017789.93261719,206059.625,1,599,1
472.363703305422,472.363220214844,472.364166259766,46.5953903198242,45.3259620666504,50.4266319274902,1559625.546875,182609.96875,1,600,1
146.980411992903,146.980239868164,146.980514526367,72.7884979248047,69.2847518920898,78.4957733154297,23505332.1875,1242371.5,1,601,1
124.086981006819,124.086860656738,124.08708190918,79.3578338623047,74.5447311401367,84.2439880371094,11384511.328125,1241723.5,1,602,1
158.081181259601,158.081069946289,158.081298828125,79.3578338623047,74.9929885864258,82.9350814819336,3799603.9765625,719830.6875,1,603,1
176.09172903939,176.091583251953,176.091857910156,79.3578338623047,78.4957733154297,83.3701019287109,1197443.62402344,221086.953125,1,604,1
121.039672333691,121.03955078125,121.039817810059,79.3578338623047,76.3020858764648,85.1056747436523,1100219.16601562,166449.109375,1,605,1
146.980442491166,146.980285644531,146.980834960938,406.737548828125,395.719421386719,413.9951171875,43785601.3125,1239145,1,606,1
146.980405710972,146.980239868164,146.980529785156,141.115371704102,126.209785461426,160.061431884766,77974392.3125,1238253.5,1,607,1
146.980406762168,146.980270385742,146.980514526367,325.419982910156,307.438232421875,338.139526367188,63403596,1228186.25,1,608,1
162.07609660779,162.075942993164,162.076293945312,409.048736572266,402.771057128906,414.881164550781,14964126.90625,1211778,1,609,1
251.18528963243,251.185119628906,251.185501098633,55.1068077087402,50.8519668579102,61.9633941650391,15314747.9375,1211181.75,1,610,1
520.332875171501,520.331848144531,520.333435058594,55.1068077087402,48.7141265869141,65.3876647949219,10262292.7734375,635186.25,1,611,1
207.159083090871,207.158752441406,207.159301757812,55.1068077087402,51.2770309448242,60.2574234008789,4760769.70703125,456384.40625,1,612,1
446.259860400955,446.259246826172,446.260192871094,55.1068077087402,53.8160591125488,61.9633941650391,2109063.23046875,211228.65625,1,613,1
314.217389468862,314.217132568359,314.217834472656,55.1068077087402,52.1220588684082,62.8164024353027,2501208.40429688,191905.171875,1,614,1
714.536390533062,714.535827636719,714.537536621094,55.1068077087402,50.8519668579102,65.3876647949219,3508080.43945312,177324.6875,1,615,1
128.953570168955,128.953353881836,128.953750610352,810.923889160156,789.383605957031,828.949462890625,42018646.0517578,1205494.875,1,616,1
234.076967625316,234.076721191406,234.077163696289,325.419982910156,315.300659179688,341.632690429688,37122908.21875,1196768,1,617,1
146.98038624365,146.979736328125,146.980545043945,179.917724609375,160.48469543457,201.437850952148,86290382.6875,1173769.375,1,618,1
167.089590135241,167.089401245117,167.089706420898,215.877349853516,206.70231628418,226.921096801758,28099613.59375,1168672.625,1,619,1
423.183059099426,423.182464599609,423.183502197266,303.531341552734,296.867858886719,309.149505615234,22815089.5625,1151675.375,1,620,1
146.980440788299,146.980346679688,146.980621337891,440.876831054688,435.465454101562,443.116882324219,18583908.75,1142477.5,1,621,1
364.342357512318,364.342010498047,364.342620849609,48.7141265869141,42.736499786377,55.5323181152344,18329620.7304688,1121477.75,1,622,1
301.164605003316,301.164123535156,301.164886474609,48.7141265869141,44.0383033752441,58.5234489440918,10276586.734375,659037.625,1,623,1
421.352801960888,421.352142333984,421.353302001953,48.7141265869141,43.6089134216309,55.1068077087402,4537247.40039062,337215.40625,1,624,1
409.372079784282,409.371246337891,409.372528076172,48.7141265869141,42.736499786377,54.6819915771484,3951814.82226562,317325.78125,1,625,1
371.298964118317,371.298522949219,371.29931640625,48.7141265869141,43.6089134216309,55.9624328613281,2890113.42578125,216006.15625,1,626,1
324.845693247143,324.845367431641,324.846099853516,67.1200408935547,66.6836013793945,82.500114440918,31422206.875,1098571.5,1,627,1
322.847503758183,322.847106933594,322.847778320312,67.1200408935547,66.6836013793945,81.1886215209961,21128305.03125,813389.1875,1,628,1
235.912984878714,235.912780761719,235.913421630859,388.535186767578,378.229125976562,396.167602539062,33467549.53125,1097872.75,1,629,1
200.002967156406,200.002685546875,200.003143310547,265.031463623047,258.937805175781,273.383697509766,18238802.5859375,1097377.375,1,630,1
194.005542438055,194.005218505859,194.005706787109,265.031463623047,258.937805175781,272.952453613281,17814406.7890625,990152.3125,1,631,1
739.5104950969,739.508972167969,739.511169433594,44.9003295898438,41.0165061950684,54.2557411193848,14638466.8828125,1091031.5,1,632,1
716.522871302626,716.522277832031,716.523681640625,44.9003295898438,40.1549415588379,51.7027893066406,9697528.8984375,710324.5,1,633,1
742.538428542481,742.536560058594,742.539489746094,44.9003295898438,40.1549415588379,53.3896408081055,9598480.75,678178.0625,1,634,1
740.522369264327,740.521667480469,740.523254394531,44.9003295898438,41.0165061950684,52.1220588684082,8645026.75585938,661062.375,1,635,1
656.338873649961,656.337707519531,656.340148925781,44.9003295898438,42.3083572387695,52.5366744995117,3714966.15429688,427478.8125,1,636,1
736.491393951789,736.490539550781,736.492736816406,44.9003295898438,42.736499786377,51.7027893066406,3024354.8125,260493.15625,1,637,1
563.069122214512,563.067749023438,563.070251464844,44.9003295898438,43.1721076965332,54.6819915771484,2633840.4375,254190.84375,1,638,1
144.982270976984,144.982147216797,144.982360839844,804.441467285156,801.67529296875,809.995361328125,19543072.3125,1082592.5,1,639,1
327.201358499191,327.200836181641,327.201995849609,61.1087493896484,47.4359397888184,76.3020858764648,17317264.1425781,1077584.625,1,640,1
744.554049534827,744.553405761719,744.554565429688,43.6089134216309,40.5908432006836,49.1475715637207,10246402.7226562,1076787.25,1,641,1
770.569279298399,770.567932128906,770.570068359375,43.6089134216309,40.5908432006836,57.6677780151367,12731588.9335938,807266.5,1,642,1
745.557630628628,745.556274414062,745.558898925781,43.6089134216309,40.5908432006836,49.1475715637207,4634916.7265625,539276.5625,1,643,1
743.54184477598,743.539428710938,743.542785644531,43.6089134216309,40.5908432006836,49.1475715637207,3352892.33203125,318120.21875,1,644,1
772.584133169134,772.579345703125,772.588500976562,43.6089134216309,41.4425621032715,55.9624328613281,2304855.42382812,242712.265625,1,645,1
166.049928825272,166.049728393555,166.05012512207,324.987731933594,307.876098632812,343.500122070312,54829152.34375,1074425,1,646,1
144.982294585153,144.982162475586,144.982391357422,814.159240722656,809.995361328125,821.076416015625,24434672.8125,1074090.75,1,647,1
90.0550205234918,90.0549087524414,90.0551528930664,402.326812744141,396.167602539062,409.498077392578,15370849.96875,1026795.75,1,648,1
146.980418139705,146.98030090332,146.980545043945,466.739044189453,457.757965087891,470.329528808594,25257290.1875,1015591.6875,1,649,1
762.527045459632,762.526245117188,762.529846191406,42.736499786377,37.9674453735352,47.4359397888184,11203796.1835938,1015103.0625,1,650,1
852.559370498774,852.55859375,852.560852050781,42.736499786377,39.7248992919922,46.1797180175781,3988711.546875,397835.28125,1,651,1
788.54344649852,788.54052734375,788.544372558594,42.736499786377,38.404468536377,46.1797180175781,3464916.71875,323980,1,652,1
782.495203194896,782.494018554688,782.498718261719,42.736499786377,37.9674453735352,45.3259620666504,2247058.86230469,226550.03125,1,653,1
787.531415275773,787.530883789062,787.532409667969,42.736499786377,39.2886085510254,45.3259620666504,1545354.78320312,185082.8125,1,654,1
383.217950558162,383.217437744141,383.218322753906,42.736499786377,36.6249885559082,49.5729827880859,1693731.70507812,132576.90625,1,655,1
299.100110619895,299.099853515625,299.100280761719,87.6877288818359,87.2525177001953,102.063102722168,20457671.796875,1008284.9375,1,656,1
352.935319417691,352.935150146484,352.935577392578,641.665161132812,636.284423828125,645.232727050781,18519108,1004610.4375,1,657,1
768.553816930107,768.551086425781,768.554748535156,44.0383033752441,40.5908432006836,56.8146324157715,20269655.9355469,1004110.5,1,658,1
630.508936688405,630.5078125,630.5107421875,44.0383033752441,42.3083572387695,50.4266319274902,1458974.36816406,135175.3125,1,659,1
137.059798728898,137.059661865234,137.059875488281,664.357971191406,658.593505859375,672.789306640625,27324277.5,1001811.9375,1,660,1
143.081586071889,143.080932617188,143.081756591797,186.05143737793,175.534454345703,195.726531982422,24222174.140625,988841.0625,1,661,1
528.899421770914,528.898620605469,528.899963378906,529.764709472656,514.219970703125,557.723388671875,60008160.9179688,981585.125,1,662,1
148.096897024712,148.096618652344,148.096984863281,75.4298553466797,70.1560821533203,81.1886215209961,9306133.28808594,971525.875,1,663,1
331.063063426255,331.061645507812,331.063446044922,200.118438720703,186.922897338867,215.436492919922,30368969.7773438,968532.875,1,664,1
324.845698657741,324.845489501953,324.845855712891,34.8568305969238,32.6419677734375,42.3083572387695,18188794.28125,962580.6875,1,665,1
146.98047794657,146.980316162109,146.980560302734,662.582458496094,660.359252929688,671.455932617188,21528276.8125,957844.0625,1,666,1
112.086972157017,112.086837768555,112.087257385254,649.254760742188,629.565307617188,677.682067871094,64762690.8203125,947824.8125,1,667,1
352.935287604449,352.934844970703,352.936248779297,649.254760742188,646.127868652344,670.122985839844,36456934,871670.8125,1,668,1
134.081178526479,134.081024169922,134.081298828125,79.7862930297852,75.4298553466797,85.9644775390625,8489668.12792969,927754.75,1,669,1
125.070980430255,125.070846557617,125.071067810059,79.7862930297852,74.9929885864258,85.1056747436523,7788471.1171875,865641.875,1,670,1
243.684604741014,243.684432983398,243.684875488281,53.3896408081055,47.009822845459,58.9503517150879,15130895.578125,926996.8125,1,671,1
228.19581349481,228.195571899414,228.196014404297,53.3896408081055,49.1475715637207,59.3922462463379,7762010.203125,473416.46875,1,672,1
316.211937720232,316.211730957031,316.212249755859,53.3896408081055,47.8588409423828,61.5341262817383,7388890.75,401904.90625,1,673,1
264.180508576633,264.179992675781,264.180725097656,53.3896408081055,48.7141265869141,61.1087493896484,2923892.125,242180.515625,1,674,1
244.190742347367,244.190231323242,244.191055297852,53.3896408081055,47.4359397888184,56.3886947631836,2311343.1640625,182404.15625,1,675,1
146.980452771224,146.980285644531,146.980529785156,655.042541503906,651.9345703125,660.359252929688,16602693.25,925042.875,1,676,1
423.183042957026,423.182830810547,423.183258056641,294.213684082031,285.089691162109,295.993988037109,16338191.8125,912266.5625,1,677,1
259.282373241588,259.282104492188,259.282684326172,294.213684082031,277.742095947266,297.297760009766,15477428.8828125,590185.125,1,678,1
92.0369072527437,92.0367813110352,92.036979675293,33.0829467773438,32.6419677734375,45.7512817382812,15495983.03125,904706.75,1,679,1
237.946004496768,237.945846557617,237.946228027344,33.0829467773438,32.6419677734375,37.9674453735352,2093237.015625,497787.875,1,680,1
239.944218775878,239.944107055664,239.944351196289,33.0829467773438,32.6419677734375,38.8424949645996,2017017.70703125,451677.84375,1,681,1
428.275589415737,428.275299072266,428.276062011719,33.0829467773438,32.6419677734375,37.5074653625488,1681123.6796875,349749.96875,1,682,1
219.899134468773,219.898956298828,219.899291992188,33.0829467773438,32.6419677734375,38.8424949645996,1723523.96875,328053.34375,1,683,1
221.897305874418,221.89714050293,221.8974609375,33.0829467773438,32.6419677734375,40.1549415588379,1784253.48046875,322363.96875,1,684,1
149.013476842126,149.013366699219,149.013610839844,33.0829467773438,32.6419677734375,40.5908432006836,1507332.20703125,228830.828125,1,685,1
489.227589722127,489.226654052734,489.227966308594,46.1797180175781,42.736499786377,51.7027893066406,8559935.15429688,899864.5625,1,686,1
854.583245129525,854.578186035156,854.584411621094,46.1797180175781,43.6089134216309,53.8160591125488,9409704.890625,806411.1875,1,687,1
767.538330908294,767.536071777344,767.5419921875,46.1797180175781,40.1549415588379,55.5323181152344,14517228.9667969,710604.3125,1,688,1
628.49985151901,628.498779296875,628.500854492188,46.1797180175781,42.736499786377,52.9639205932617,6185011.75976562,542299.875,1,689,1
480.335181685889,480.333404541016,480.335876464844,46.1797180175781,43.1721076965332,53.8160591125488,5249211.71484375,526133.1875,1,690,1
592.419939312444,592.418884277344,592.421020507812,46.1797180175781,43.1721076965332,50.8519668579102,2793896.0390625,405803.65625,1,691,1
607.095491515743,607.094909667969,607.096801757812,46.1797180175781,42.736499786377,50.4266319274902,3012800.10742188,347564.5,1,692,1
534.285442654046,534.284362792969,534.286193847656,46.1797180175781,42.3083572387695,52.1220588684082,3509490.87109375,346451.5625,1,693,1
658.51055092628,658.508972167969,658.511352539062,46.1797180175781,43.6089134216309,55.1068077087402,3786916.27539062,334003.75,1,694,1
741.526338913873,741.525146484375,741.528259277344,46.1797180175781,41.0165061950684,50.8519668579102,3711328.46386719,328672.65625,1,695,1
459.310931857777,459.310333251953,459.311553955078,46.1797180175781,43.1721076965332,55.1068077087402,3548266.19335938,308422.4375,1,696,1
442.791580422072,442.790832519531,442.792083740234,46.1797180175781,43.6089134216309,50.8519668579102,2121931.1328125,307803.0625,1,697,1
621.31091153893,621.309265136719,621.311645507812,46.1797180175781,42.736499786377,50.4266319274902,2809632.21484375,305522.125,1,698,1
294.861179067418,294.860534667969,294.861480712891,46.1797180175781,43.1721076965332,50.4266319274902,3017249.70117188,287019.96875,1,699,1
879.612237864916,879.60888671875,879.613891601562,46.1797180175781,42.3083572387695,50.8519668579102,2577923.359375,284635.1875,1,700,1
638.309161063684,638.308288574219,638.310119628906,46.1797180175781,43.1721076965332,51.2770309448242,2577702.828125,248129.828125,1,701,1
504.36862412564,504.367004394531,504.369598388672,46.1797180175781,43.6089134216309,50.8519668579102,1648714.72265625,236825.359375,1,702,1
681.140826821257,681.138732910156,681.142456054688,46.1797180175781,44.9003295898438,48.7141265869141,1141114.72265625,188428.109375,1,703,1
507.257564658839,507.256561279297,507.258148193359,46.1797180175781,44.4642677307129,49.1475715637207,1405933.23046875,182552.875,1,704,1
156.076807709259,156.076644897461,156.077072143555,384.007629394531,375.614654541016,394.825561523438,23098097.4472656,894814.5625,1,705,1
423.183049912315,423.182678222656,423.183288574219,358.932708740234,357.607421875,367.573852539062,15471983.40625,885891.6875,1,706,1
152.070684770602,152.070541381836,152.070861816406,574.62939453125,554.171020507812,594.261169433594,49861920.421875,880917.75,1,707,1
146.98041561641,146.980346679688,146.980453491211,481.530456542969,479.277496337891,482.418487548828,6413474.8125,874766.875,1,708,1
423.183052891063,423.1826171875,423.183441162109,236.58235168457,219.455352783203,243.623504638672,37532828.8125,870480,1,709,1
144.982238264964,144.982147216797,144.982330322266,953.708312988281,937.532165527344,954.159606933594,28127808.1875,862040.75,1,710,1
157.09722680489,157.097091674805,157.09733581543,550.60986328125,535.078979492188,567.062133789062,40360244.609375,861845.875,1,711,1
324.845641927837,324.845428466797,324.845794677734,112.543266296387,108.183921813965,116.480049133301,13994710.75,852809.625,1,712,1
176.122319879585,176.122222900391,176.122451782227,692.354736328125,683.042114257812,700.336364746094,19063347.765625,851838.4375,1,713,1
127.097896131804,127.09782409668,127.098014831543,692.354736328125,682.606079101562,702.563171386719,11782854.6328125,506767.53125,1,714,1
70.0651931527694,70.0651092529297,70.0652694702148,692.354736328125,677.246215820312,707.046936035156,5203653.43603516,230695.796875,1,715,1
386.206971176183,386.206665039062,386.207244873047,692.354736328125,683.939758300781,698.977233886719,3444401.0703125,193088.984375,1,716,1
385.129007705182,385.128570556641,385.129516601562,358.932708740234,349.264068603516,366.701873779297,14757915.3359375,850911.4375,1,717,1
158.960727190655,158.960556030273,158.961181640625,526.665893554688,509.746704101562,562.616516113281,65082100.958252,848321.4375,1,718,1
193.997818808347,193.997528076172,193.998031616211,526.665893554688,508.846130371094,566.170043945312,41241158.4545898,491414.5,1,719,1
324.845604356278,324.845336914062,324.845825195312,100.752662658691,97.2656784057617,108.183921813965,18846763.0625,837225.5,1,720,1
308.091125846627,308.090881347656,308.091583251953,388.535186767578,381.777130126953,395.719421386719,14367609.765625,830741.25,1,721,1
146.980445705385,146.980316162109,146.980560302734,676.363342285156,671.455932617188,691.903869628906,33606085,829020.9375,1,722,1
146.980423693743,146.980285644531,146.980529785156,484.654266357422,484.207092285156,504.832489013672,33428098.875,813952.3125,1,723,1
137.059773049781,137.059616088867,137.060089111328,656.8193359375,644.786315917969,658.593505859375,16388962.375,807803.5625,1,724,1
146.980429858801,146.980285644531,146.980560302734,520.0185546875,516.455322265625,527.111877441406,17569240.9375,794520.0625,1,725,1
114.055095288725,114.054931640625,114.055206298828,312.273498535156,300.034393310547,319.687927246094,19580103.7695312,794267.9375,1,726,1
324.845634491128,324.845245361328,324.845886230469,139.801284790039,131.465347290039,158.365295410156,39670316.21875,791297.875,1,727,1
113.053869346181,113.053802490234,113.053970336914,283.368896484375,274.264587402344,292.465087890625,17288956.2734375,789978.625,1,728,1
489.183741585286,489.183288574219,489.184143066406,283.368896484375,275.578460693359,291.136871337891,13549012.953125,709035.125,1,729,1
245.096078096649,245.09587097168,245.096282958984,283.368896484375,274.264587402344,293.783966064453,15681914.890625,691152.0625,1,730,1
95.0239860268434,95.0238494873047,95.0241088867188,283.368896484375,276.019165039062,293.337829589844,3121995.4296875,161968.578125,1,731,1
477.162802595494,477.162109375,477.163391113281,283.368896484375,273.383697509766,294.213684082031,3870014.91308594,159590.703125,1,732,1
423.183131603902,423.182861328125,423.183685302734,273.820617675781,260.247863769531,285.089691162109,29651076.75,787879.625,1,733,1
204.086677354326,204.086502075195,204.086822509766,422.500183105469,414.432800292969,428.314544677734,11533689.8242188,752395.375,1,734,1
146.980427005269,146.98030090332,146.980560302734,529.764709472656,527.111877441406,536.415100097656,14415548.65625,749458.9375,1,735,1
146.980427029617,146.980270385742,146.980590820312,566.616149902344,552.838684082031,578.629699707031,36856362.46875,746381.625,1,736,1
146.98044038699,146.98030090332,146.980575561523,586.667236328125,580.864685058594,588.892456054688,12637346,744667.5625,1,737,1
144.982233173523,144.982131958008,144.982330322266,925.810119628906,918.841491699219,936.591735839844,25779140.8125,735136.875,1,738,1
250.050933531339,250.050735473633,250.051086425781,836.850036621094,818.761535644531,848.574157714844,23259320.3984375,728477.4375,1,739,1
74.0600990321349,74.0600280761719,74.0601654052734,364.07958984375,356.736724853516,371.128845214844,11901465.0195312,727355.5625,1,740,1
130.06516520689,130.065002441406,130.06526184082,130.594848632812,120.854431152344,139.801284790039,17364883.5546875,718698.9375,1,741,1
322.84751260146,322.84716796875,322.847717285156,36.1691932678223,32.6419677734375,41.4425621032715,11892110.5,716464.125,1,742,1
146.980423850106,146.98030090332,146.980499267578,610.780090332031,598.285034179688,617.031311035156,26196544.5,710564.5,1,743,1
196.126058282289,196.125823974609,196.126281738281,68.8576583862305,63.6677894592285,74.5447311401367,6967405.94921875,707599.75,1,744,1
133.085904387109,133.085739135742,133.085983276367,68.8576583862305,59.8278274536133,73.6715698242188,5734270.20703125,368036.625,1,745,1
146.9804498357,146.980361938477,146.980560302734,641.665161132812,625.976867675781,645.232727050781,26576947.5625,705514.875,1,746,1
144.982229753085,144.98210144043,144.982330322266,910.708312988281,905.688720703125,917.91064453125,17090465.3125,700804.875,1,747,1
615.154443041167,615.151123046875,615.155456542969,446.009460449219,437.649688720703,454.989471435547,12139943.734375,697043.1875,1,748,1
324.059077918994,324.058837890625,324.059448242188,446.009460449219,438.538970947266,451.41748046875,5550149.94335938,360424.15625,1,749,1
416.860564568113,416.858306884766,416.861206054688,446.009460449219,439.520660400391,456.429901123047,5893830.5859375,313994.53125,1,750,1
392.915055399287,392.914825439453,392.915740966797,446.009460449219,440.430206298828,451.41748046875,2558283.2578125,222926.078125,1,751,1
294.937749816472,294.936218261719,294.9384765625,446.009460449219,440.430206298828,451.41748046875,2194691.36425781,180553.8125,1,752,1
616.157796889855,616.154724121094,616.158996582031,446.009460449219,437.214477539062,456.429901123047,2614778.97070312,167439.59375,1,753,1
274.091867978752,274.090393066406,274.092468261719,446.009460449219,439.972808837891,451.866149902344,2152510.06152344,142433.453125,1,754,1
608.089158302266,608.088439941406,608.090576171875,438.975769042969,432.707397460938,448.705474853516,10508138.5996094,695668.8125,1,755,1
146.980452805349,146.980331420898,146.980590820312,704.805297851562,692.354736328125,718.705871582031,36130468.625,695041.875,1,756,1
144.982221694931,144.982116699219,144.982269287109,898.856140136719,897.483215332031,902.05029296875,6843008.6875,683988.4375,1,757,1
98.9841978295775,98.9841384887695,98.9843444824219,445.108581542969,440.430206298828,452.312469482422,7842702.89453125,682472.9375,1,758,1
196.960970923964,196.959976196289,196.961334228516,445.108581542969,439.972808837891,451.41748046875,5151155.25585938,429059,1,759,1
116.010686742193,116.010101318359,116.010856628418,445.108581542969,440.876831054688,451.866149902344,4347125.7734375,410791.125,1,760,1
507.918153881275,507.915679931641,507.918914794922,445.108581542969,441.324096679688,451.41748046875,1880150.14257812,156456.96875,1,761,1
311.964285529315,311.962677001953,311.964996337891,445.108581542969,440.430206298828,451.41748046875,1870545.19628906,156211.34375,1,762,1
176.971175639587,176.970230102539,176.971420288086,445.108581542969,439.972808837891,452.312469482422,2407919.62304688,137540.96875,1,763,1
415.211885042308,415.211486816406,415.212280273438,50.4266319274902,42.3083572387695,58.9503517150879,12190791.5898438,679553.5625,1,764,1
485.358414625408,485.356201171875,485.359008789062,50.4266319274902,44.9003295898438,59.8278274536133,9419924.2578125,502376.15625,1,765,1
320.287725545802,320.287384033203,320.288055419922,50.4266319274902,44.9003295898438,55.9624328613281,5861460.25390625,418435.71875,1,766,1
390.321774660681,390.321258544922,390.322235107422,50.4266319274902,44.9003295898438,62.8164024353027,4026357.05273438,259129.53125,1,767,1
446.144773621795,446.144256591797,446.1455078125,50.4266319274902,47.009822845459,57.2414894104004,2184233.73242188,154591.46875,1,768,1
352.935231584291,352.934997558594,352.935577392578,681.253723144531,672.341674804688,690.153503417969,20904885.125,669036.6875,1,769,1
146.980440921953,146.980377197266,146.980514526367,619.267395019531,617.031311035156,619.713500976562,4257291.1875,658859.3125,1,770,1
261.107963971731,261.107727050781,261.108276367188,410.370056152344,404.529449462891,417.097412109375,8177334.87109375,655260.8125,1,771,1
423.183106005023,423.182525634766,423.183471679688,138.928588867188,131.905792236328,154.544708251953,22205571.5,639342.5625,1,772,1
144.982214127189,144.982116699219,144.982299804688,891.981750488281,876.452087402344,892.895385742188,21674360.25,639041.25,1,773,1
664.116959939068,664.115966796875,664.118103027344,389.904510498047,382.223785400391,397.915344238281,11362880.8769531,620224.5,1,774,1
120.065587353541,120.065444946289,120.065780639648,389.904510498047,382.668121337891,396.609069824219,7514826.35546875,472746.03125,1,775,1
665.12014776799,665.119384765625,665.121398925781,389.904510498047,383.107818603516,397.049041748047,2527702.24316406,157701.59375,1,776,1
138.054974140341,138.054733276367,138.055099487305,290.708099365234,272.069885253906,303.970306396484,21077555.9511719,608828.75,1,777,1
126.054976464303,126.054763793945,126.05509185791,290.708099365234,283.368896484375,305.704010009766,8243809.00976562,287152.59375,1,778,1
510.187956067985,510.186737060547,510.188354492188,82.0653305053711,77.1824035644531,87.2525177001953,8655381.04882812,607943.6875,1,779,1
148.096858298343,148.096694946289,148.09700012207,233.089920043945,226.470245361328,241.416412353516,12211300.0546875,597733.25,1,780,1
352.935248627147,352.934936523438,352.935607910156,704.35595703125,692.354736328125,725.431030273438,35900120.125,585040.3125,1,781,1
256.175360805656,256.175018310547,256.175720214844,64.5260009765625,60.6831665039062,74.1126174926758,6725632.65039062,578457.5625,1,782,1
146.980422925789,146.98030090332,146.980560302734,728.13916015625,720.049438476562,745.716796875,29771870.71875,576777,1,783,1
332.095127877753,332.094696044922,332.095367431641,344.830627441406,333.124481201172,353.206573486328,11462519.8857422,576536.5625,1,784,1
146.980406797983,146.980316162109,146.980514526367,758.771423339844,757.424194335938,766.451538085938,10811488.8125,563891,1,785,1
423.183100227275,423.181304931641,423.183532714844,182.538543701172,181.226104736328,191.345062255859,10584374.25,563164.875,1,786,1
146.980416946849,146.980346679688,146.980545043945,774.120727539062,770.523864746094,783.102294921875,15165930.90625,561049.5625,1,787,1
237.911171010094,237.910980224609,237.911331176758,61.9633941650391,57.2414894104004,67.9959564208984,9815008.5625,559307.4375,1,788,1
144.982239434681,144.982177734375,144.982315063477,864.578430175781,860.923461914062,868.695678710938,9338308,558582.4375,1,789,1
146.980418459099,146.98030090332,146.980514526367,753.371520996094,745.716796875,755.175903320312,10868614.90625,557260.875,1,790,1
584.47365957355,584.472839355469,584.474060058594,47.8588409423828,42.3083572387695,54.2557411193848,7617653.52636719,555431.5625,1,791,1
415.32522377117,415.324584960938,415.32568359375,47.8588409423828,44.4642677307129,55.1068077087402,4936443.03515625,408611.84375,1,792,1
636.446046570253,636.444213867188,636.446960449219,47.8588409423828,42.736499786377,52.9639205932617,2928207.0546875,339726,1,793,1
592.754352942767,592.753356933594,592.755249023438,47.8588409423828,42.736499786377,55.9624328613281,3783513.33007812,335983.25,1,794,1
622.105274916684,622.103576660156,622.106201171875,47.8588409423828,42.3083572387695,52.9639205932617,3451747.73242188,330258.09375,1,795,1
337.314308118218,337.313934326172,337.315032958984,47.8588409423828,44.0383033752441,57.2414894104004,4423963.59960938,298770.0625,1,796,1
480.837044608933,480.836090087891,480.837554931641,47.8588409423828,43.1721076965332,51.7027893066406,2344902.07421875,283625.75,1,797,1
440.38556293257,440.384826660156,440.386047363281,47.8588409423828,44.4642677307129,52.9639205932617,2021245.4453125,179975.734375,1,798,1
524.863269500255,524.862426757812,524.864379882812,47.8588409423828,44.0383033752441,50.8519668579102,935455.05078125,144457.84375,1,799,1
146.980404545818,146.980224609375,146.980499267578,790.739318847656,787.577758789062,792.540649414062,6126040.4375,554626.625,1,800,1
106.086295336065,106.08617401123,106.086380004883,473.016265869141,460.526519775391,481.978790283203,19325231.90625,547049.5,1,801,1
282.034767221271,282.034484863281,282.035003662109,473.016265869141,464.960357666016,479.725006103516,3633956.28222656,188077.109375,1,802,1
206.02133128723,206.021133422852,206.021499633789,473.016265869141,463.620300292969,481.978790283203,2319839.40087891,118050.4765625,1,803,1
202.180148619696,202.179931640625,202.180389404297,76.7356796264648,66.6836013793945,86.3903121948242,7012881.66796875,546627.0625,1,804,1
253.128083953603,253.12776184082,253.128662109375,76.7356796264648,73.2350311279297,81.1886215209961,3072086.82617188,372039.75,1,805,1
445.164921330364,445.16455078125,445.165374755859,349.699493408203,342.076507568359,358.053466796875,12602326.7265625,545722.125,1,806,1
269.062358653043,269.062042236328,269.063018798828,437.214477539062,431.381591796875,446.009460449219,8986396.99609375,543325.4375,1,807,1
530.347997493618,530.347351074219,530.3486328125,45.7512817382812,42.736499786377,52.1220588684082,6015865.80273438,541749.75,1,808,1
389.254117668319,389.253356933594,389.256134033203,45.7512817382812,42.736499786377,54.2557411193848,4457548.79882812,396210.3125,1,809,1
607.430004439607,607.427612304688,607.431884765625,45.7512817382812,41.0165061950684,53.3896408081055,3814780.56542969,365968.96875,1,810,1
485.290096604737,485.288909912109,485.290557861328,45.7512817382812,43.1721076965332,52.1220588684082,4090575.171875,353007.96875,1,811,1
666.131642960656,666.130554199219,666.1337890625,45.7512817382812,42.736499786377,52.1220588684082,3463507.52148438,318324.5625,1,812,1
813.573102895243,813.569152832031,813.57470703125,45.7512817382812,43.1721076965332,53.3896408081055,3298232.296875,315084.5625,1,813,1
748.035794756458,748.034545898438,748.037719726562,45.7512817382812,43.1721076965332,53.3896408081055,2771122.03417969,298004.8125,1,814,1
710.49233583946,710.491516113281,710.493408203125,45.7512817382812,43.6089134216309,49.1475715637207,1259456.71484375,193353.484375,1,815,1
295.195504637842,295.195098876953,295.195739746094,45.7512817382812,43.1721076965332,49.1475715637207,1445136.9609375,181545.9375,1,816,1
464.373865917267,464.373168945312,464.37451171875,45.7512817382812,42.3083572387695,48.2884254455566,1412399.76171875,169265.4375,1,817,1
427.264647209344,427.263793945312,427.265319824219,45.7512817382812,43.1721076965332,50.0028991699219,1365057.30664062,139805.125,1,818,1
111.055349091109,111.05525970459,111.055435180664,273.383697509766,267.621826171875,281.659210205078,8864017.2578125,540653.8125,1,819,1
112.086966506629,112.086875915527,112.087036132812,691.903869628906,677.682067871094,707.934875488281,22767950.4921875,538686.5,1,820,1
186.076095722586,186.07585144043,186.076324462891,291.136871337891,282.519134521484,301.787078857422,15872967.09375,536800.625,1,821,1
166.049891854741,166.049728393555,166.050033569336,464.519134521484,446.457427978516,474.80810546875,27056430.078125,530187.0625,1,822,1
284.178402195372,284.178192138672,284.178619384766,62.8164024353027,58.0972671508789,69.2847518920898,6442018.10351562,530160.5625,1,823,1
124.039341392734,124.039222717285,124.039428710938,334.435028076172,328.5361328125,341.632690429688,7429009.83984375,529412.25,1,824,1
202.180175576619,202.179992675781,202.180389404297,129.707092285156,118.667503356934,148.529113769531,20692712.28125,524162.8125,1,825,1
133.060794079125,133.060699462891,133.061050415039,399.217956542969,391.722045898438,405.402740478516,8351043.3984375,523693.625,1,826,1
220.117893994644,220.117645263672,220.118118286133,127.520896911621,115.602920532227,136.289901733398,13832941.6835938,518290.90625,1,827,1
166.049889661965,166.049667358398,166.050277709961,438.975769042969,426.437438964844,445.556518554688,16219797.140625,516738.6875,1,828,1
141.065894212936,141.065765380859,141.066009521484,119.981948852539,111.669403076172,127.520896911621,10439963.734375,516477.375,1,829,1
445.164920711061,445.164581298828,445.165252685547,375.614654541016,367.573852539062,383.107818603516,10269550.015625,513896.1875,1,830,1
250.050841582423,250.050582885742,250.051055908203,375.614654541016,367.573852539062,385.832733154297,4197131.87109375,186939.59375,1,831,1
130.08624834185,130.086059570312,130.086364746094,299.494140625,293.337829589844,306.142944335938,7164673.58398438,513373.5625,1,832,1
97.076050073507,97.0759429931641,97.0761871337891,146.7978515625,132.795928955078,159.63410949707,13376737.6425781,508502.6875,1,833,1
352.935227689042,352.934753417969,352.935638427734,750.215698242188,739.845825195312,802.137329101562,46598703.7753906,504105.15625,1,834,1
237.911144252838,237.910934448242,237.911437988281,33.9640007019043,32.6419677734375,47.8588409423828,12671591.4921875,502918.59375,1,835,1
326.843873204408,326.843566894531,326.844085693359,33.9640007019043,32.6419677734375,42.3083572387695,7759137.8046875,415715.8125,1,836,1
195.987130992007,195.986755371094,195.987243652344,360.700714111328,339.453369140625,361.858734130859,13068161.4482422,501715.1875,1,837,1
127.072697538086,127.072410583496,127.072982788086,233.525741577148,208.024642944336,247.994155883789,11082147.7050781,498430.1875,1,838,1
285.102170229995,285.101898193359,285.102752685547,317.957397460938,309.652923583984,327.215057373047,9783193.25585938,497523.09375,1,839,1
92.0369227660681,92.0368728637695,92.0369644165039,111.669403076172,108.183921813965,112.980171203613,5050353.78125,495499.21875,1,840,1
92.0369243723734,92.0367889404297,92.0370025634766,130.157577514648,113.855430603027,159.63410949707,42149628.375,493225.1875,1,841,1
423.18314532971,423.182769775391,423.183837890625,77.6190032958984,72.3562850952148,80.6552658081055,8049124.53125,490526.8125,1,842,1
769.557265786501,769.55615234375,769.55810546875,43.6089134216309,40.1549415588379,48.2884254455566,4739081.73046875,488889.1875,1,843,1
92.0369127870928,92.0368347167969,92.0369644165039,96.82958984375,92.463981628418,102.49925994873,9981240.65625,487558.96875,1,844,1
142.097600847145,142.097412109375,142.097839355469,509.746704101562,499.467224121094,519.135803222656,11711288.9296875,482923.6875,1,845,1
244.094236307854,244.093872070312,244.094604492188,303.970306396484,300.477416992188,310.092468261719,5985381.35546875,482738.25,1,846,1
313.129929566322,313.129669189453,313.130279541016,303.970306396484,296.422546386719,310.092468261719,4823614.18261719,360759.65625,1,847,1
330.15645398643,330.155670166016,330.156890869141,303.970306396484,298.184936523438,309.149505615234,1982836.27539062,162657.171875,1,848,1
764.522788362577,764.521789550781,764.523559570312,46.1797180175781,41.4425621032715,57.2414894104004,10000725.7265625,473428.15625,1,849,1
354.336872056785,354.336334228516,354.337341308594,46.1797180175781,44.0383033752441,53.3896408081055,2195910.00390625,185308.15625,1,850,1
659.98369868747,659.982604980469,659.984741210938,46.1797180175781,43.1721076965332,52.5366744995117,1593725.52734375,174232.78125,1,851,1
222.133599008291,222.133346557617,222.133743286133,68.4319915771484,64.0980682373047,75.4298553466797,5052527.16601562,473414.03125,1,852,1
314.180941153576,314.180511474609,314.181182861328,68.4319915771484,63.2420463562012,74.1126174926758,4635318.33398438,392818.40625,1,853,1
811.136292549843,811.135314941406,811.137512207031,388.090087890625,380.333618164062,394.825561523438,7553772,470835.375,1,854,1
257.932711620436,257.932495117188,257.932983398438,673.669982910156,665.683532714844,680.361694335938,7279816.15625,462671.4375,1,855,1
92.0369175296137,92.0368347167969,92.036979675293,233.525741577148,218.584503173828,240.548110961914,18672686.0625,461238.125,1,856,1
69.0335248739177,69.0334625244141,69.0336227416992,403.205535888672,396.609069824219,409.498077392578,5861469.63867188,452707.0625,1,857,1
105.073971048915,105.073883056641,105.074111938477,403.205535888672,396.609069824219,408.611145019531,3839707.3984375,291787.6875,1,858,1
92.0368835537089,92.0365676879883,92.0369567871094,197.933929443359,194.857696533203,205.825668334961,9840712.65625,448567.84375,1,859,1
302.196190208866,302.195983886719,302.196380615234,58.9503517150879,54.2557411193848,66.2540740966797,6316316.53125,447423.0625,1,860,1
543.183124851263,543.1826171875,543.183532714844,345.275939941406,336.177490234375,351.445526123047,7573300.0546875,445251.90625,1,861,1
92.0369130033259,92.0368041992188,92.0369873046875,77.1824035644531,67.5506896972656,82.0653305053711,12811866.6875,443860,1,862,1
324.845590698051,324.844940185547,324.846038818359,221.188842773438,217.708999633789,262.415435791016,30449171.203125,443606.5,1,863,1
540.426220133182,540.425842285156,540.427795410156,41.8720779418945,37.9674453735352,46.5953903198242,4309862.69335938,442971.375,1,864,1
568.457419569626,568.45654296875,568.4580078125,41.8720779418945,37.9674453735352,44.9003295898438,1575777.65039062,150614.078125,1,865,1
92.0368925130321,92.0364837646484,92.0370101928711,189.133728027344,187.805404663086,194.857696533203,6416097.9375,441982.6875,1,866,1
176.87538858078,176.875274658203,176.875518798828,831.737121582031,823.388732910156,842.170776367188,8777726.77734375,439724.90625,1,867,1
94.9296310289568,94.9294738769531,94.9296951293945,831.737121582031,825.224426269531,837.306884765625,2020085.90429688,126944.484375,1,868,1
167.081518626156,167.081253051758,167.081680297852,74.9929885864258,70.5928802490234,80.6552658081055,4016452.92480469,436074.5,1,869,1
198.052601362844,198.052261352539,198.052749633789,74.9929885864258,70.5928802490234,79.7862930297852,3884901.65234375,427028,1,870,1
144.065607458551,144.065444946289,144.065734863281,133.669174194336,121.728469848633,145.927490234375,13253464.8222656,436073.5625,1,871,1
118.065150005334,118.06502532959,118.065277099609,280.349487304688,273.820617675781,290.272674560547,8979305.01171875,434238.78125,1,872,1
582.457861568233,582.457275390625,582.458923339844,55.1068077087402,51.2770309448242,66.6836013793945,9369820.7421875,433355.375,1,873,1
399.358355814383,399.357788085938,399.358825683594,55.1068077087402,52.1220588684082,70.5928802490234,5484864.8671875,254965.5,1,874,1
477.310149232216,477.309387207031,477.310668945312,55.1068077087402,52.1220588684082,66.6836013793945,3707717.86914062,200779.9375,1,875,1
133.105223589023,133.105026245117,133.105331420898,245.80241394043,237.925567626953,252.783569335938,8675690.734375,427977.90625,1,876,1
343.189713755776,343.189300537109,343.190246582031,245.80241394043,234.833923339844,266.32470703125,5151401.79492188,156822.71875,1,877,1
564.35923366064,564.357666015625,564.359802246094,53.3896408081055,47.8588409423828,67.5506896972656,8702040.421875,427865.25,1,878,1
670.510226539709,670.508117675781,670.511413574219,53.3896408081055,50.4266319274902,67.5506896972656,5810396.421875,261911.859375,1,879,1
92.0368898621202,92.0367813110352,92.0369720458984,57.6677780151367,45.7512817382812,62.8164024353027,12496741.640625,427299.09375,1,880,1
209.101989495231,209.101745605469,209.102355957031,80.2291412353516,78.0594940185547,84.2439880371094,2125697.08984375,425043.28125,1,881,1
139.050219096702,139.050109863281,139.050369262695,80.2291412353516,75.861686706543,84.2439880371094,1474308.93359375,160562.265625,1,882,1
291.129782510188,291.129486083984,291.130035400391,475.700103759766,470.329528808594,483.312255859375,5407575.0390625,424555.09375,1,883,1
226.180164018308,226.179946899414,226.18049621582,52.5366744995117,43.1721076965332,57.6677780151367,6425100.64453125,417731.1875,1,884,1
389.186748993074,389.186248779297,389.187255859375,52.5366744995117,46.5953903198242,58.9503517150879,6729715.375,404007.09375,1,885,1
92.0369301055626,92.0368576049805,92.0370101928711,255.865478515625,248.443130493164,256.294403076172,6330813.109375,416410.71875,1,886,1
771.573080667704,771.572082519531,771.574340820312,44.0383033752441,40.1549415588379,50.0028991699219,4464646.77246094,411875.5,1,887,1
237.911090322649,237.910736083984,237.911331176758,227.359680175781,216.322158813477,262.8408203125,27303566.2246094,411307.9375,1,888,1
216.068873465508,216.068695068359,216.069061279297,56.8146324157715,53.8160591125488,63.2420463562012,4180741.08007812,410549.90625,1,889,1
402.233622849932,402.233001708984,402.234191894531,56.8146324157715,54.2557411193848,64.5260009765625,3658473.72460938,261307.6875,1,890,1
239.102501427681,239.102264404297,239.102752685547,244.930908203125,236.146453857422,252.347091674805,8552575.00390625,408292.75,1,891,1
538.431694024484,538.43115234375,538.432861328125,55.9624328613281,51.2770309448242,69.7155227661133,10164875.6875,408247.15625,1,892,1
129.065860182587,129.065704345703,129.066040039062,383.562042236328,376.929138183594,390.358734130859,5490921.96484375,405123.90625,1,893,1
146.980418619314,146.980361938477,146.980499267578,828.949462890625,826.147644042969,835.924987792969,7365930.59375,398416.1875,1,894,1
92.0369552323298,92.0368881225586,92.0370254516602,262.8408203125,259.373687744141,270.670532226562,8040879.515625,396178.46875,1,895,1
149.026730206369,149.026565551758,149.026870727539,333.999450683594,327.661224365234,342.076507568359,5922342.5,393526.15625,1,896,1
256.081408355733,256.081176757812,256.081604003906,333.999450683594,328.5361328125,342.076507568359,6081315.75878906,379385.71875,1,897,1
377.141112264071,377.140533447266,377.141479492188,333.999450683594,328.100494384766,341.632690429688,4091865.16699219,279057.03125,1,898,1
368.036716456349,368.036224365234,368.037170410156,333.999450683594,328.5361328125,347.920135498047,3653002.30761719,204060.46875,1,899,1
343.295611128493,343.295196533203,343.295989990234,65.3876647949219,59.3922462463379,78.0594940185547,8470061.6484375,392880.65625,1,900,1
334.303436066108,334.302947998047,334.303649902344,49.5729827880859,44.9003295898438,55.1068077087402,4571593.29296875,392762.6875,1,901,1
730.538332369797,730.537231445312,730.539978027344,49.5729827880859,41.8720779418945,57.2414894104004,5041220.12011719,261093.625,1,902,1
348.319156491662,348.318389892578,348.319702148438,49.5729827880859,44.9003295898438,54.6819915771484,2009258.98242188,185724.375,1,903,1
542.150942067059,542.148559570312,542.151489257812,200.118438720703,188.245590209961,202.75944519043,8715955.6015625,389856.6875,1,904,1
92.0369339802832,92.0368423461914,92.036994934082,168.15104675293,165.588806152344,171.610809326172,4971420.21875,386949,1,905,1
166.097491306129,166.097320556641,166.097640991211,168.15104675293,164.317260742188,171.610809326172,2392156.8515625,168592.375,1,906,1
225.086870133374,225.086624145508,225.087188720703,336.615814208984,330.715789794922,343.500122070312,4899768.03515625,383171.59375,1,907,1
275.134837385108,275.134490966797,275.135070800781,426.881500244141,418.882476806641,432.707397460938,5960795.07617188,381743.1875,1,908,1
284.052856996121,284.052459716797,284.053924560547,426.881500244141,419.318908691406,437.649688720703,4484993.37402344,278087.53125,1,909,1
302.063458163209,302.063018798828,302.063812255859,426.881500244141,418.441040039062,433.688568115234,2601708.38183594,173453.59375,1,910,1
792.061885148521,792.059509277344,792.065307617188,47.4359397888184,43.1721076965332,55.9624328613281,3057794.79101562,379572.34375,1,911,1
419.316190715916,419.315582275391,419.317291259766,47.4359397888184,42.3083572387695,51.7027893066406,3493391.63476562,326707.34375,1,912,1
704.009767002377,704.00830078125,704.010620117188,47.4359397888184,43.1721076965332,52.5366744995117,2385964.05664062,325294.8125,1,913,1
724.512164838373,724.510559082031,724.513427734375,47.4359397888184,43.1721076965332,49.1475715637207,2140916.26660156,305186.46875,1,914,1
692.494978022753,692.493774414062,692.495910644531,47.4359397888184,43.6089134216309,49.5729827880859,1990173.49609375,255350.53125,1,915,1
673.529274269612,673.528442382812,673.530090332031,47.4359397888184,44.0383033752441,51.7027893066406,1728363.8515625,218157.03125,1,916,1
702.536524229818,702.534545898438,702.537475585938,47.4359397888184,44.9003295898438,51.2770309448242,1589835.34765625,162708.140625,1,917,1
436.399984776237,436.3994140625,436.401245117188,47.4359397888184,39.2886085510254,53.3896408081055,2010306.390625,161039.671875,1,918,1
110.071282091167,110.071151733398,110.071449279785,383.562042236328,376.929138183594,393.958282470703,8856948.23046875,379169,1,919,1
354.21234166702,354.211975097656,354.212768554688,61.9633941650391,55.9624328613281,68.8576583862305,5995048.3125,379131.40625,1,920,1
415.776790515069,415.776428222656,415.777252197266,61.9633941650391,55.5323181152344,66.6836013793945,4805575.34375,331680.75,1,921,1
398.238651667184,398.238067626953,398.239135742188,61.9633941650391,55.5323181152344,69.7155227661133,4145677.45507812,260274.03125,1,922,1
445.164889561902,445.164489746094,445.165374755859,326.316314697266,313.556304931641,339.885650634766,9242812.29296875,375292.34375,1,923,1
542.151100292255,542.150695800781,542.151794433594,204.50715637207,202.75944519043,214.149948120117,5772869.125,374975.78125,1,924,1
92.0369100855469,92.0368194580078,92.0369567871094,325.866790771484,322.355041503906,331.602508544922,6332375.453125,372995.375,1,925,1
92.0369385311781,92.0368881225586,92.0370101928711,275.132141113281,270.670532226562,280.791625976562,7137105.84375,372918.9375,1,926,1
499.16062880298,499.159545898438,499.161193847656,368.902862548828,359.819030761719,381.324188232422,7373279.31835938,370791.90625,1,927,1
89.0597350375222,89.0596542358398,89.059814453125,67.9959564208984,62.8164024353027,71.9195022583008,4406262.453125,354917.625,1,928,1
297.154390126026,297.153991699219,297.154663085938,67.9959564208984,63.2420463562012,74.1126174926758,3417720.87988281,309711.34375,1,929,1
151.061740068725,151.061630249023,151.061874389648,271.206634521484,263.267364501953,277.742095947266,6146303.4375,354542.34375,1,930,1
361.146201481068,361.145751953125,361.146759033203,271.206634521484,264.588439941406,276.8876953125,3035490.39648438,196220.84375,1,931,1
283.018829343771,283.018249511719,283.019256591797,492.726257324219,477.940460205078,507.064819335938,5821613.03173828,353640.53125,1,932,1
127.039015422222,127.038925170898,127.039131164551,492.726257324219,485.548522949219,498.577667236328,2062803.64990234,166634.65625,1,933,1
432.251598751023,432.251190185547,432.252014160156,49.1475715637207,44.4642677307129,55.1068077087402,4062204.75390625,352543.4375,1,934,1
176.070630924922,176.070449829102,176.070770263672,128.39631652832,118.232704162598,139.801284790039,9772142.18359375,350987,1,935,1
84.0444733518022,84.0443725585938,84.044563293457,256.294403076172,245.80241394043,265.896759033203,7781737.74414062,345936.53125,1,936,1
456.184079009487,456.18359375,456.184539794922,285.94580078125,283.368896484375,295.534515380859,6164397.03515625,345167.0625,1,937,1
205.068295915093,205.068099975586,205.068405151367,348.366729736328,342.523071289062,354.986633300781,4779002.33007812,344608.75,1,938,1
196.990530452204,196.990341186523,196.99072265625,264.588439941406,259.373687744141,273.820617675781,5901165.3828125,343866.25,1,939,1
92.0369062767067,92.0367736816406,92.0369873046875,292.0205078125,282.943817138672,304.844573974609,14127687.265625,342382.53125,1,940,1
92.0368958291001,92.0368041992188,92.0369720458984,351.445526123047,339.017883300781,360.700714111328,13487503.390625,333317.75,1,941,1
147.112907118444,147.112640380859,147.113067626953,669.236328125,655.488464355469,684.394958496094,7831087.51757812,333191.15625,1,942,1
124.058675064327,124.058547973633,124.058807373047,85.5357284545898,80.2291412353516,97.6924362182617,7082695.7578125,330388.4375,1,943,1
92.0369301621462,92.0368423461914,92.0370330810547,318.816711425781,306.569519042969,321.920104980469,9671814.84375,329668.78125,1,944,1
769.125334303649,769.1240234375,769.127319335938,428.314544677734,420.207458496094,439.972808837891,5913011.05664062,327661.75,1,945,1
666.132003648804,666.131469726562,666.132507324219,366.701873779297,358.053466796875,374.199798583984,5361232.828125,325665.0625,1,946,1
174.087298291585,174.087188720703,174.087539672852,366.701873779297,361.858734130859,378.229125976562,3238350.046875,165955.640625,1,947,1
309.129120136401,309.128936767578,309.129302978516,369.350616455078,362.745178222656,376.048950195312,4918437.43359375,323343.75,1,948,1
144.08083936992,144.080718994141,144.080947875977,281.659210205078,273.820617675781,289.415313720703,6114333.453125,322539.9375,1,949,1
237.911179420486,237.910842895508,237.911376953125,280.349487304688,263.71240234375,284.6640625,8794917.10644531,322230.5,1,950,1
292.211805403626,292.211578369141,292.212188720703,52.5366744995117,48.7141265869141,59.8278274536133,4351891.875,322171.375,1,951,1
118.065096391181,118.064888000488,118.065284729004,52.5366744995117,44.0383033752441,60.6831665039062,4936831.90820312,232020.859375,1,952,1
248.157288234294,248.156661987305,248.157577514648,52.5366744995117,48.7141265869141,59.3922462463379,2540062.08398438,201255.6875,1,953,1
92.0368916829298,92.0368423461914,92.0369873046875,372.003997802734,360.700714111328,377.364105224609,9813522.21875,318666.8125,1,954,1
71.0685425535183,71.0684356689453,71.0687484741211,309.652923583984,300.915130615234,316.629180908203,5966589.65820312,317606.1875,1,955,1
146.980399577607,146.980331420898,146.980453491211,938.011596679688,930.026672363281,939.905883789062,6364455.875,317408.4375,1,956,1
139.050230431303,139.05012512207,139.050338745117,248.443130493164,240.984893798828,257.610321044922,7128675.8515625,315428.25,1,957,1
146.980405794241,146.980285644531,146.980514526367,910.708312988281,906.600830078125,916.987426757812,6122041.96875,312366.53125,1,958,1
92.0369151164946,92.0368041992188,92.0371322631836,433.688568115234,426.000915527344,440.430206298828,7927165.34375,308168.1875,1,959,1
92.0369156082349,92.0368270874023,92.0370941162109,384.007629394531,378.229125976562,396.167602539062,9633690.78125,305615.46875,1,960,1
194.092386224908,194.091323852539,194.092910766602,204.943740844727,182.974822998047,222.510543823242,8181477.22802734,303754.40625,1,961,1
133.105275697207,133.105072021484,133.105484008789,260.247863769531,253.231750488281,267.621826171875,6036200.41015625,303255.125,1,962,1
146.980391483241,146.980285644531,146.980484008789,900.686218261719,894.2705078125,902.507263183594,5007749.625,303197.65625,1,963,1
220.935075635874,220.934814453125,220.93537902832,809.522094726562,779.058959960938,831.737121582031,21264320.3579102,301390.53125,1,964,1
92.0369160180545,92.0368423461914,92.0369644165039,417.097412109375,413.55859375,424.691467285156,6357950.296875,300943.84375,1,965,1
146.980393864982,146.980331420898,146.980453491211,919.77197265625,916.987426757812,927.21630859375,6323381.015625,298814,1,966,1
154.086306261176,154.086120605469,154.086380004883,664.357971191406,657.70703125,674.1201171875,8751431.703125,298016.40625,1,967,1
227.102608995628,227.102401733398,227.10285949707,82.0653305053711,77.6190032958984,88.562126159668,3349350.50390625,296208.125,1,968,1
613.159455161994,613.158813476562,613.160461425781,512.441833496094,506.170928955078,519.135803222656,3987396.2578125,296070.3125,1,969,1
304.284607250264,304.284362792969,304.284942626953,56.3886947631836,51.2770309448242,68.4319915771484,6323741.125,295368.65625,1,970,1
539.435096478975,539.4345703125,539.435607910156,56.3886947631836,53.8160591125488,60.6831665039062,1705259.33984375,143332.34375,1,971,1
627.487389586975,627.486633300781,627.488464355469,56.3886947631836,53.3896408081055,66.6836013793945,2303316.15625,126567.421875,1,972,1
398.326795365576,398.326141357422,398.327209472656,43.1721076965332,39.2886085510254,51.7027893066406,4438090.64599609,294450.09375,1,973,1
98.9842108329118,98.9841384887695,98.9842834472656,461.405944824219,452.312469482422,467.640075683594,4505755.9140625,294073.71875,1,974,1
298.096787138668,298.096557617188,298.097015380859,461.405944824219,449.605712890625,470.787841796875,7107156.4609375,261747.84375,1,975,1
138.054978354514,138.05485534668,138.055053710938,422.064880371094,414.432800292969,427.33447265625,4401344.953125,293731.8125,1,976,1
428.193405904148,428.192779541016,428.194305419922,304.844573974609,300.477416992188,311.835662841797,3400128.05175781,292523.875,1,977,1
278.14269811623,278.142028808594,278.143341064453,436.777252197266,429.634307861328,442.222808837891,3535546.21484375,292377.15625,1,978,1
243.026882897571,243.026596069336,243.027481079102,436.777252197266,429.199920654297,442.671051025391,2302996.5234375,149491.359375,1,979,1
175.057668581771,175.057510375977,175.057922363281,301.787078857422,294.660247802734,307.438232421875,4039388.95605469,290020,1,980,1
546.199910677371,546.19873046875,546.201477050781,301.787078857422,294.213684082031,310.092468261719,4221499.88671875,246095.265625,1,981,1
144.065586915676,144.065460205078,144.06575012207,408.611145019531,402.771057128906,415.317779541016,3887345.39453125,286676.4375,1,982,1
234.076991284414,234.076766967773,234.077209472656,485.999542236328,470.329528808594,491.839294433594,9368786.1484375,285270.09375,1,983,1
725.52086685594,725.518615722656,725.522705078125,48.2884254455566,42.736499786377,52.9639205932617,3493756.6875,284792.84375,1,984,1
814.074914933969,814.072387695312,814.076538085938,48.2884254455566,43.1721076965332,49.5729827880859,2286954.82421875,265180.6875,1,985,1
490.230991397489,490.230346679688,490.231658935547,48.2884254455566,43.6089134216309,52.9639205932617,2878928.86328125,242543.046875,1,986,1
260.052857821838,260.052551269531,260.053070068359,471.674438476562,464.519134521484,479.277496337891,4921617.2421875,281876.375,1,987,1
695.482085337445,695.480529785156,695.48388671875,46.5953903198242,42.736499786377,51.2770309448242,2601164.7890625,279961.5,1,988,1
221.174717590908,221.174499511719,221.174865722656,54.6819915771484,50.8519668579102,61.5341262817383,3443325.4765625,279487.59375,1,989,1
427.389715033454,427.389190673828,427.390045166016,54.6819915771484,51.2770309448242,64.9619979858398,3441519.06640625,174331.203125,1,990,1
252.188631907358,252.188323974609,252.189346313477,54.6819915771484,52.1220588684082,61.1087493896484,1628002.66210938,124270.5859375,1,991,1
132.080781888988,132.080642700195,132.080947875977,282.519134521484,274.695190429688,290.272674560547,5407258.15625,279211.5625,1,992,1
259.021246746649,259.02099609375,259.021545410156,533.304138183594,526.665893554688,539.507141113281,4054438.38671875,278817.15625,1,993,1
102.054996571259,102.05485534668,102.055084228516,254.114944458008,246.671783447266,260.247863769531,4495498.34765625,277547.96875,1,994,1
324.05908500679,324.058685302734,324.059326171875,454.989471435547,451.41748046875,462.291381835938,3640798.9296875,275726.0625,1,995,1
160.079764662528,160.079467773438,160.080078125,426.000915527344,416.195739746094,435.465454101562,4756597.26269531,274946.59375,1,996,1
185.027401313387,185.027160644531,185.027557373047,426.000915527344,419.756652832031,433.688568115234,3085016.25,180210.875,1,997,1
273.119225922272,273.118957519531,273.119689941406,442.222808837891,432.707397460938,454.100555419922,5655500.94433594,273489.65625,1,998,1
123.055350218693,123.055160522461,123.055473327637,275.578460693359,268.932189941406,281.217102050781,4365540.65234375,271533.5,1,999,1
90.0913759039601,90.0913009643555,90.0914535522461,413.55859375,413.121429443359,424.691467285156,5860128.84375,270912.9375,1,1000,1
275.095328973768,275.095062255859,275.095581054688,340.330780029297,334.435028076172,349.264068603516,4854035.66015625,270452.9375,1,1001,1
270.148054583718,270.147857666016,270.148223876953,955.510681152344,950.08203125,959.533752441406,3895457.09375,267925.4375,1,1002,1
222.097133654484,222.096755981445,222.09765625,292.465087890625,284.6640625,306.142944335938,7012922.58203125,267795.75,1,1003,1
518.324374046347,518.32373046875,518.324951171875,61.5341262817383,54.2557411193848,71.0240020751953,6319447.20703125,267195.09375,1,1004,1
328.204734628708,328.204254150391,328.205047607422,61.5341262817383,56.8146324157715,65.3876647949219,1844652.38671875,183910.890625,1,1005,1
175.107739601692,175.107513427734,175.108047485352,399.654052734375,393.511871337891,405.857299804688,3580258.46875,266688.40625,1,1006,1
169.058363454642,169.058090209961,169.058670043945,399.654052734375,390.358734130859,406.737548828125,2469905.44335938,133982.84375,1,1007,1
234.077033633021,234.076782226562,234.077392578125,510.65087890625,501.698150634766,518.243774414062,5930116.53027344,266303.75,1,1008,1
190.071030853028,190.070709228516,190.071258544922,401.440795898438,396.167602539062,408.611145019531,3491861.46875,265802.1875,1,1009,1
608.385632571664,608.384704589844,608.386596679688,55.1068077087402,47.4359397888184,63.6677894592285,5112542.00390625,264657.75,1,1010,1
446.296191049799,446.295288085938,446.296905517578,55.1068077087402,49.5729827880859,61.1087493896484,2439485.57421875,174283.6875,1,1011,1
578.079058762697,578.078308105469,578.080993652344,49.1475715637207,42.736499786377,52.1220588684082,3034263.92675781,263843.75,1,1012,1
146.980391882951,146.980224609375,146.980545043945,886.039916992188,849.947998046875,886.496154785156,18051502.53125,263256.25,1,1013,1
213.123206510361,213.123153686523,213.123275756836,261.561859130859,260.247863769531,262.8408203125,1445562.953125,263166.78125,1,1014,1
391.284657442341,391.284027099609,391.285461425781,46.5953903198242,42.736499786377,52.5366744995117,2542387.26171875,262959.03125,1,1015,1
724.832752295912,724.831420898438,724.835876464844,46.5953903198242,43.6089134216309,50.0028991699219,1510793.44335938,180447.75,1,1016,1
90.0913888003697,90.0913238525391,90.0915679931641,399.654052734375,393.958282470703,405.402740478516,4974960.6875,262734.90625,1,1017,1
234.917766673502,234.917510986328,234.918106079102,809.995361328125,792.540649414062,825.224426269531,8572120.61132812,259589.15625,1,1018,1
411.780352412183,411.779876708984,411.780700683594,59.8278274536133,55.9624328613281,66.2540740966797,3749423.46875,258835.6875,1,1019,1
156.076812714552,156.076644897461,156.077056884766,508.846130371094,498.118713378906,525.337280273438,7912609.02148438,256086.03125,1,1020,1
254.121569163304,254.12126159668,254.12190246582,267.621826171875,261.989929199219,274.695190429688,3726133.49804688,255950.5,1,1021,1
197.006975866161,197.006729125977,197.007247924805,267.621826171875,266.32470703125,272.069885253906,1017818.98242188,112748.6328125,1,1022,1
252.109001608107,252.108734130859,252.109375,122.168891906738,109.483047485352,133.669174194336,7419398.12109375,255255.03125,1,1023,1
160.901403505895,160.901275634766,160.901565551758,828.023376464844,819.68798828125,844.459411621094,7474522.44921875,253751.078125,1,1024,1
655.160535484449,655.159851074219,655.161376953125,340.765716552734,332.587860107422,345.711730957031,3277301.63476562,253465.359375,1,1025,1
135.966039922229,135.965896606445,135.966186523438,268.061279296875,259.373687744141,273.820617675781,4306003.50585938,252696.453125,1,1026,1
204.086678371415,204.086380004883,204.087158203125,440.876831054688,428.766082763672,450.060028076172,3957464.58300781,251878.34375,1,1027,1
198.084900277402,198.084747314453,198.085021972656,425.1279296875,415.754333496094,433.144866943359,3734684.23388672,251324.4375,1,1028,1
70.0651590044177,70.0650634765625,70.0653610229492,425.1279296875,415.754333496094,434.577026367188,4214210.90722656,250063.359375,1,1029,1
90.0913431553594,90.0912933349609,90.0914001464844,370.683074951172,367.137481689453,380.333618164062,5661454.796875,249687.90625,1,1030,1
406.21332271465,406.212341308594,406.214294433594,50.0028991699219,46.5953903198242,58.5234489440918,2779706.16015625,248495.703125,1,1031,1
213.123260713522,213.123138427734,213.12336730957,272.069885253906,270.670532226562,277.742095947266,3513895.34375,247561.5,1,1032,1
151.997368987655,151.997222900391,151.997528076172,265.467864990234,259.373687744141,272.952453613281,4354762.66992188,246910.359375,1,1033,1
106.939502883332,106.939346313477,106.939666748047,265.467864990234,258.495452880859,274.264587402344,2372206.11425781,137998.0625,1,1034,1
106.955914429469,106.955726623535,106.955986022949,265.467864990234,261.561859130859,272.507476806641,2021897.95117188,128362.046875,1,1035,1
137.045818808447,137.045669555664,137.045959472656,252.347091674805,245.80241394043,260.247863769531,4239745.58398438,246373.03125,1,1036,1
116.070626364041,116.07048034668,116.070724487305,252.347091674805,245.80241394043,259.373687744141,2848642.37890625,158754.109375,1,1037,1
373.164068306725,373.16357421875,373.164459228516,252.347091674805,246.242462158203,258.937805175781,2205367.49609375,151899.21875,1,1038,1
194.048159558542,194.047836303711,194.048538208008,252.347091674805,239.672698974609,262.8408203125,3652275.61132812,127432.375,1,1039,1
213.123274203726,213.123123168945,213.123428344727,285.94580078125,277.742095947266,286.798889160156,4464326.875,244309.8125,1,1040,1
109.028419594808,109.028297424316,109.028465270996,464.960357666016,457.757965087891,470.329528808594,3596787.77148438,244178.828125,1,1041,1
90.0913661085242,90.0908889770508,90.0915756225586,437.649688720703,426.000915527344,444.463104248047,8765623.328125,243557.1875,1,1042,1
733.551176602203,733.548767089844,733.55224609375,45.3259620666504,44.4642677307129,51.2770309448242,2318597.36328125,243478.265625,1,1043,1
533.718409966686,533.716979980469,533.71923828125,45.3259620666504,42.3083572387695,51.7027893066406,1912903.61816406,222891.984375,1,1044,1
476.16106556677,476.160461425781,476.161773681641,411.351898193359,405.402740478516,417.097412109375,2780270.06738281,242506.59375,1,1045,1
358.243715828123,358.243560791016,358.244323730469,55.9624328613281,52.1220588684082,63.2420463562012,3187890.97851562,239596.5625,1,1046,1
191.127836976988,191.127578735352,191.127990722656,55.9624328613281,52.5366744995117,60.6831665039062,1725417.25585938,186733.859375,1,1047,1
265.164544543307,265.164398193359,265.164764404297,55.9624328613281,51.7027893066406,60.2574234008789,1681575.17773438,173641.265625,1,1048,1
98.9841309923985,98.984001159668,98.9843978881836,44.4642677307129,32.6419677734375,55.9624328613281,3320670.81884766,239433.234375,1,1049,1
351.266016217804,351.265655517578,351.266448974609,44.4642677307129,39.2886085510254,47.4359397888184,2603843.59375,205355.671875,1,1050,1
283.018823722148,283.0185546875,283.019104003906,464.071319580078,455.982757568359,470.787841796875,4170612.35742188,238820.046875,1,1051,1
213.123172758876,213.122924804688,213.123382568359,244.059295654297,240.548110961914,248.872863769531,3885804.28125,238051.359375,1,1052,1
106.086260252596,106.085678100586,106.086517333984,430.945861816406,427.33447265625,445.556518554688,7925765.0859375,236487.03125,1,1053,1
136.075705017152,136.075561523438,136.076171875,327.661224365234,317.518920898438,335.742340087891,3599808.97802734,235003.484375,1,1054,1
213.123168972566,213.122924804688,213.123504638672,292.0205078125,290.708099365234,308.72412109375,6322078.03125,234259.75,1,1055,1
106.086277380226,106.086204528809,106.086349487305,422.500183105469,413.55859375,426.437438964844,5846441.453125,233879.328125,1,1056,1
134.081163217823,134.081024169922,134.081298828125,284.6640625,277.742095947266,292.465087890625,4154008.3125,233841.578125,1,1057,1
509.160387704882,509.159637451172,509.160827636719,284.6640625,277.313262939453,290.708099365234,2979659.734375,177725.109375,1,1058,1
766.559094265857,766.558288574219,766.559692382812,40.5908432006836,38.404468536377,43.1721076965332,1650692.8125,232418.8125,1,1059,1
764.542812250427,764.541320800781,764.543762207031,40.5908432006836,37.9674453735352,44.0383033752441,1990849.67871094,229070.703125,1,1060,1
603.54786020635,603.54736328125,603.548645019531,40.5908432006836,37.9674453735352,44.4642677307129,1683033.65234375,198348.640625,1,1061,1
648.605723284072,648.604858398438,648.606323242188,40.5908432006836,37.9674453735352,42.736499786377,1003925.70898438,187657.21875,1,1062,1
274.91016821939,274.909851074219,274.910430908203,808.604553222656,794.366943359375,821.543884277344,7871567.43945312,232033.625,1,1063,1
666.465895068904,666.464111328125,666.467651367188,50.4266319274902,44.0383033752441,53.3896408081055,2440692.55273438,231817.921875,1,1064,1
250.050925986707,250.05061340332,250.051055908203,33.524471282959,32.6419677734375,41.4425621032715,2652136.69726562,231433.3125,1,1065,1
164.12816424891,164.127990722656,164.128372192383,591.575500488281,561.721130371094,604.978881835938,14596617.9765625,230329.375,1,1066,1
90.0913643054868,90.0912857055664,90.0915145874023,386.732635498047,380.333618164062,393.063018798828,5275569.515625,228592.53125,1,1067,1
213.123161916565,213.123077392578,213.123275756836,255.429016113281,254.561218261719,255.865478515625,826815.515625,226431.625,1,1068,1
186.076084913539,186.075912475586,186.076232910156,421.188751220703,414.432800292969,427.771942138672,3349984.0078125,225435.3125,1,1069,1
244.13309151788,244.131942749023,244.133392333984,194.857696533203,182.538543701172,206.70231628418,9623421.8515625,225172.203125,1,1070,1
84.0444103342407,84.0440368652344,84.044563293457,194.857696533203,188.683029174805,205.825668334961,3410514.93359375,155332.640625,1,1071,1
718.538068355016,718.537475585938,718.538818359375,44.0383033752441,38.8424949645996,47.009822845459,2264513.20507812,223774.46875,1,1072,1
279.231728658589,279.231536865234,279.231994628906,44.0383033752441,40.5908432006836,46.1797180175781,942698.797851562,127285.65625,1,1073,1
245.113130294137,245.112869262695,245.11360168457,135.853546142578,127.083084106445,146.362655639648,5546918.59375,222315.0625,1,1074,1
279.216547618944,279.216217041016,279.217376708984,54.6819915771484,48.2884254455566,59.3922462463379,2943530.28710938,221182.1875,1,1075,1
205.064159863674,205.063995361328,205.064331054688,78.0594940185547,77.1824035644531,80.2291412353516,1013085.60546875,218182.671875,1,1076,1
148.042707919722,148.042495727539,148.042999267578,78.0594940185547,71.480110168457,80.2291412353516,912643.27734375,124102.9453125,1,1077,1
786.599227109171,786.593933105469,786.601745605469,47.8588409423828,43.6089134216309,55.9624328613281,3206008.88671875,218040.828125,1,1078,1
242.916995041565,242.916625976562,242.91716003418,798.018127441406,785.785278320312,804.900512695312,6427650.28125,217680.484375,1,1079,1
106.086259154222,106.086158752441,106.086372375488,409.498077392578,407.729675292969,413.55859375,2511785.046875,217525.828125,1,1080,1
90.0913536968011,90.0912933349609,90.0914306640625,361.139190673828,355.858520507812,367.137481689453,4481869.7890625,217302.515625,1,1081,1
257.113053341499,257.112762451172,257.113342285156,245.80241394043,235.706436157227,251.911819458008,4818805.21484375,214344.609375,1,1082,1
128.953517949121,128.953460693359,128.953582763672,33.524471282959,32.6419677734375,37.5074653625488,1493026.66796875,212718.234375,1,1083,1
244.133189307922,244.13298034668,244.133377075195,51.7027893066406,49.5729827880859,60.2574234008789,3963288.4765625,211702.1875,1,1084,1
309.227129297175,309.226776123047,309.227569580078,51.7027893066406,48.7141265869141,61.1087493896484,2575263.87695312,184334.5625,1,1085,1
115.075365416648,115.075004577637,115.075485229492,57.2414894104004,47.8588409423828,67.1200408935547,3142072.92285156,210665.828125,1,1086,1
104.070601550912,104.070495605469,104.070686340332,342.523071289062,334.870544433594,348.366729736328,3735407.43359375,209790.3125,1,1087,1
641.201108123593,641.2001953125,641.202270507812,342.523071289062,337.689086914062,347.920135498047,2110160.19921875,167827.578125,1,1088,1
714.507200293594,714.505249023438,714.508605957031,44.9003295898438,38.8424949645996,50.0028991699219,2437459.81347656,208464.140625,1,1089,1
213.123191620167,213.123062133789,213.123397827148,239.238510131836,230.446029663086,239.672698974609,3813095.046875,208446.171875,1,1090,1
314.091680182361,314.090148925781,314.092498779297,180.78987121582,168.579406738281,194.409484863281,6441415.2109375,208361.703125,1,1091,1
237.911083269197,237.910842895508,237.911239624023,361.139190673828,353.206573486328,369.350616455078,6083743.7734375,208335.390625,1,1092,1
529.98516755942,529.984436035156,529.986267089844,499.911865234375,494.522583007812,510.207794189453,3723297.74316406,208290.21875,1,1093,1
509.006554026238,509.006103515625,509.007232666016,499.911865234375,494.522583007812,508.408477783203,2579334.32714844,163789.5625,1,1094,1
706.065770142225,706.065002441406,706.066772460938,441.771636962891,438.102020263672,448.255432128906,2451219.4765625,208055.90625,1,1095,1
163.07944479097,163.079299926758,163.07958984375,253.67839050293,246.242462158203,258.937805175781,3146378.71484375,207137.765625,1,1096,1
851.159290882901,851.158325195312,851.160095214844,381.777130126953,376.929138183594,388.991729736328,3004506.69726562,207111.3125,1,1097,1
133.097175259621,133.097015380859,133.097305297852,624.187622070312,612.558776855469,639.430847167969,5034185.43652344,206968.75,1,1098,1
237.911086960564,237.910827636719,237.911270141602,342.076507568359,336.615814208984,353.206573486328,6164466.7421875,206597.109375,1,1099,1
136.04272527315,136.042510986328,136.04296875,437.649688720703,432.707397460938,445.556518554688,3222753.84570312,206262.265625,1,1100,1
324.045401595858,324.044982910156,324.045684814453,419.756652832031,413.55859375,432.707397460938,3731481.0859375,205017.8125,1,1101,1
90.0913505057965,90.0912704467773,90.0914001464844,351.445526123047,345.711730957031,354.986633300781,3573180.09375,203883.578125,1,1102,1
90.0913637156336,90.0912933349609,90.091423034668,335.305877685547,333.124481201172,336.615814208984,1260083.46875,200198.0625,1,1103,1
684.370157794727,684.368896484375,684.371337890625,45.7512817382812,42.736499786377,50.8519668579102,1530724.78710938,199274.703125,1,1104,1
292.284639631293,292.284210205078,292.285034179688,50.0028991699219,45.7512817382812,58.5234489440918,3054529.74609375,198702.984375,1,1105,1
853.562555429009,853.561401367188,853.563232421875,43.6089134216309,38.8424949645996,44.9003295898438,1895703.73535156,198650.21875,1,1106,1
466.175579483708,466.175231933594,466.176147460938,43.6089134216309,40.1549415588379,45.3259620666504,1401283.55078125,192210.921875,1,1107,1
318.169985779828,318.169860839844,318.170196533203,43.6089134216309,37.5074653625488,44.9003295898438,1634248.421875,151001.8125,1,1108,1
192.159440023094,192.159164428711,192.159790039062,71.9195022583008,66.2540740966797,82.0653305053711,3841083.53125,198582.875,1,1109,1
237.911144329608,237.910842895508,237.911376953125,313.556304931641,308.299865722656,320.578094482422,4523801.5625,197752.78125,1,1110,1
237.911064261211,237.910873413086,237.911224365234,323.671142578125,320.578094482422,328.97216796875,3286976.796875,194194.8125,1,1111,1
193.097177590992,193.097015380859,193.097366333008,727.240844726562,721.857421875,754.281005859375,7820215.91796875,193985.65625,1,1112,1
242.917028266793,242.916702270508,242.917404174805,813.238464355469,805.837280273438,828.949462890625,5925172.52832031,193488.34375,1,1113,1
247.166515736734,247.166320800781,247.166809082031,78.9311752319336,73.6715698242188,84.6795349121094,2152938.63183594,191877.03125,1,1114,1
227.102581746661,227.102401733398,227.102828979492,106.433044433594,92.0327758789062,117.354934692383,5606299.96484375,191560.515625,1,1115,1
106.086278437167,106.086227416992,106.086334228516,494.065490722656,492.726257324219,497.209075927734,1818193.84375,189990.6875,1,1116,1
193.097190383088,193.096984863281,193.097396850586,721.409790039062,697.199157714844,721.857421875,6405744.11523438,189807.140625,1,1117,1
177.112138530026,177.111953735352,177.112289428711,67.5506896972656,62.8164024353027,72.7884979248047,2514710.29101562,189674.40625,1,1118,1
329.940840896536,329.940399169922,329.94140625,160.061431884766,156.242111206055,166.016387939453,2795796.0234375,189095.984375,1,1119,1
157.07606015313,157.075881958008,157.076232910156,284.6640625,274.264587402344,291.136871337891,3609224.97265625,187909.484375,1,1120,1
231.133893551416,231.133560180664,231.134155273438,283.368896484375,266.764312744141,302.66064453125,11191537.59375,187876.578125,1,1121,1
217.107032446006,217.106872558594,217.107391357422,55.5323181152344,51.7027893066406,59.8278274536133,1929641.578125,187275.421875,1,1122,1
521.336114757158,521.335144042969,521.336547851562,55.5323181152344,51.2770309448242,61.1087493896484,2307961.88671875,169835.078125,1,1123,1
377.174204982169,377.173706054688,377.174682617188,218.584503173828,206.70231628418,229.134872436523,5062496.79492188,186536.921875,1,1124,1
261.03689468842,261.036712646484,261.037078857422,461.853698730469,454.547790527344,468.091247558594,2589056.62597656,185988.421875,1,1125,1
652.411823934692,652.410949707031,652.412719726562,55.9624328613281,50.0028991699219,60.2574234008789,2575270.83203125,185751.625,1,1126,1
362.759034577483,362.758605957031,362.759338378906,58.0972671508789,52.5366744995117,73.2350311279297,4106238.91992188,184973.984375,1,1127,1
402.269990347279,402.269714355469,402.270324707031,54.2557411193848,50.4266319274902,60.6831665039062,2641197.68359375,184897.515625,1,1128,1
209.138407662811,209.138198852539,209.138656616211,58.0972671508789,54.2557411193848,65.3876647949219,2154521.29785156,183866.21875,1,1129,1
116.070643306961,116.070541381836,116.070770263672,626.869018554688,613.901062011719,638.075927734375,4327667.37890625,183852.515625,1,1130,1
118.074830040822,118.074714660645,118.075134277344,310.092468261719,301.787078857422,316.629180908203,3409400.06835938,183576.671875,1,1131,1
365.105588490778,365.105163574219,365.106384277344,422.500183105469,420.645477294922,438.102020263672,4812259.0234375,183524.359375,1,1132,1
270.108044268233,270.107727050781,270.108459472656,160.061431884766,151.123077392578,168.15104675293,4534379.75390625,183501.8125,1,1133,1
298.09674086633,298.096557617188,298.096954345703,236.146453857422,231.756271362305,240.548110961914,2829884.59375,182659.53125,1,1134,1
461.273122247333,461.272308349609,461.273895263672,47.4359397888184,44.4642677307129,58.0972671508789,3177110.16992188,182455.015625,1,1135,1
113.070919985114,113.070785522461,113.07103729248,81.1886215209961,75.861686706543,85.5357284545898,2114902.828125,182235.234375,1,1136,1
217.129436571063,217.129135131836,217.129653930664,387.184173583984,380.781585693359,393.958282470703,2513816.83105469,182210.96875,1,1137,1
264.898909677912,264.898559570312,264.899078369141,798.476745605469,787.129760742188,808.604553222656,5802590.20117188,182007.34375,1,1138,1
166.097446540313,166.096878051758,166.097640991211,195.289627075195,190.896209716797,197.933929443359,2289750.2890625,181411.140625,1,1139,1
90.0913669056268,90.0912780761719,90.0914306640625,324.551116943359,321.465850830078,329.407562255859,2574866.125,181060.609375,1,1140,1
213.123174977929,213.122970581055,213.123275756836,227.797485351562,219.455352783203,229.571105957031,3490821.421875,180341.546875,1,1141,1
152.0998780254,152.099655151367,152.100006103516,76.3020858764648,72.3562850952148,78.9311752319336,1381190.55664062,180175.40625,1,1142,1
126.05499101944,126.054824829102,126.055137634277,471.235107421875,464.519134521484,477.940460205078,3193191.0078125,179908.203125,1,1143,1
298.096773996154,298.096466064453,298.096954345703,208.024642944336,197.933929443359,220.752304077148,7794230.1328125,178871.796875,1,1144,1
166.097463927243,166.096740722656,166.097625732422,183.84944152832,177.715286254883,190.896209716797,4520059.1953125,178442.96875,1,1145,1
122.0964641512,122.096321105957,122.096572875977,96.3935317993164,83.3701019287109,113.855430603027,8815838.4140625,177325.421875,1,1146,1
106.086280402339,106.086158752441,106.086486816406,400.990447998047,395.274871826172,403.205535888672,2668122.9375,176619.53125,1,1147,1
189.123375271706,189.123199462891,189.123580932617,324.987731933594,319.687927246094,333.56005859375,2416964.06347656,175371.703125,1,1148,1
223.074638553153,223.074295043945,223.075210571289,466.739044189453,458.750091552734,479.725006103516,2740296.15234375,175174.390625,1,1149,1
244.133143104565,244.132919311523,244.133453369141,72.7884979248047,70.1560821533203,82.500114440918,4067386.1328125,175019.703125,1,1150,1
235.080289688949,235.080047607422,235.080688476562,376.048950195312,366.701873779297,387.638854980469,3995626.07324219,174216.359375,1,1151,1
224.031772670818,224.031402587891,224.032043457031,472.125030517578,463.179229736328,481.978790283203,3023829.59130859,174176.59375,1,1152,1
593.089292022134,593.087890625,593.091735839844,50.0028991699219,42.3083572387695,52.1220588684082,1486083.53613281,173415.59375,1,1153,1
298.096705895245,298.095458984375,298.097045898438,192.225891113281,186.922897338867,193.544174194336,2108228.59375,172852.109375,1,1154,1
864.625563414467,864.623657226562,864.627563476562,46.1797180175781,44.9003295898438,50.8519668579102,1285334.11328125,172329.109375,1,1155,1
157.060786296372,157.060516357422,157.060928344727,237.925567626953,229.571105957031,246.671783447266,3015169.45996094,172146.46875,1,1156,1
166.097473578513,166.097305297852,166.097595214844,102.49925994873,86.8215026855469,119.540954589844,9916193.265625,171891.546875,1,1157,1
315.158414406353,315.157806396484,315.158813476562,404.093505859375,397.049041748047,410.370056152344,2569959.38867188,171673.484375,1,1158,1
213.123194989642,213.122314453125,213.123413085938,208.460678100586,188.245590209961,218.149017333984,8817009.15625,168312.0625,1,1159,1
166.097482901113,166.097320556641,166.097702026367,139.365005493164,121.728469848633,160.48469543457,12129509.4609375,168216.234375,1,1160,1
298.096712978813,298.096496582031,298.096923828125,227.359680175781,223.406600952148,230.882400512695,2427764.6640625,166961.109375,1,1161,1
293.195874986137,293.195739746094,293.196166992188,51.2770309448242,50.8519668579102,52.9639205932617,667564.1328125,166861.703125,1,1162,1
122.096454902302,122.096321105957,122.096641540527,123.917533874512,115.166465759277,132.795928955078,5538181.515625,166099.5,1,1163,1
122.096452883115,122.096366882324,122.096549987793,144.616744995117,138.055450439453,153.260772705078,4822768.1171875,165931.390625,1,1164,1
291.137899651692,291.137512207031,291.138427734375,354.986633300781,348.809753417969,361.858734130859,2138205.79296875,165915.96875,1,1165,1
244.133073710415,244.132888793945,244.133239746094,221.634307861328,220.320861816406,229.571105957031,2944331.921875,165500.5,1,1166,1
358.164442649457,358.163055419922,358.165191650391,398.346282958984,385.37744140625,407.729675292969,4203814.69726562,164996.4375,1,1167,1
115.086590351148,115.086456298828,115.086799621582,423.821075439453,417.097412109375,432.707397460938,3060178.96484375,164309.578125,1,1168,1
204.123023027489,204.122772216797,204.123291015625,246.242462158203,241.852142333984,256.294403076172,3082745.04882812,163969.46875,1,1169,1
521.201103050534,521.199645996094,521.202087402344,343.500122070312,333.56005859375,351.009918212891,2771065.71875,163324.796875,1,1170,1
242.042335344627,242.042068481445,242.042587280273,469.877807617188,464.519134521484,478.830352783203,2952952.19042969,160945.09375,1,1171,1
216.128721466173,216.128463745117,216.128982543945,61.5341262817383,56.8146324157715,64.9619979858398,1522329.96582031,160257.0625,1,1172,1
329.173991815436,329.173461914062,329.174438476562,297.736236572266,292.0205078125,305.261169433594,2858726.00976562,159840.734375,1,1173,1
102.127762548965,102.127601623535,102.127838134766,792.093872070312,784.891906738281,798.476745605469,3858466.0703125,159390.546875,1,1174,1
166.097374937605,166.097274780273,166.097503662109,201.001083374023,200.564865112305,201.889434814453,576319.8984375,158752.3125,1,1175,1
264.898930156873,264.898681640625,264.899475097656,809.522094726562,808.604553222656,826.147644042969,3731383.55810547,158322.703125,1,1176,1
157.080107610036,157.079971313477,157.080322265625,415.754333496094,404.965515136719,421.625579833984,3978898.65820312,158293.546875,1,1177,1
192.113129313442,192.11279296875,192.113311767578,79.3578338623047,75.4298553466797,82.500114440918,1350003.02246094,155640.34375,1,1178,1
154.086283130049,154.086166381836,154.086410522461,674.567077636719,674.1201171875,682.606079101562,2556739.1484375,153756.15625,1,1179,1
274.014404849412,274.014129638672,274.014831542969,503.942626953125,495.416656494141,511.544677734375,2504249.6171875,152844.4375,1,1180,1
182.029413729073,182.029159545898,182.029541015625,74.5447311401367,71.9195022583008,78.9311752319336,1229557.21582031,152585.578125,1,1181,1
106.08628572247,106.086219787598,106.086441040039,510.65087890625,509.298461914062,520.0185546875,2753250.0078125,152463.375,1,1182,1
444.188349635785,444.187835693359,444.189239501953,303.531341552734,302.66064453125,309.149505615234,1397915.8828125,152049.296875,1,1183,1
225.015809605361,225.015487670898,225.015975952148,491.391204833984,485.548522949219,499.024841308594,2368948.90332031,150423.25,1,1184,1
409.941416408573,409.939331054688,409.942077636719,445.556518554688,440.876831054688,451.41748046875,1840645.95898438,150119.390625,1,1185,1
116.07065110608,116.07054901123,116.07071685791,691.027038574219,687.069763183594,697.655029296875,2274946.28515625,149377.96875,1,1186,1
211.118974977235,211.11865234375,211.119232177734,80.6552658081055,78.4957733154297,86.8215026855469,1871614.86328125,148887.71875,1,1187,1
102.127829403163,102.127807617188,102.127838134766,814.159240722656,813.696716308594,816.009399414062,763786.1796875,148681.703125,1,1188,1
102.127771387014,102.127708435059,102.127838134766,802.137329101562,798.476745605469,809.995361328125,3300642.1796875,148357.03125,1,1189,1
166.097306329959,166.097137451172,166.097518920898,207.584243774414,206.26530456543,219.455352783203,3717205.640625,147372.890625,1,1190,1
130.086314112142,130.086135864258,130.086410522461,667.902404785156,659.47607421875,675.452880859375,3098820.97851562,147065.3125,1,1191,1
486.362134934429,486.361358642578,486.362823486328,51.7027893066406,50.0028991699219,57.6677780151367,1736124.41796875,145848.75,1,1192,1
122.096452395084,122.096336364746,122.096534729004,158.365295410156,153.260772705078,160.48469543457,2095614.59375,142117.625,1,1193,1
85.0478083645075,85.0476913452148,85.0479965209961,395.719421386719,386.732635498047,404.529449462891,2506842.97412109,141418.375,1,1194,1
270.154582995765,270.154357910156,270.15478515625,78.0594940185547,74.5447311401367,79.3578338623047,851101.740234375,140999.03125,1,1195,1
331.153260189529,331.152587890625,331.153747558594,362.300201416016,354.545349121094,376.048950195312,2715607.11279297,139373.921875,1,1196,1
320.091009691035,320.090667724609,320.09130859375,362.300201416016,357.607421875,369.350616455078,1872789.93359375,128870.6171875,1,1197,1
434.985529465514,434.985046386719,434.985961914062,532.413513183594,527.998718261719,540.392517089844,1923377.35302734,138311.921875,1,1198,1
114.063075367201,114.062942504883,114.063201904297,52.1220588684082,51.7027893066406,56.8146324157715,928830.02734375,137739.34375,1,1199,1
194.138755367259,194.138488769531,194.138916015625,67.5506896972656,65.8133773803711,74.1126174926758,1449362.84179688,137683.15625,1,1200,1
102.05500653238,102.054824829102,102.055137634277,268.932189941406,261.989929199219,279.482513427734,2566138.71972656,137059.53125,1,1201,1
263.013027631711,263.012603759766,263.013641357422,435.029541015625,429.199920654297,441.771636962891,1989941.04223633,136031.46875,1,1202,1
243.02636338377,243.02619934082,243.026580810547,463.620300292969,458.750091552734,469.426452636719,1852949.671875,135733.9375,1,1203,1
98.9842099825184,98.9839630126953,98.9843292236328,491.839294433594,478.383880615234,505.273681640625,2049494.54980469,134948.328125,1,1204,1
130.159054194436,130.158905029297,130.159149169922,792.99853515625,790.739318847656,803.982604980469,3470716.46875,134050.125,1,1205,1
130.159086202035,130.158966064453,130.159194946289,814.159240722656,811.849731445312,822.005126953125,2657207.078125,133531.78125,1,1206,1
206.15197455905,206.151840209961,206.152145385742,538.179504394531,533.304138183594,545.275329589844,2451271.046875,132890.296875,1,1207,1
131.049153749605,131.048980712891,131.049331665039,215.010971069336,207.584243774414,226.032318115234,2962146.55175781,131764.8125,1,1208,1
336.894090577841,336.893829345703,336.894775390625,446.908905029297,438.975769042969,452.312469482422,2618123.59960938,131498.390625,1,1209,1
428.275564316662,428.275146484375,428.275939941406,958.206481933594,953.250854492188,959.986511230469,1294667.97265625,129283.9765625,1,1210,1
325.849113413118,325.8486328125,325.849395751953,60.6831665039062,55.1068077087402,62.3895454406738,1447525.54296875,128367.7109375,1,1211,1
190.097520689698,190.097320556641,190.097702026367,724.537353515625,698.104736328125,725.883666992188,4831484.13085938,127099.6484375,1,1212,1
210.098595673222,210.098297119141,210.098999023438,138.055450439453,127.083084106445,149.387954711914,3264238.76757812,126508.2890625,1,1213,1
127.08659501615,127.086387634277,127.086814880371,99.0044250488281,86.3903121948242,110.795845031738,3500343.95996094,126101.703125,1,1214,1
168.113111055164,168.112854003906,168.113265991211,295.534515380859,287.676727294922,303.086883544922,2349052.33007812,125314.609375,1,1215,1
370.052459880005,370.052124023438,370.053070068359,381.324188232422,376.493988037109,388.535186767578,1699071.15136719,123895.8125,1,1216,1
354.12307946022,354.122711181641,354.123443603516,464.519134521484,452.759582519531,472.572845458984,2986135.65722656,121792.3359375,1,1217,1
138.054974662686,138.054794311523,138.055145263672,441.324096679688,436.341033935547,448.255432128906,1530909.04296875,121002.6484375,1,1218,1
252.882888108719,252.882522583008,252.883117675781,833.592102050781,822.005126953125,846.743530273438,3399886.85058594,120757.578125,1,1219,1
203.052594898875,203.052398681641,203.052810668945,375.614654541016,369.799713134766,383.562042236328,1921096.15136719,119901.515625,1,1220,1
424.102356881211,424.101928710938,424.102966308594,563.956665039062,561.721130371094,570.190185546875,1361152.83105469,119764.65625,1,1221,1
249.053854797232,249.053527832031,249.054061889648,414.881164550781,406.292083740234,420.645477294922,1873123.74414062,119577.7421875,1,1222,1
159.084581446945,159.084396362305,159.084991455078,259.819091796875,251.911819458008,266.32470703125,1931134.88183594,118966.9765625,1,1223,1
519.179277411796,519.178649902344,519.180053710938,385.832733154297,382.668121337891,391.275177001953,1432256.75976562,114641.140625,1,1224,1
289.150592946564,289.150177001953,289.1513671875,433.688568115234,427.771942138672,438.975769042969,1458223.94238281,112903.359375,1,1225,1
